52693 182 99 110 252 11 111 162 28544 12 561 14 87 6 339 389 183 34 5 10 14 0 16 6 110 8 7 13 163 5 442 186 746 10 5 2 19 0 4 1 7 0 2 1 5 1 11 11 104 10 2 0 19 0 2 1 355 2 14 21 577 6 225 103 231 22 16 19 36 0 6 9 10 0 2 0 5 0 8 6 9 0 0 1 2 0 0 1 19 0 1 0 5 0 6 1 100 13 4 8 11 0 1 1 11 0 1 0 21 1 10 8 175 5 1 4 7 0 2 0 671 9 20 11 251 5 90 32 62 102 13 369 8 13 10 649 11 1 4 25 3 3 17 228 7 7 1 10 0 1 1 3 2 3 2 14 3 5 12 88 10 9 0 14 2 1 2 14 1 1 2 4 0 1 2 23 9 15 0 17 3 0 2 10 18 12 5 145 23 18 24 320 102 162 7 661 6 4 12 231 4 3 1 17 4 2 20 96 12 2 0 3 1 0 0 3 7 3 1 11 2 1 9 30 240 379 19 251 8 5 16 92 17 9 2 31 13 5 67 207 347 154 5 87 4 2 6 27 250 101 27 290 80 31 204 811 80196 239 177 131 251 30 121 121 160 23 17 28 101 22 225 273 269 41 24 10 27 5 21 4 136 2 27 18 130 11 329 172 154 19 12 5 52 2 6 4 23 0 4 1 23 2 10 15 123 13 4 2 24 0 5 3 231 19 9 17 398 26 177 115 263 21 37 19 40 3 15 12 35 2 3 1 15 2 36 31 20 1 0 1 4 0 1 0 20 1 5 2 6 0 16 9 106 16 15 4 20 2 4 2 26 1 1 2 31 2 21 13 136 8 6 7 11 1 4 2 510 38 15 31 199 9 107 84 141 121 12 268 29 16 28 485 5 5 3 17 9 7 19 180 13 13 6 15 1 4 1 36 7 2 2 24 7 5 20 109 21 19 6 19 1 4 3 26 2 2 1 5 0 3 8 29 12 20 3 36 3 1 2 37 16 20 7 142 22 38 32 365 104 148 30 505 12 14 28 204 3 10 2 16 7 1 22 98 10 11 0 19 2 2 0 8 8 6 3 32 2 5 25 83 161 270 12 139 16 13 15 98 10 14 2 31 16 17 70 216 265 140 11 113 12 12 9 76 151 116 13 401 113 108 256 1011 65261 270 239 177 282 28 110 105 226 27 35 32 121 18 180 217 286 45 30 9 41 11 15 22 161 26 33 16 104 20 190 143 2037 36 20 19 55 6 13 11 31 3 5 7 19 7 21 15 144 26 10 10 23 5 7 5 157 34 23 33 263 49 106 122 240 19 44 23 51 3 30 23 42 9 8 9 36 2 40 25 26 1 2 3 5 1 4 0 24 6 13 14 19 6 29 19 109 20 11 6 25 1 10 3 34 8 3 3 28 4 18 22 149 11 16 8 12 3 10 4 376 45 22 49 140 28 110 109 475 147 33 227 44 20 44 366 15 8 2 18 11 4 15 136 31 21 3 20 6 2 6 43 10 13 8 30 10 11 28 109 10662 23 10 22 7 9 8 29 6 2 0 8 9 4 9 29 39 18 6 29 7 2 4 54 21 23 6 133 29 43 34 445 112 136 45 347 20 14 49 161 11 9 3 18 8 9 22 110 10 6 2 43 0 2 1 19 6 13 2 48 3 8 29 94 129 160 21 88 32 29 17 92 20 16 2 29 21 33 91 199 151 113 13 125 35 31 8 110 106 111 29 402 98 159 280 1233 0
52851 155 111 110 251 16 116 226 28598 15 556 5 123 13 196 348 164 20 9 2 16 0 5 10 112 2 8 10 208 1 263 106 766 6 10 5 12 0 8 5 27 3 1 2 11 2 18 18 108 6 6 0 14 0 6 1 407 7 26 14 665 7 264 96 216 12 9 20 28 0 5 8 17 0 1 0 12 0 6 3 27 0 0 0 2 0 0 0 21 0 1 1 8 0 3 5 118 9 8 3 10 0 3 0 16 0 1 2 5 0 13 6 207 1 4 3 6 1 3 1 617 5 24 20 222 3 95 40 90 99 12 428 17 18 9 684 30 9 7 31 3 7 10 330 8 6 1 8 0 0 0 2 7 2 0 15 6 2 10 84 8 6 3 27 1 4 0 18 2 3 2 5 1 1 1 30 5 11 0 16 3 0 1 12 12 17 1 107 32 13 29 313 128 189 16 550 11 7 15 218 6 2 1 26 3 4 8 75 18 9 1 5 1 0 0 3 4 1 1 10 4 3 5 30 187 225 14 240 5 5 12 87 15 12 1 35 7 5 47 148 312 119 12 113 4 2 7 41 311 95 37 301 110 30 149 857 80276 192 189 143 268 28 131 154 168 25 21 8 131 19 123 277 194 18 9 10 23 4 9 5 145 3 14 6 154 10 185 101 188 11 9 5 30 1 5 6 21 0 2 3 26 3 13 15 127 10 6 4 27 0 14 8 347 10 31 26 531 27 166 130 269 23 45 22 40 0 11 12 34 2 2 6 12 3 16 11 18 4 0 2 3 1 0 0 34 5 6 2 11 0 7 10 132 13 7 14 13 1 12 4 23 0 5 2 16 0 17 12 153 7 5 6 11 0 3 9 509 26 35 52 244 8 122 93 224 141 27 378 31 28 24 601 11 5 2 18 8 7 9 183 29 10 1 12 0 3 1 20 10 5 1 18 9 5 11 125 10 15 5 19 1 5 0 25 1 1 0 6 3 0 6 36 8 13 3 15 5 1 6 44 31 29 5 92 23 32 34 339 136 122 26 430 28 16 8 187 8 8 1 42 5 6 14 86 15 20 3 40 2 1 1 13 3 9 2 43 6 4 14 75 144 154 9 157 16 16 13 120 10 11 7 29 13 17 36 167 228 124 13 137 13 4 11 85 185 120 27 313 106 81 142 1074 64983 239 301 182 239 37 134 152 279 37 15 18 138 23 111 184 217 17 13 11 21 3 19 14 174 6 19 4 140 11 118 89 2101 31 17 8 43 3 18 24 36 3 3 4 19 0 12 25 169 9 12 14 35 4 8 16 333 20 28 23 431 37 123 124 305 31 48 31 51 5 15 10 44 3 12 3 20 2 9 18 24 5 1 4 5 1 1 4 48 5 9 6 15 4 14 19 160 13 8 12 19 1 12 9 30 4 4 6 15 5 14 27 104 10 10 12 15 2 21 12 377 28 48 44 241 23 136 143 616 198 57 324 55 51 47 515 25 12 1 26 10 15 12 152 42 8 5 19 2 4 2 29 8 12 4 22 17 15 14 104 10625 22 8 15 0 3 6 40 5 5 1 11 7 4 8 43 25 16 3 29 5 4 7 36 27 23 7 98 31 46 42 341 150 99 22 302 15 18 22 169 10 11 4 35 10 10 12 111 18 15 3 48 1 3 2 22 6 11 4 45 8 13 20 111 118 108 15 141 18 24 11 120 19 18 7 26 14 16 43 157 172 97 16 144 20 21 24 142 149 119 36 337 109 126 149 1134 0
53914 117 136 111 182 9 96 156 29947 11 592 6 99 9 243 238 124 13 4 2 8 0 4 5 94 3 6 8 157 2 198 88 759 5 4 8 9 0 2 4 33 1 2 0 15 0 8 14 104 5 0 2 15 0 2 0 472 12 17 16 406 1 188 63 199 6 5 5 37 0 13 4 10 0 0 1 3 0 8 4 14 0 0 1 0 0 0 0 10 0 2 1 5 0 5 2 85 7 1 3 9 0 3 0 13 1 0 2 14 0 7 5 158 1 2 2 3 0 3 1 406 4 20 14 200 4 66 28 112 105 21 475 10 11 11 409 22 6 2 25 2 2 19 194 2 4 0 7 0 1 0 4 2 3 0 23 3 3 14 50 3 6 0 21 0 0 0 15 2 0 0 1 0 0 2 20 11 5 0 12 0 0 0 7 21 18 4 172 14 11 30 312 99 160 9 428 11 1 15 208 3 3 1 19 4 2 11 83 11 3 2 8 0 0 0 4 5 2 1 15 1 1 3 33 169 180 18 197 8 4 10 56 28 8 2 33 14 5 47 150 198 77 14 78 5 2 3 37 209 78 28 337 74 21 184 721 82568 152 169 129 171 17 109 116 150 11 13 15 130 9 162 182 145 11 6 4 19 0 10 6 122 6 19 7 138 7 149 72 150 7 5 9 19 2 4 3 36 5 2 2 25 7 14 8 126 13 6 7 24 3 6 6 383 20 17 22 355 27 119 80 189 30 12 20 33 3 10 7 22 2 1 2 14 0 16 10 27 2 2 1 2 0 0 0 20 0 0 2 7 0 4 6 104 5 5 7 14 1 8 2 24 3 2 4 16 1 10 17 118 6 3 9 7 0 4 6 442 16 28 28 202 14 81 71 139 136 51 479 21 17 38 387 5 6 2 20 2 4 10 109 15 4 4 25 2 2 2 26 5 4 2 18 10 4 10 62 15 12 1 18 1 1 3 23 4 3 0 9 1 4 3 24 15 8 2 22 4 0 1 30 26 24 5 144 23 22 26 310 105 110 23 397 8 9 13 221 5 5 2 26 6 6 11 99 11 6 3 39 1 0 2 13 3 6 3 26 4 4 15 56 163 123 9 138 14 6 14 87 7 16 6 35 12 10 36 150 127 79 9 97 12 4 7 61 128 84 48 320 80 82 177 914 67334 133 187 134 175 29 117 133 171 21 26 18 144 10 147 117 144 11 9 9 29 9 11 14 143 9 18 10 103 9 126 66 1998 16 14 11 20 5 2 4 57 4 3 4 18 4 23 17 110 12 6 9 11 6 3 8 349 33 28 19 328 40 107 76 203 25 14 23 28 3 19 8 31 3 4 2 21 4 7 17 27 5 1 2 6 0 6 3 17 1 2 1 10 2 5 18 103 11 10 8 13 1 9 9 20 2 5 6 13 8 13 29 120 12 10 14 10 7 4 9 390 58 35 63 185 24 94 104 477 142 53 455 27 24 23 347 7 9 0 24 8 5 15 94 7 11 3 35 2 5 1 30 6 9 4 25 7 9 13 73 10911 15 8 21 4 5 2 27 9 5 1 15 5 4 4 36 26 9 2 29 2 3 0 49 25 28 9 147 20 47 30 270 116 104 36 361 14 12 13 210 7 13 1 24 5 8 7 78 12 10 6 60 3 5 6 27 5 6 1 66 8 9 15 94 127 110 14 98 5 20 12 85 12 13 6 43 14 17 34 144 107 59 13 84 24 11 21 94 83 85 36 327 71 108 149 1000 0
53265 141 125 132 176 11 147 214 28634 3 553 5 137 6 272 251 123 28 9 8 8 0 7 4 125 4 11 4 243 4 309 110 747 6 8 1 4 1 8 5 16 1 0 0 18 1 20 10 131 4 1 2 11 0 6 2 486 7 24 21 562 5 223 96 140 6 9 11 23 0 4 2 8 0 0 0 10 0 6 5 8 0 1 0 0 0 0 0 9 0 0 0 8 0 1 4 86 8 5 1 10 0 5 3 14 0 1 0 12 1 19 3 172 6 8 4 2 0 2 2 650 0 29 8 183 1 125 35 85 110 21 551 13 9 14 652 3 6 2 37 8 5 18 230 9 8 0 9 0 1 1 5 6 5 0 20 4 4 23 80 11 6 1 18 1 0 3 28 1 2 0 4 1 0 1 43 9 3 2 22 0 0 0 14 31 16 5 169 24 12 35 328 105 169 10 516 5 3 14 243 7 8 2 36 6 3 16 91 4 2 3 7 0 0 0 2 4 3 0 11 4 2 6 24 208 239 18 202 7 1 10 89 20 16 2 42 12 3 69 211 225 93 19 59 5 1 6 17 194 64 36 337 86 20 195 829 81162 162 125 109 235 24 140 128 106 14 30 14 127 13 204 149 158 27 10 12 11 3 12 10 101 10 28 18 165 8 207 100 107 18 1 7 21 1 12 16 27 3 3 5 28 2 18 17 99 8 10 7 19 0 12 9 316 30 29 35 434 25 152 93 186 6 16 10 42 3 17 19 19 2 3 2 14 2 20 8 7 3 1 1 2 1 1 1 14 1 3 8 5 0 12 18 89 2 8 5 10 0 12 5 37 6 3 0 21 1 22 17 93 10 6 7 10 0 5 6 502 20 41 44 197 16 120 100 133 107 34 385 24 14 30 599 6 8 2 27 21 9 20 143 15 11 3 20 2 0 2 17 8 5 1 26 11 8 26 100 13 21 2 22 1 1 4 31 1 1 0 15 2 3 6 31 11 6 3 18 2 0 5 66 21 35 9 221 27 52 44 446 89 92 33 417 19 19 21 245 5 4 5 38 9 3 19 99 9 9 1 20 0 0 1 14 4 8 2 48 7 5 19 112 119 159 14 120 14 11 9 85 9 12 6 33 25 18 60 205 146 84 12 68 6 2 14 78 111 73 22 348 92 81 208 1131 66722 157 124 86 281 24 102 103 124 20 32 32 90 12 151 115 164 32 23 22 22 1 14 17 90 21 31 26 118 17 150 73 1971 24 14 13 35 3 17 11 42 11 4 3 30 5 30 18 86 18 9 8 26 3 13 11 200 41 27 37 322 52 124 99 173 14 22 20 68 3 25 25 24 2 9 8 31 1 37 20 13 5 2 2 12 0 4 6 21 6 9 4 23 2 38 20 65 3 9 9 22 5 10 11 43 3 0 3 37 4 19 27 66 7 8 9 11 2 9 14 325 61 44 71 171 35 127 160 445 117 40 249 39 32 60 410 16 11 2 38 27 11 23 104 19 13 12 55 2 2 8 68 7 8 4 40 8 12 23 110 10490 21 8 28 2 5 4 29 2 3 2 14 5 12 8 35 14 9 3 30 7 1 7 88 27 27 22 241 30 70 53 525 87 81 27 331 24 15 22 183 7 6 5 40 15 13 24 89 4 4 6 55 3 7 5 40 6 8 6 63 12 21 32 131 87 117 12 110 12 20 14 90 6 6 7 37 21 22 61 179 93 66 9 78 7 19 13 92 91 68 25 371 95 95 216 1274 0
53060 84 142 85 197 11 102 209 29033 2 570 7 123 3 218 194 85 9 3 4 11 0 9 0 112 2 7 3 188 2 227 76 775 1 8 2 19 0 6 5 35 0 2 0 10 0 6 9 101 1 0 2 16 0 1 0 730 8 26 9 878 4 217 63 214 13 15 12 25 0 6 6 6 0 0 1 9 0 2 2 8 0 1 0 1 0 0 1 9 0 1 1 8 0 1 0 94 8 4 2 9 0 4 2 13 0 0 0 6 0 8 7 218 0 5 1 10 0 3 1 998 3 12 8 188 1 54 23 100 93 22 634 12 19 10 708 17 5 0 32 2 1 11 247 1 2 0 3 0 0 0 3 1 3 0 9 4 3 8 54 10 6 0 18 2 0 2 27 1 0 0 3 2 0 2 25 8 5 0 8 0 1 2 11 12 16 2 113 23 8 28 244 90 172 16 780 6 7 11 193 2 4 0 14 0 2 5 63 8 4 0 4 1 0 0 5 3 2 0 13 1 0 4 21 186 187 8 195 0 0 7 47 18 6 3 32 3 7 39 113 235 74 9 69 2 0 2 26 283 83 20 300 58 20 110 624 80600 89 227 145 213 23 112 175 229 9 14 13 115 13 170 182 97 10 5 1 13 2 7 7 132 1 5 4 164 2 214 78 173 13 4 5 51 1 7 3 39 0 2 1 35 0 14 5 141 5 6 7 43 1 6 1 624 14 20 10 800 6 135 77 234 13 44 17 44 6 12 4 30 1 3 0 14 0 10 4 23 2 2 2 3 0 1 0 18 0 0 1 13 1 9 4 104 12 5 3 14 0 7 1 26 0 2 1 17 1 7 6 144 7 3 2 8 1 7 4 1041 23 33 31 227 18 68 79 189 133 38 604 42 44 32 724 3 5 0 7 6 5 8 126 3 4 0 12 0 1 2 15 5 3 0 14 3 5 7 53 8 11 0 18 1 1 0 35 2 0 3 5 0 2 3 25 14 4 1 17 0 0 1 35 16 17 7 91 36 48 13 260 80 100 28 706 12 11 15 195 4 5 2 24 1 4 6 68 8 4 1 25 2 2 1 7 6 6 1 41 4 4 8 57 133 134 6 113 6 8 8 70 9 10 0 22 5 11 29 91 176 92 7 93 10 1 12 72 174 105 22 326 62 58 97 832 65087 137 305 187 207 20 116 170 330 8 17 10 166 12 156 130 118 8 6 1 18 3 7 5 203 5 13 3 173 3 168 86 2095 7 2 1 89 5 16 6 74 3 7 0 43 1 14 7 187 4 4 8 66 1 7 5 584 21 35 18 637 25 104 75 251 16 58 21 45 7 16 19 38 2 2 3 12 0 8 18 14 2 4 2 1 1 1 1 24 2 7 3 15 2 12 6 104 10 9 3 18 3 9 4 36 3 2 5 17 2 7 8 122 6 4 2 12 1 6 7 937 37 46 42 229 31 90 121 581 182 70 623 80 43 32 629 10 6 3 13 8 4 4 97 17 12 1 20 5 2 1 22 3 4 1 2 6 3 9 48 10743 15 4 16 1 2 3 45 3 2 1 5 2 3 0 23 17 19 1 19 3 6 2 62 26 16 3 87 27 67 22 245 88 98 17 580 17 11 24 220 4 10 3 22 3 3 5 72 14 6 4 33 2 1 2 8 2 3 4 69 4 7 8 109 119 113 16 81 11 19 10 67 11 7 3 21 12 8 17 81 104 84 11 96 16 9 15 146 159 98 20 338 76 122 108 907 0
53504 197 78 88 97 9 80 144 29595 10 576 13 83 14 599 628 193 60 8 8 6 0 9 1 96 8 17 11 101 3 492 237 721 8 2 6 5 1 2 4 22 2 1 1 7 1 28 30 93 6 2 2 5 0 3 0 266 2 13 13 181 2 155 58 107 8 5 3 17 0 5 4 7 0 0 0 1 0 11 5 13 1 0 0 0 0 0 1 9 0 1 1 2 0 4 3 94 13 4 5 6 0 2 1 6 0 1 2 7 1 18 17 125 4 2 1 7 0 3 0 241 2 11 4 85 1 62 17 105 102 13 240 2 3 13 239 2 5 0 7 1 2 15 182 13 11 1 7 0 0 1 1 4 4 0 6 5 3 11 64 16 17 2 22 0 1 2 13 1 3 1 4 0 0 3 28 19 12 0 13 1 1 1 2 14 12 2 63 7 5 32 129 90 140 13 226 5 3 11 97 2 3 3 8 6 1 24 54 11 4 0 2 1 0 0 0 2 1 0 5 0 0 7 13 630 576 20 188 10 5 24 61 32 23 6 26 16 8 201 363 595 263 29 73 3 1 9 19 174 62 34 150 61 13 346 718 82157 218 77 87 110 20 72 86 118 14 27 30 102 15 435 603 219 63 26 8 14 5 11 4 74 8 26 18 68 3 490 256 96 11 8 5 11 2 5 4 22 4 4 1 19 2 21 20 70 9 5 4 6 0 7 3 157 11 13 19 159 4 117 77 153 15 7 6 11 1 9 5 12 0 2 1 14 2 25 42 13 2 3 0 0 0 1 1 10 0 2 0 5 0 24 7 91 12 9 6 9 2 4 5 19 1 6 3 4 2 20 38 68 8 7 1 4 0 7 2 217 7 17 8 82 2 77 61 101 118 14 115 18 8 15 199 4 1 2 10 3 6 25 141 23 8 2 7 0 0 1 2 8 3 1 12 10 2 20 79 30 33 2 19 1 1 0 11 4 3 4 3 2 3 10 33 40 20 2 16 3 1 2 11 17 14 3 62 5 11 36 157 91 125 9 222 4 2 6 81 4 6 6 5 5 5 9 54 17 3 1 13 0 0 2 2 6 3 4 10 4 6 29 41 454 512 44 147 34 31 23 78 28 44 9 20 22 27 179 388 594 245 30 78 37 21 39 67 114 71 32 206 73 60 361 844 66132 230 71 73 125 10 70 75 88 27 32 34 90 16 326 488 243 48 17 16 19 7 22 18 64 6 27 20 59 7 492 209 1799 22 13 5 9 2 9 5 27 6 6 1 22 4 31 26 75 13 3 12 14 1 8 5 111 12 21 14 123 9 128 66 151 24 8 11 16 1 12 12 17 2 1 3 9 2 36 67 21 6 2 0 1 0 3 6 16 3 4 3 6 2 28 22 81 26 7 9 6 5 8 10 20 3 2 3 13 1 33 61 77 12 2 3 11 1 4 13 195 24 17 13 85 10 80 97 280 86 17 111 12 10 14 149 12 9 6 5 8 8 30 161 32 16 1 11 0 2 1 12 2 4 3 9 3 1 30 88 12209 49 1 11 5 1 5 9 9 4 5 12 6 2 13 37 52 25 0 20 4 3 4 12 23 14 17 32 13 17 41 138 98 135 23 166 6 4 6 73 4 8 4 5 15 16 26 54 14 16 1 16 2 4 2 16 8 8 6 13 11 12 27 78 367 464 41 150 43 34 19 87 41 31 25 38 20 47 165 428 517 203 45 83 65 41 59 97 140 79 43 190 61 94 376 878 0
53478 84 110 79 180 14 94 92 29330 11 583 13 124 5 342 227 93 14 5 4 6 0 4 0 112 5 11 8 99 1 263 104 794 7 16 5 10 0 8 5 31 0 5 1 18 0 21 20 102 4 3 4 11 0 2 0 675 3 46 13 443 2 333 78 174 9 8 10 60 0 4 4 11 0 0 0 8 0 8 4 9 0 1 0 0 0 0 0 10 1 0 0 2 0 4 0 99 7 4 6 7 0 2 0 10 0 1 0 10 0 12 4 115 2 3 1 1 0 1 1 502 5 21 11 173 1 54 21 99 102 20 550 11 18 13 414 9 7 5 43 9 3 27 286 10 1 0 9 0 0 0 2 8 0 3 24 4 2 10 67 20 9 8 33 0 0 0 26 4 3 0 8 2 1 2 48 9 7 2 23 1 0 1 8 40 18 7 208 22 3 30 334 122 102 17 494 6 1 14 144 7 4 0 13 4 2 16 44 1 2 1 1 0 0 0 0 2 0 0 6 1 0 4 15 291 224 23 291 4 2 16 54 27 14 5 48 14 2 73 165 228 77 9 55 2 0 5 14 302 56 35 328 62 14 200 664 81834 91 77 74 176 13 62 65 91 18 20 14 89 9 209 172 117 14 16 10 20 2 5 4 90 8 14 17 87 6 233 110 144 14 15 4 24 3 12 7 43 1 3 6 27 5 19 13 109 8 8 7 14 0 5 3 454 24 32 24 425 9 242 77 190 12 30 8 21 2 15 4 30 3 2 4 11 0 13 7 18 0 0 2 8 0 1 1 15 0 1 0 8 0 9 4 97 11 16 8 6 0 10 2 44 1 4 4 22 0 8 13 89 3 7 2 7 0 5 5 514 19 22 27 178 5 91 69 95 85 33 371 37 20 36 361 12 7 8 27 7 6 20 208 13 7 2 25 2 0 2 12 12 3 2 28 4 4 16 92 33 32 4 45 3 7 5 36 8 5 4 17 0 5 8 55 25 18 6 24 4 2 6 23 39 31 22 193 44 28 43 381 88 80 38 487 8 6 18 148 8 7 1 30 12 6 14 80 5 4 2 15 0 0 2 4 10 4 1 27 5 5 6 30 194 176 23 173 22 10 23 90 19 18 13 76 13 13 71 209 172 77 16 92 14 5 13 46 220 91 59 402 95 76 199 896 66916 86 102 119 121 26 44 59 97 19 22 11 66 12 135 144 132 21 18 10 16 4 9 13 59 9 22 14 97 10 197 105 1987 26 16 10 26 1 11 6 47 4 8 2 22 2 21 15 133 8 13 7 25 1 4 9 400 31 37 24 383 23 183 79 137 30 38 16 27 0 11 9 30 3 5 3 18 2 17 17 48 2 6 1 4 0 2 1 25 0 7 2 14 0 15 13 86 10 16 10 19 3 5 6 30 4 3 3 23 3 16 16 121 2 17 3 15 0 10 12 528 21 34 32 209 24 93 67 397 94 29 297 58 27 37 324 14 10 5 38 12 6 19 122 25 7 2 29 2 0 6 40 2 19 7 28 7 8 25 104 10801 26 7 38 9 14 5 51 4 6 4 23 2 4 1 79 17 19 3 32 2 5 1 31 57 28 21 170 38 37 66 347 75 85 38 453 9 11 15 168 6 9 1 43 5 8 16 90 8 9 5 41 0 0 3 18 8 3 6 24 3 10 12 75 145 153 25 138 16 20 20 96 42 25 13 58 15 22 70 207 179 101 22 78 9 17 21 81 188 113 58 407 121 93 184 999 0
53520 203 91 128 78 5 105 157 29293 8 582 10 106 7 772 593 165 72 6 9 9 0 11 4 89 5 14 6 112 7 685 326 723 5 4 8 5 0 2 3 17 2 3 1 10 1 23 18 76 13 4 4 5 0 2 0 198 4 22 10 169 3 170 64 82 6 2 4 18 2 4 2 2 0 0 0 1 0 9 4 6 0 0 1 0 0 0 0 7 0 1 0 3 0 4 2 93 2 2 6 3 0 0 3 11 0 3 1 7 0 18 11 110 4 4 2 2 0 2 1 192 2 11 3 94 0 69 24 79 104 26 223 9 5 11 218 5 5 1 16 4 7 26 180 8 10 0 8 0 0 0 2 3 7 0 9 0 0 17 52 30 13 3 15 1 1 2 10 5 2 2 1 0 1 4 27 16 15 1 12 1 0 1 4 14 12 1 58 12 6 28 159 93 163 6 205 3 1 7 83 9 7 1 3 2 1 22 55 5 4 0 1 0 0 0 0 1 2 1 5 0 0 15 20 679 592 37 173 6 7 15 69 37 23 4 22 26 9 216 344 611 276 6 67 2 3 12 24 157 50 27 154 56 10 313 695 81866 340 85 108 119 14 87 126 54 22 27 21 79 12 573 534 235 81 21 16 18 5 13 4 65 11 30 17 95 7 692 270 83 12 6 2 11 1 4 7 14 2 1 2 20 3 16 18 71 11 5 2 4 0 5 5 122 20 12 18 127 9 135 65 128 26 10 8 20 5 12 9 9 3 2 3 3 0 29 19 20 4 0 0 2 1 2 1 7 0 2 2 8 0 32 10 91 11 6 5 6 4 3 6 14 6 3 4 18 0 30 32 88 4 3 2 7 0 2 2 152 12 12 12 90 3 82 51 109 120 14 141 13 9 14 174 5 7 1 10 5 6 18 144 23 16 3 11 0 1 1 12 2 3 3 12 5 7 9 54 31 31 1 10 0 3 1 8 3 4 0 6 1 2 6 23 20 30 4 13 1 0 2 20 14 22 2 74 12 18 29 147 86 88 24 162 4 6 13 111 4 8 0 10 2 3 25 84 15 7 2 7 0 1 1 6 2 4 3 9 5 7 40 48 498 535 16 137 27 37 24 98 28 23 2 33 35 44 182 398 593 228 24 72 36 20 33 47 111 66 29 148 91 45 363 838 65742 349 105 98 158 31 91 81 76 20 41 34 70 28 435 454 281 84 27 18 20 12 14 12 73 6 71 22 73 16 552 249 1773 21 4 6 14 3 6 11 6 5 4 4 35 14 17 33 62 13 6 1 7 0 5 6 76 14 11 16 109 11 102 48 158 41 11 18 7 7 6 9 5 3 4 9 10 3 31 35 25 5 7 1 6 1 1 1 3 0 7 2 4 3 31 21 116 22 8 11 11 3 9 11 18 4 2 5 16 5 42 40 72 15 7 4 4 2 4 6 140 14 9 11 76 12 124 76 295 90 33 117 12 10 16 115 7 9 2 11 7 5 28 129 20 11 5 20 4 3 2 12 4 7 2 14 3 5 14 67 12219 62 6 12 5 7 3 10 3 5 4 4 5 7 25 39 28 20 2 13 1 5 4 16 6 8 11 69 15 15 35 176 107 96 19 135 10 8 13 106 4 3 5 18 10 17 37 100 12 13 10 18 2 0 2 11 4 9 8 23 6 6 40 90 401 496 24 148 34 38 19 108 29 29 9 45 44 39 184 360 554 175 22 72 33 16 25 89 94 61 36 157 100 85 439 978 0
53555 79 136 89 231 9 125 142 29879 4 561 16 122 1 288 226 69 16 6 2 2 1 3 1 78 3 8 6 112 0 191 74 777 3 5 3 17 0 6 2 19 0 2 0 15 1 19 9 108 3 3 2 9 1 0 1 666 3 27 21 476 1 202 67 236 8 13 9 60 0 6 5 10 0 2 0 14 0 2 1 6 1 1 0 1 0 0 0 15 0 1 0 3 0 0 0 120 2 3 1 7 0 3 0 8 0 0 2 8 0 9 3 121 0 2 1 1 0 1 0 476 2 22 10 188 1 40 14 102 90 16 598 15 13 12 587 10 5 2 34 5 3 14 213 1 1 0 3 1 0 0 5 2 3 0 24 3 2 12 58 16 4 0 23 2 2 2 23 1 1 0 9 0 0 0 28 7 9 0 15 1 0 1 10 26 15 6 275 33 19 30 406 112 121 12 456 8 2 11 189 3 4 2 15 0 2 10 41 6 2 0 2 0 0 0 4 1 0 0 4 4 0 4 12 257 188 14 209 7 0 6 34 21 7 4 26 11 4 55 125 159 53 8 54 1 0 4 25 212 54 20 341 42 14 126 668 82210 143 123 105 402 6 98 127 121 9 20 12 100 4 175 223 129 12 6 6 15 0 12 5 81 5 12 4 81 7 166 88 134 13 9 6 34 3 2 3 39 1 3 1 31 0 16 19 105 4 3 3 23 2 5 3 396 22 23 15 447 25 137 72 273 17 38 10 63 0 12 9 33 5 4 3 8 0 12 4 14 1 1 0 0 0 0 0 13 1 1 2 1 0 6 1 120 8 8 11 9 1 8 4 53 2 3 0 19 2 21 16 111 5 6 2 6 0 5 3 389 45 15 44 112 5 58 46 114 89 32 400 20 16 43 495 8 5 3 21 3 6 14 160 9 10 0 14 6 0 2 36 5 6 2 31 9 5 12 79 28 22 1 22 6 4 6 24 3 2 0 12 3 2 3 24 18 9 4 24 8 6 6 52 33 35 12 210 28 34 37 508 111 128 26 412 12 7 12 144 7 3 0 16 3 0 16 61 14 3 6 26 1 1 0 7 1 1 0 29 2 4 18 58 173 161 8 141 4 8 7 51 27 15 4 21 13 16 74 139 132 49 15 75 14 6 18 39 138 64 36 398 54 47 142 902 66874 205 126 125 389 38 78 138 149 8 18 12 95 20 126 185 235 17 23 13 28 5 11 7 124 3 12 10 71 7 114 101 1963 28 11 9 44 3 8 9 43 3 1 1 40 3 12 15 128 5 11 13 28 4 11 12 299 20 40 29 337 20 140 78 316 32 37 14 67 8 18 8 38 5 6 4 16 0 14 12 35 3 1 5 9 3 1 0 16 1 6 4 8 0 21 6 122 9 20 3 21 6 13 8 34 2 5 5 10 0 22 17 126 5 4 6 6 0 1 5 283 28 28 48 108 15 71 51 420 102 44 319 38 23 47 393 17 6 2 29 11 5 22 174 27 7 5 18 1 3 6 21 5 7 3 31 8 17 12 85 10922 31 1 43 0 14 0 24 1 5 6 27 7 7 10 44 18 22 3 26 9 5 6 53 36 41 31 169 52 45 65 473 95 105 41 326 18 10 22 114 8 4 5 36 9 5 23 83 6 9 2 22 6 3 1 17 11 5 4 34 6 6 17 61 129 140 16 141 16 13 9 65 22 16 7 44 9 22 54 143 131 72 10 65 10 10 21 52 169 78 50 369 58 74 198 1002 0
53409 84 121 102 190 16 87 92 29391 4 585 6 98 7 342 244 90 12 4 6 6 0 3 1 86 6 13 5 77 5 288 96 801 9 16 2 15 1 9 4 33 0 6 1 18 0 28 18 100 1 4 3 8 0 2 0 722 10 31 10 481 4 283 54 186 8 12 14 48 1 4 1 15 0 1 1 8 0 4 3 8 0 0 0 1 0 0 0 15 0 0 0 4 0 2 1 106 5 5 3 8 0 4 3 23 0 0 0 11 2 6 3 102 1 5 5 2 0 1 0 519 3 24 5 131 1 53 9 125 93 16 583 15 12 6 484 10 6 5 28 4 2 28 284 8 6 0 7 0 0 0 1 1 0 1 16 7 1 6 49 17 8 5 32 2 1 1 23 3 1 1 12 1 0 4 34 15 7 4 14 1 0 1 5 48 10 7 208 15 9 28 343 106 106 13 504 4 1 18 140 4 2 1 11 3 0 12 62 4 2 2 1 0 0 0 0 1 0 1 5 1 1 1 11 337 193 20 303 3 2 12 58 25 8 5 43 8 0 90 161 227 85 9 67 4 0 3 11 298 62 41 361 67 12 170 623 81825 112 91 79 168 15 86 66 90 12 18 13 68 8 198 190 112 18 19 5 21 1 4 3 79 4 14 9 60 2 249 110 125 11 8 8 21 4 6 8 39 4 8 2 37 2 26 15 106 5 2 7 18 0 4 2 483 12 26 24 444 16 197 79 181 16 23 10 43 4 10 5 22 2 0 9 10 0 16 7 25 1 0 0 9 0 0 0 11 0 1 0 10 0 7 5 117 7 9 4 16 0 6 2 40 3 1 2 20 1 10 4 100 6 5 3 7 0 3 3 535 22 25 18 191 9 89 57 106 88 38 386 31 11 31 393 20 13 5 32 7 4 20 222 21 9 3 15 3 0 2 14 3 5 2 25 9 2 8 95 37 22 6 40 4 6 8 26 8 3 0 13 6 2 6 52 16 12 5 34 4 0 6 25 48 29 18 216 32 24 40 335 90 83 36 481 11 5 15 174 10 4 2 22 5 1 12 84 7 3 1 15 1 0 3 7 8 2 2 20 1 4 12 35 190 197 32 201 8 5 10 102 39 16 15 60 18 6 79 178 171 85 21 90 8 5 13 60 258 118 50 411 99 49 190 850 66906 102 97 98 126 24 76 68 95 25 15 14 56 6 137 164 103 19 15 6 14 0 6 6 71 17 22 13 73 4 185 125 1973 19 7 10 24 2 12 15 39 0 2 7 21 0 16 18 128 10 10 10 16 0 4 5 427 23 31 26 397 24 200 78 127 31 40 23 41 0 11 2 25 1 2 3 10 2 21 13 38 0 7 1 8 0 2 2 26 1 7 2 9 1 17 9 96 18 14 6 9 2 10 8 40 2 0 3 23 4 12 17 122 8 10 2 22 5 5 11 531 26 27 24 232 23 76 81 410 97 47 322 52 30 33 333 19 16 6 38 7 6 22 152 23 10 2 43 2 0 3 25 4 9 5 34 7 5 25 121 10805 23 8 31 7 12 3 50 7 8 5 19 1 7 8 58 22 19 6 33 0 1 1 38 44 23 23 192 36 38 49 289 70 90 39 434 12 5 16 198 6 14 2 40 7 4 22 88 11 6 2 24 1 0 0 15 6 6 8 27 7 8 8 69 177 158 27 166 14 8 11 112 28 19 9 56 12 15 75 185 187 112 22 94 8 14 17 101 238 112 71 401 128 97 165 913 0
52522 108 102 95 237 11 109 179 28230 8 561 5 127 10 191 257 113 24 4 8 14 1 7 3 101 2 6 6 190 2 254 77 790 8 9 6 13 0 3 4 17 1 1 0 13 0 29 8 123 4 2 3 17 0 3 2 577 8 27 18 944 5 300 91 263 7 24 9 33 0 4 4 11 1 0 1 7 0 4 3 13 0 0 0 1 0 1 0 14 0 1 1 3 0 1 3 114 4 4 2 8 1 1 1 14 0 1 1 11 2 7 6 174 2 3 6 8 2 3 0 749 6 23 10 245 1 79 18 99 106 16 607 12 15 9 889 6 2 1 24 7 7 20 246 4 2 0 13 0 0 0 1 2 6 1 18 1 2 15 78 5 7 2 26 2 0 0 27 1 1 1 4 0 0 4 28 5 4 0 16 3 0 0 13 26 18 5 159 18 9 45 374 120 190 12 879 7 8 9 219 6 7 0 29 5 1 7 73 3 1 0 8 0 0 0 1 3 1 0 10 0 1 4 19 171 236 12 285 7 4 13 73 15 14 2 33 8 4 77 185 233 84 10 63 2 3 7 25 283 97 36 357 73 25 194 745 79824 125 114 90 356 21 118 106 141 9 16 10 119 8 153 178 143 20 12 6 10 0 5 5 107 4 14 8 107 3 192 91 145 12 8 2 37 3 5 10 35 4 1 2 35 1 10 15 129 5 4 5 31 2 4 8 420 33 26 39 819 39 186 123 337 18 34 18 44 3 14 11 35 4 5 3 8 1 7 9 9 0 3 1 2 0 2 0 20 1 4 2 13 0 8 8 127 5 4 6 11 0 4 4 20 2 0 7 12 1 9 14 99 4 8 8 14 0 4 6 628 44 40 59 242 19 112 85 151 114 29 455 37 18 35 700 5 5 2 25 9 7 12 175 8 7 2 31 3 0 2 37 6 4 2 27 1 9 7 103 7 18 5 25 3 1 1 32 2 1 2 13 0 2 9 37 15 10 2 36 8 3 1 47 28 22 7 168 34 50 30 415 137 113 35 754 13 10 16 219 8 8 4 36 5 6 15 86 11 3 4 35 0 0 0 24 4 5 3 61 5 7 8 68 96 169 20 184 9 7 5 101 12 18 8 28 7 9 55 174 137 79 16 113 10 6 11 66 166 105 33 398 102 86 185 1021 64882 166 128 96 350 16 105 79 174 17 13 12 96 10 112 149 199 15 17 7 17 3 15 13 151 8 29 17 90 7 164 72 2048 17 11 4 78 2 12 6 63 2 4 4 38 5 18 21 144 11 9 12 45 2 4 8 339 29 33 43 669 29 161 124 380 16 56 27 63 4 17 7 48 7 6 7 19 3 13 13 15 6 7 4 9 0 2 6 30 4 7 9 13 5 15 14 110 11 7 6 14 5 4 6 44 5 10 5 24 1 12 13 70 6 5 9 24 1 6 13 479 40 51 68 236 24 108 122 502 120 44 333 63 28 34 506 9 15 4 34 12 8 26 137 26 9 5 34 5 3 7 44 7 9 1 31 9 8 16 126 10620 24 4 48 8 3 5 41 1 1 0 13 3 4 12 38 14 11 7 40 7 10 10 59 29 33 15 160 44 73 45 446 134 101 40 614 21 18 22 241 9 9 7 58 7 6 16 79 5 7 2 38 3 1 5 18 11 3 3 74 10 16 15 104 69 129 19 178 12 16 6 118 5 6 6 41 4 12 39 185 103 73 10 108 14 12 11 112 122 117 38 450 115 128 194 1177 0
52924 167 111 117 248 12 106 203 28707 11 563 8 108 14 191 225 134 16 10 7 9 1 11 7 141 9 11 14 136 4 238 99 780 5 6 9 18 1 5 10 38 1 2 2 14 1 12 13 104 5 4 2 13 0 2 7 467 8 15 11 623 4 240 77 193 15 6 9 36 1 8 5 13 0 1 2 7 0 4 2 22 0 2 0 0 0 1 1 12 0 0 0 2 0 8 0 109 13 6 3 6 2 5 4 9 1 1 2 10 1 9 9 183 2 8 4 6 0 0 1 655 4 30 13 212 2 87 24 109 120 20 524 14 12 10 656 8 6 1 24 8 9 15 234 7 6 2 9 1 0 0 4 4 4 0 7 5 1 22 69 9 7 1 17 0 2 1 26 1 0 0 7 4 2 4 37 9 12 3 22 2 2 2 14 18 16 3 130 39 11 31 353 111 179 11 593 8 5 9 238 6 10 2 27 7 2 7 84 11 2 2 5 0 0 0 5 8 7 0 14 4 2 10 34 236 263 17 240 8 4 12 75 27 16 0 44 15 7 44 203 233 86 16 92 3 3 9 32 284 73 31 343 71 31 190 877 80658 149 165 92 303 28 106 131 180 14 19 9 123 10 131 169 163 40 27 14 17 1 13 6 88 8 15 8 103 5 172 106 168 16 10 12 43 0 10 10 39 1 4 2 23 4 17 22 113 11 8 9 16 0 5 5 318 31 16 15 510 26 154 103 271 27 33 21 38 1 13 5 36 0 4 2 9 0 10 10 20 4 1 1 3 0 1 2 27 4 5 2 12 1 8 10 108 12 16 11 17 0 6 7 32 4 3 1 20 3 12 11 120 12 6 9 10 1 6 11 522 34 27 57 208 13 70 94 165 117 43 368 39 22 25 544 9 9 2 15 10 3 10 159 9 10 2 19 1 2 3 30 6 7 5 24 3 2 16 100 24 19 6 18 3 1 4 23 4 2 1 8 3 6 10 37 18 9 1 28 2 1 0 64 22 21 10 164 31 62 31 383 128 120 18 476 19 9 18 229 7 9 6 29 8 6 18 91 6 6 0 31 1 3 4 18 11 5 5 39 4 11 20 83 149 213 10 165 20 14 11 70 18 13 6 34 10 14 34 180 176 101 17 91 11 11 9 87 188 83 37 413 87 85 188 1120 65634 208 216 102 325 15 88 129 230 15 14 10 94 7 139 100 201 35 28 23 19 6 8 17 129 15 26 18 82 11 90 108 2084 33 10 9 48 3 6 11 61 2 3 7 43 3 20 23 111 15 7 19 29 5 7 8 236 27 32 26 384 39 139 100 272 20 66 25 64 3 26 9 68 4 6 5 19 5 30 15 14 5 2 3 6 2 2 1 25 1 6 2 17 0 15 23 95 7 14 8 13 5 12 10 29 2 2 1 21 1 15 27 94 15 10 17 12 1 7 22 421 20 26 76 176 20 90 125 506 108 39 259 55 37 33 412 15 6 4 30 11 9 16 142 20 9 11 39 6 3 5 31 6 16 3 33 6 11 16 105 10735 20 3 25 8 14 3 40 5 2 1 22 3 6 9 45 25 19 5 36 19 9 6 60 19 27 11 148 35 82 39 409 123 117 31 329 18 18 20 191 17 16 4 25 14 14 12 95 11 12 7 42 1 6 4 34 14 8 4 75 16 15 22 115 136 155 20 129 25 20 5 102 21 16 9 32 23 23 44 151 138 84 20 109 18 20 21 144 152 103 32 466 95 106 132 1244 0
52964 170 199 160 226 12 153 215 26226 9 578 20 145 11 352 354 188 26 7 7 16 2 8 5 154 8 7 15 210 7 268 132 898 10 10 5 13 0 3 6 43 0 0 2 13 1 25 15 129 8 3 4 21 1 8 3 901 7 17 19 655 12 197 73 234 12 11 12 39 1 7 4 21 1 2 2 6 0 5 4 11 6 3 1 1 0 0 1 20 0 5 0 6 2 5 0 160 6 7 6 8 0 4 4 18 1 2 4 17 1 24 11 189 4 7 1 8 0 3 3 497 2 13 10 197 0 69 33 187 139 21 835 17 12 16 605 22 16 8 48 6 12 11 175 11 8 0 6 3 1 0 4 4 5 3 16 5 3 20 72 27 11 2 20 3 0 4 29 4 0 0 6 3 2 9 33 12 5 2 15 3 0 2 12 30 20 3 182 18 8 32 332 150 187 19 517 9 7 16 183 6 3 0 22 5 5 12 79 11 10 2 4 0 0 1 5 7 5 3 15 2 1 12 32 640 332 23 166 8 7 13 78 36 14 3 37 14 15 95 232 407 125 16 76 7 4 9 24 194 70 31 339 54 31 211 1068 76780 241 273 250 308 35 168 167 282 28 36 18 190 15 274 289 260 26 26 10 34 5 19 6 205 13 21 22 184 7 204 116 294 22 9 3 34 5 4 12 62 2 1 5 38 9 22 13 207 12 5 2 18 3 3 7 856 17 21 22 734 23 103 76 355 39 27 27 51 8 12 15 35 4 2 3 16 1 23 18 23 5 2 1 8 1 3 1 16 2 4 3 13 2 26 16 192 19 6 4 9 1 3 6 37 7 6 9 18 4 21 25 199 9 3 3 8 3 5 5 447 21 7 29 172 16 89 88 264 196 70 835 39 22 43 656 9 2 1 16 8 5 23 70 20 6 5 13 7 4 2 19 8 4 4 23 6 8 17 68 36 28 7 26 4 5 5 21 3 4 0 10 5 9 10 42 27 21 2 23 6 5 6 34 16 16 10 162 18 28 42 312 188 205 34 491 11 8 17 198 14 5 1 24 4 5 12 77 17 9 3 27 2 2 2 15 6 3 5 34 4 9 20 82 615 301 20 95 8 22 16 83 22 14 10 45 10 26 71 218 417 147 16 87 12 7 25 61 103 79 42 314 71 68 209 1163 61425 268 380 325 363 27 231 163 377 35 41 31 240 21 252 225 304 24 32 7 45 9 25 10 279 8 28 17 219 15 164 106 2106 30 21 15 31 5 16 12 74 4 5 9 49 10 20 16 264 13 10 12 31 2 8 6 847 23 23 21 723 36 111 84 405 38 35 42 50 4 20 17 68 5 1 3 19 2 13 26 31 4 3 7 3 2 2 3 30 1 4 1 14 2 21 18 266 16 11 8 12 7 16 12 32 5 4 4 21 4 26 32 202 14 6 7 20 4 13 10 364 15 17 47 152 22 87 89 593 274 90 828 55 20 53 628 23 5 6 21 14 9 16 105 30 11 8 20 0 2 6 18 10 7 8 22 14 14 19 82 10053 43 6 43 3 13 6 21 4 8 1 7 7 7 10 45 41 24 9 28 4 4 1 22 58 26 11 160 16 48 36 302 244 207 47 412 14 17 32 200 14 10 5 22 5 8 15 92 26 18 8 17 0 1 7 22 10 11 3 53 8 10 11 95 674 274 20 103 15 15 20 85 13 19 12 47 11 21 71 193 362 168 27 92 17 23 24 78 94 86 52 296 71 97 204 1186 0
53050 165 124 107 260 21 130 202 28522 3 560 11 147 12 253 273 155 25 2 8 10 0 9 3 113 1 11 17 231 8 248 103 786 6 3 2 7 1 3 3 26 1 1 0 15 1 14 15 129 4 8 5 30 0 8 9 492 5 12 26 693 12 200 80 259 17 9 12 39 2 8 5 17 0 0 1 9 0 12 3 11 1 1 1 0 0 1 0 12 0 1 0 5 0 0 1 111 8 4 8 8 1 2 2 15 0 2 1 11 0 9 8 218 2 6 2 11 0 2 2 448 4 21 19 192 1 75 29 101 116 13 455 16 14 14 578 20 4 3 64 3 5 13 215 3 3 3 9 1 0 0 7 9 4 2 23 12 2 9 66 9 9 0 23 0 3 1 22 0 2 0 3 1 1 1 34 15 8 0 22 2 2 0 20 24 25 5 154 38 15 30 339 136 197 18 559 11 10 18 197 7 4 2 29 3 3 14 81 13 1 0 3 0 0 0 2 3 7 1 19 1 1 9 27 275 281 14 179 7 2 10 67 22 17 3 27 12 10 52 188 277 95 15 74 4 0 6 40 192 59 29 342 87 26 176 927 80223 210 207 166 329 20 154 157 176 17 11 24 152 13 158 183 232 29 14 13 26 7 9 13 161 10 20 8 169 7 172 73 209 13 8 11 40 1 8 8 34 5 4 6 33 3 11 15 189 2 10 7 14 0 14 8 388 22 32 34 502 31 120 66 303 30 26 19 36 6 16 8 26 4 5 3 12 2 13 20 21 2 2 5 2 0 0 1 14 3 4 3 21 1 8 4 166 9 5 5 13 2 3 6 24 6 4 7 14 3 17 17 135 4 8 12 19 1 8 14 323 22 34 25 193 14 101 84 175 168 46 393 38 19 21 456 3 3 3 16 7 8 17 154 12 7 3 33 1 0 6 20 5 2 1 25 12 6 13 81 14 26 1 20 1 4 3 27 2 4 1 7 3 6 6 23 17 11 0 29 5 5 2 46 19 33 10 163 30 52 30 328 155 149 31 424 21 13 25 169 6 8 1 38 5 4 26 100 13 5 2 27 1 1 6 21 6 13 3 51 6 12 14 96 236 223 12 114 19 14 15 89 22 7 2 34 16 14 47 194 201 86 15 77 12 9 15 99 109 80 31 311 98 111 179 1182 64770 291 333 239 342 36 131 149 263 14 20 22 135 15 106 129 283 29 19 10 47 6 7 4 264 10 20 11 173 7 103 66 2107 26 15 8 40 6 9 12 62 5 3 5 44 7 18 17 219 15 9 6 47 2 12 7 405 41 31 27 351 36 114 63 279 34 34 26 39 8 20 16 28 5 15 8 19 1 21 21 29 4 10 6 8 2 1 4 27 4 11 6 26 3 20 17 144 23 12 11 24 4 10 8 30 6 4 9 30 5 21 22 125 4 7 15 26 3 15 20 219 26 36 47 212 34 102 91 508 197 63 411 42 26 44 351 21 9 5 20 11 10 13 129 28 19 6 29 2 1 4 33 17 9 5 33 13 14 11 77 10706 34 13 33 2 5 4 39 6 7 5 14 6 7 11 23 37 15 2 23 17 3 9 48 16 36 19 175 40 70 44 298 188 124 39 265 17 30 33 179 8 11 5 34 9 9 17 125 9 10 4 25 2 5 7 35 10 9 2 61 11 14 15 134 221 153 12 100 25 31 18 95 15 15 7 32 19 19 64 189 171 78 19 61 27 19 28 111 64 61 37 281 77 152 188 1281 0
52862 132 170 139 178 4 119 202 26905 8 566 6 147 7 339 327 148 16 9 5 9 0 5 4 104 4 8 5 174 2 289 93 812 5 11 8 8 0 3 6 42 2 4 1 13 0 35 14 138 2 4 3 12 0 4 1 880 11 35 24 787 2 358 77 186 7 8 7 29 0 7 1 15 1 0 3 5 0 3 3 11 2 2 0 0 0 0 0 9 0 1 0 3 0 1 1 129 2 5 7 9 0 4 0 20 0 4 3 12 0 13 3 165 5 4 2 1 0 0 0 760 1 21 3 188 3 80 15 153 121 22 791 6 15 21 911 8 9 6 47 4 6 31 327 5 5 0 6 1 1 0 2 9 2 0 21 0 3 7 68 16 10 1 50 1 0 0 26 3 0 0 8 1 3 3 35 11 9 1 17 0 0 1 1 32 12 8 174 24 11 39 350 136 181 17 593 12 1 14 178 6 3 3 16 0 2 16 63 6 1 0 4 0 0 1 1 4 2 0 8 1 0 4 13 369 308 27 274 5 5 15 72 26 7 8 37 20 5 95 200 294 94 9 67 1 0 6 15 305 70 46 340 73 28 189 713 78159 209 152 162 311 11 107 146 210 14 32 24 123 8 214 249 189 23 15 11 16 1 7 3 145 10 29 11 141 6 227 104 195 18 11 9 28 3 10 8 46 2 3 5 34 3 25 20 136 10 9 4 12 1 9 6 650 23 39 22 808 25 273 122 303 10 30 16 54 0 13 6 34 1 2 1 11 1 10 15 24 2 0 1 3 0 4 1 22 1 1 4 7 1 18 4 122 15 10 4 16 0 9 2 24 3 6 1 25 2 17 11 110 6 8 5 6 0 6 1 727 18 32 41 230 3 116 66 205 158 59 590 46 13 36 887 15 13 5 45 14 2 17 244 18 7 4 23 3 2 1 23 9 5 1 22 3 8 11 84 28 17 7 30 3 1 5 38 6 2 0 12 2 6 10 39 20 8 3 31 4 0 4 26 40 31 20 182 32 25 43 371 115 148 36 530 18 2 26 212 13 5 4 27 6 2 24 124 6 3 2 15 2 0 1 13 7 5 3 31 3 1 8 34 228 240 28 199 10 13 15 110 30 13 9 29 11 16 77 209 236 125 12 118 14 3 10 49 186 102 27 392 103 54 196 947 63380 237 212 211 372 13 124 117 245 29 26 24 123 11 181 176 198 30 22 13 20 2 12 13 171 14 27 18 121 19 194 100 2072 33 14 8 53 4 10 13 48 5 3 4 47 7 16 24 143 17 15 20 33 2 8 13 625 31 35 33 736 29 240 132 355 14 55 17 74 4 18 9 64 2 5 7 18 1 13 15 23 5 2 1 5 0 1 0 16 1 2 4 10 2 18 11 134 15 10 12 12 2 5 9 55 1 9 3 17 0 16 24 93 6 3 10 9 1 5 4 579 17 43 59 224 13 133 87 519 159 57 541 76 22 59 761 25 19 5 53 13 6 18 222 42 15 3 19 3 3 1 27 17 15 6 24 12 10 17 117 10181 18 12 30 11 4 8 42 12 6 2 16 11 4 16 43 27 16 13 30 6 6 0 41 45 32 12 188 54 27 41 422 147 108 35 472 22 1 26 200 16 7 6 45 6 2 20 100 9 6 0 20 2 1 2 13 12 8 3 38 10 3 28 81 191 217 22 176 21 16 17 101 25 16 10 42 20 17 57 187 183 129 16 130 14 4 9 79 156 124 32 427 124 85 212 1084 0
52426 241 121 136 241 25 134 216 27716 17 548 11 120 8 283 371 270 52 22 5 10 0 12 5 133 5 13 15 211 7 330 106 783 16 4 2 11 2 5 4 34 3 2 2 11 3 18 29 117 8 6 5 23 0 4 1 419 12 19 22 572 5 227 106 230 17 14 9 43 0 4 5 11 1 1 0 6 0 8 4 11 1 1 1 0 0 0 0 12 1 0 1 3 0 5 4 125 19 7 3 10 0 3 2 11 0 3 0 11 2 9 13 239 4 8 6 6 0 7 1 555 10 32 10 193 1 109 48 94 136 16 443 20 9 11 604 16 8 6 22 6 8 19 248 7 7 2 9 2 0 0 5 2 5 0 13 7 0 19 86 13 15 0 27 2 0 0 22 1 0 1 3 4 1 4 54 11 9 1 23 0 1 1 9 25 24 5 155 32 22 31 340 123 183 11 507 16 4 11 206 11 4 4 28 0 5 17 89 18 4 1 3 0 0 3 2 2 1 2 20 4 2 7 35 313 364 20 199 9 6 14 96 33 20 8 46 21 12 125 297 378 123 24 82 4 5 8 35 194 82 43 334 70 37 312 1088 78941 276 163 152 382 35 86 174 172 21 27 23 117 20 194 261 278 35 20 17 23 2 9 12 154 17 37 24 143 3 219 111 158 28 7 10 40 6 12 6 26 4 3 4 35 8 19 29 152 12 9 5 20 1 10 7 317 29 33 31 444 14 167 98 292 29 40 20 39 1 16 17 38 0 0 4 20 3 20 21 40 6 5 2 3 1 0 2 30 3 3 2 16 2 23 7 147 20 7 6 11 3 7 9 26 5 2 6 15 3 15 25 138 8 12 9 7 3 3 16 413 37 36 55 209 13 113 112 173 139 39 328 35 21 27 523 5 6 3 20 12 10 18 194 25 4 10 30 7 0 5 22 4 4 6 18 6 11 24 95 29 48 4 25 2 3 6 37 2 5 2 13 7 5 9 41 28 24 4 33 8 3 5 44 24 28 15 135 22 61 37 343 143 119 27 366 14 9 15 186 8 9 4 36 6 11 22 101 18 14 8 32 3 2 1 18 10 5 6 38 7 14 21 87 243 245 11 140 10 23 14 92 16 21 14 38 16 29 112 280 276 121 27 86 22 12 36 99 140 95 43 359 105 94 244 1349 63536 315 222 191 398 50 139 160 250 40 31 21 143 12 129 192 348 34 20 18 41 7 17 10 160 12 24 15 125 14 181 105 2070 37 22 12 49 2 20 16 47 4 1 8 50 5 15 21 177 20 11 15 18 8 12 16 273 28 39 37 338 39 162 119 302 37 38 31 37 0 15 13 53 7 7 4 18 1 15 21 37 4 2 9 5 2 4 5 30 3 13 5 19 2 21 24 183 32 10 16 19 4 13 15 54 7 5 3 28 3 21 36 135 14 6 14 13 3 10 22 317 53 43 60 161 40 113 182 514 156 57 306 49 25 50 444 17 9 5 50 13 11 21 194 44 8 10 25 1 5 2 29 4 19 1 38 4 20 18 92 10762 49 7 32 11 6 8 48 8 5 2 20 6 7 15 55 46 18 1 20 8 14 6 47 33 22 12 146 40 59 52 334 168 120 26 274 13 13 18 181 12 13 7 33 12 11 20 107 19 9 6 22 4 3 6 36 11 14 6 62 25 21 33 142 193 186 13 129 22 29 17 97 22 17 13 35 33 51 65 234 209 101 22 99 26 18 41 126 127 118 43 339 125 150 233 1374 0
52390 168 165 117 177 18 139 242 28923 6 577 9 148 11 397 387 174 17 6 11 14 0 7 3 139 3 11 5 295 4 392 124 746 3 6 7 13 1 8 11 44 0 3 0 15 1 14 25 112 8 2 3 11 0 8 0 377 9 18 14 414 0 247 98 184 17 14 6 28 1 5 10 16 0 1 2 8 0 7 1 15 0 1 0 2 0 0 0 10 0 0 0 6 0 3 2 133 13 5 7 6 0 2 7 24 1 0 1 13 1 10 10 248 9 13 0 5 0 6 2 493 7 17 13 137 3 69 22 98 145 20 404 14 10 14 598 40 3 0 29 4 8 23 217 5 8 0 10 0 0 0 7 4 7 3 10 10 3 15 76 11 14 1 20 0 0 2 22 4 0 0 8 2 0 1 28 9 7 1 17 0 0 1 5 14 5 0 106 16 4 31 240 124 235 7 404 10 7 8 157 14 13 0 22 5 4 12 99 13 7 1 9 0 0 0 3 5 5 1 10 4 1 7 45 342 280 18 247 6 1 14 82 73 12 5 47 14 11 88 238 353 127 23 100 5 1 13 28 234 85 17 286 78 22 242 925 79921 166 202 154 218 30 190 202 180 29 23 19 142 20 275 275 169 19 16 8 29 3 22 12 132 12 11 12 271 14 312 109 204 17 7 8 22 2 8 10 24 6 0 1 13 2 30 21 154 14 8 6 20 2 11 6 341 16 14 20 367 9 195 101 211 29 18 19 24 3 15 14 30 2 2 2 14 0 17 22 24 4 0 8 0 0 3 0 19 3 2 3 7 3 16 11 155 16 11 11 6 0 6 10 26 3 5 4 14 3 21 23 209 11 7 9 13 1 15 18 458 25 17 33 162 19 71 63 252 137 34 316 40 26 32 524 15 9 1 10 4 9 17 154 26 12 2 17 0 0 3 53 4 5 2 17 8 8 14 115 23 18 2 13 1 1 3 18 2 1 0 7 2 1 3 31 8 15 1 14 0 2 4 27 9 11 4 69 17 15 37 219 195 166 22 317 23 10 20 168 9 8 1 22 8 12 19 80 23 8 5 18 1 3 0 20 9 4 4 17 10 11 25 115 282 252 13 187 8 11 26 87 16 22 1 39 26 27 73 229 264 115 19 116 10 14 27 108 175 103 24 234 103 85 254 1163 63296 187 281 133 274 40 232 187 262 34 39 10 206 15 252 192 206 26 32 13 23 5 23 13 138 7 28 11 217 17 230 92 1984 31 18 10 24 3 18 21 35 3 1 5 24 5 25 21 153 16 12 34 18 3 15 9 295 21 13 58 271 21 105 144 292 28 15 22 38 5 24 11 33 5 6 6 19 3 17 22 35 3 4 3 3 2 6 1 16 5 4 5 15 6 24 20 221 12 9 20 5 3 9 27 31 12 5 12 25 9 26 23 185 16 15 11 12 7 17 26 370 43 16 34 161 35 78 138 526 138 30 283 71 32 48 397 16 12 5 17 10 17 17 132 25 13 5 20 4 4 5 32 8 15 0 15 21 16 24 120 12228 25 6 10 2 4 2 26 2 2 0 6 6 3 5 23 18 15 1 9 1 2 3 28 13 19 10 75 15 17 23 277 236 156 36 260 25 9 28 155 12 14 2 31 23 13 15 102 27 11 3 22 3 3 0 28 8 8 3 29 5 29 33 148 237 192 17 114 14 15 21 99 25 21 5 46 24 36 56 221 190 94 18 147 18 19 37 155 132 122 28 264 95 125 239 1259 0
54692 44 147 59 80 2 69 52 31732 5 547 5 63 7 219 128 44 4 3 2 1 0 3 3 64 6 3 4 52 0 122 52 816 2 9 7 6 0 10 3 23 0 3 0 11 0 23 4 69 1 5 1 2 0 5 2 625 3 33 10 341 2 202 34 91 4 8 5 8 1 3 2 5 1 1 1 2 0 2 0 7 0 0 0 0 0 0 0 8 0 1 0 2 0 0 0 73 1 16 5 6 0 5 3 7 0 1 0 8 0 4 5 73 0 10 3 5 0 4 0 333 1 16 4 147 2 53 11 118 73 27 582 7 4 8 357 26 14 4 46 13 5 13 167 1 1 1 2 0 0 0 4 9 7 1 8 0 0 3 48 11 6 0 24 1 2 0 21 4 3 0 5 0 1 3 31 9 2 0 8 0 0 1 3 46 12 11 127 24 6 30 260 69 53 10 344 2 2 3 109 7 3 2 13 1 0 4 30 1 0 0 0 0 0 0 0 5 3 0 8 2 1 3 8 168 97 16 221 4 0 5 36 17 9 9 30 5 2 49 113 120 28 4 35 1 0 3 13 257 42 29 253 41 16 115 481 85296 43 101 60 56 10 61 44 116 6 29 13 52 5 148 127 49 4 12 3 7 0 0 4 57 3 23 8 38 6 112 51 120 11 16 5 8 2 9 5 43 1 4 1 10 0 24 12 70 3 11 5 6 1 2 7 520 18 34 18 367 13 114 51 54 1 12 10 14 0 8 2 14 0 6 1 7 0 7 1 3 0 3 2 0 0 0 0 8 0 5 3 1 0 3 2 36 2 13 6 1 1 4 4 16 1 6 4 7 0 7 4 60 4 6 4 9 2 10 3 484 7 41 19 173 3 70 31 80 69 32 495 19 9 16 373 6 9 8 40 5 2 18 108 3 4 1 5 0 1 1 9 7 3 3 20 3 1 17 51 35 18 6 19 4 5 4 30 13 2 4 14 8 5 11 30 18 6 4 14 2 4 3 18 47 12 8 117 34 36 34 239 46 55 22 387 2 1 5 167 7 5 10 24 3 1 8 41 3 1 1 6 1 0 1 9 5 3 8 25 1 1 11 40 82 97 18 146 3 8 2 51 8 22 17 30 6 9 58 101 96 41 12 39 3 10 6 38 143 69 47 217 50 73 111 741 69531 53 85 62 46 14 48 32 90 9 25 19 38 9 110 137 70 8 18 6 8 0 5 4 64 6 14 11 43 4 80 57 1905 18 14 2 14 3 9 7 34 9 11 4 11 5 24 10 71 5 8 4 11 2 4 2 468 23 42 28 349 21 111 82 34 14 20 10 3 2 2 0 25 1 4 2 5 1 7 0 10 1 4 0 2 0 1 1 15 0 6 3 4 3 7 4 36 3 7 4 2 3 9 5 21 3 5 0 10 3 13 9 44 3 7 2 5 3 6 2 531 23 42 31 214 14 84 71 374 62 23 454 21 6 18 360 14 9 6 35 3 3 22 114 14 6 6 14 3 0 2 11 12 3 9 26 7 7 7 74 11616 19 8 24 8 4 8 29 7 7 4 11 3 8 16 44 21 2 12 20 6 0 1 24 37 11 20 130 13 47 34 246 27 60 7 387 2 8 6 195 3 6 4 21 4 1 13 51 5 4 2 16 2 1 4 10 8 9 5 26 2 3 20 59 52 114 14 133 6 4 13 70 21 19 9 31 11 12 56 119 86 60 20 44 9 10 9 73 126 75 57 193 56 72 151 680 0
53700 105 123 83 195 9 108 172 30271 7 560 4 108 3 258 198 95 14 5 4 8 2 11 3 100 2 8 3 193 4 217 91 761 3 3 2 14 0 0 6 35 1 1 0 15 1 10 7 99 4 2 4 21 1 5 2 462 10 25 11 383 3 207 53 185 7 9 15 28 1 6 4 10 0 1 0 9 0 3 2 13 1 0 0 0 0 0 1 15 0 0 1 3 1 6 2 95 4 3 5 11 0 4 1 12 0 2 0 6 0 9 6 147 6 5 3 2 0 0 3 455 2 18 16 184 0 63 22 110 89 20 421 7 13 11 442 33 6 8 45 3 3 12 171 5 4 2 2 1 0 1 4 0 2 1 12 5 4 13 73 9 4 0 22 3 2 1 20 0 2 1 5 0 1 4 21 1 10 0 17 0 3 2 10 24 12 1 155 28 12 28 336 77 144 13 432 7 8 12 185 3 6 0 24 4 1 9 70 9 5 0 3 0 0 0 0 5 2 2 5 1 0 8 24 226 231 11 161 8 5 15 76 23 13 11 44 13 3 37 153 161 83 11 87 0 2 1 18 185 69 21 365 58 16 139 732 82605 129 177 106 159 20 119 151 152 8 16 13 129 9 186 153 129 14 18 6 18 4 11 3 126 6 16 6 144 7 178 85 174 17 7 14 16 1 6 2 37 2 4 4 15 0 7 10 132 6 7 4 26 1 5 6 408 23 25 17 391 24 112 68 181 19 19 12 36 4 12 8 20 2 0 2 13 2 10 13 26 5 3 1 6 0 0 1 15 1 2 2 10 3 7 5 115 11 5 5 7 2 9 9 38 3 1 5 12 0 12 15 104 4 7 2 15 2 1 8 424 33 21 23 200 20 65 68 177 124 36 416 17 7 26 382 6 7 5 13 7 9 13 120 11 6 3 12 2 1 3 33 2 7 1 16 9 4 6 65 27 19 2 21 6 1 1 24 1 1 0 2 5 3 4 33 16 7 3 27 1 2 0 38 27 16 6 132 24 34 26 292 117 127 19 441 9 7 15 189 4 4 3 18 8 8 14 82 10 8 2 26 1 1 1 22 4 8 2 29 4 7 11 72 186 172 4 96 14 11 18 75 8 13 5 41 14 14 34 119 108 82 10 63 10 8 10 70 76 75 21 384 67 73 146 929 67257 157 199 166 180 28 125 143 161 20 31 18 128 6 151 113 128 12 21 8 20 10 11 13 159 12 17 8 114 10 140 76 2028 18 10 10 25 1 8 5 47 3 9 3 21 2 12 6 152 11 9 8 18 5 2 5 391 29 24 32 330 48 98 71 171 27 41 16 24 9 10 17 31 5 3 1 20 4 18 15 24 4 1 2 2 2 2 2 22 3 1 2 9 6 13 15 132 9 12 3 10 5 4 9 30 3 4 3 17 4 13 21 117 13 12 6 10 5 5 14 341 49 21 39 183 35 63 85 498 150 59 365 23 29 17 317 3 8 6 23 7 8 12 98 9 10 4 31 5 6 3 28 9 8 3 16 10 9 13 80 10930 17 4 28 5 6 1 23 4 1 3 15 6 4 6 49 15 10 3 26 0 7 4 39 18 23 10 118 26 49 30 289 121 117 25 374 12 14 11 189 7 8 3 35 4 8 20 82 13 11 5 50 0 2 6 43 8 8 4 44 3 19 20 96 182 128 12 109 6 10 19 61 18 10 5 41 9 21 45 129 102 72 12 70 14 17 16 108 101 99 24 354 58 98 126 1008 0
52595 125 211 137 194 10 146 144 25634 8 573 16 136 4 416 300 116 21 6 5 10 0 9 3 139 4 15 8 154 2 287 107 852 8 9 4 9 0 7 2 62 1 4 0 18 0 24 5 130 4 4 3 17 0 4 0 1233 5 45 17 857 5 373 60 236 11 5 3 64 2 5 5 6 0 0 0 11 1 5 1 20 0 0 0 4 0 0 0 4 0 1 1 6 0 3 2 147 5 3 6 12 0 2 2 17 0 2 2 15 0 8 1 109 1 5 0 12 0 1 3 754 3 17 5 267 2 73 18 169 125 28 1137 8 7 23 827 14 7 8 78 2 2 29 363 5 6 1 5 0 0 1 0 4 2 1 18 9 2 8 60 35 13 8 47 0 0 0 28 7 4 4 6 1 1 1 36 7 11 0 15 1 1 0 4 52 14 18 284 30 9 35 353 124 141 15 748 11 8 17 260 4 4 0 19 0 1 12 56 8 1 1 2 0 1 0 0 0 0 1 9 1 0 5 14 428 306 21 333 4 1 10 78 49 16 9 34 11 5 70 194 277 91 11 72 3 2 6 21 327 66 40 398 76 28 211 696 76349 206 227 156 300 17 119 135 191 17 35 21 126 7 283 257 172 10 19 8 19 0 8 6 164 9 20 6 146 3 248 120 188 14 9 6 51 1 9 7 69 0 1 1 35 4 27 9 173 7 16 6 13 0 4 7 981 13 59 30 887 24 240 91 307 20 40 7 103 4 8 6 35 1 1 1 8 1 15 6 15 3 0 1 3 0 4 1 11 0 1 3 5 1 9 1 131 8 7 6 14 1 13 4 39 3 7 2 24 2 22 12 120 5 10 3 11 0 7 1 784 16 23 31 322 8 93 54 186 127 56 914 45 10 40 860 11 7 2 44 11 10 25 249 21 7 2 30 1 1 3 18 8 4 4 35 6 7 15 101 50 26 5 50 1 3 3 36 10 5 2 14 4 4 7 48 24 15 4 39 1 0 2 32 53 29 15 236 41 45 44 409 146 126 36 712 16 13 18 288 7 9 2 27 9 4 13 96 4 3 3 24 1 1 2 13 10 7 4 24 4 4 22 47 329 285 20 249 6 8 18 108 36 19 12 45 21 15 73 175 245 124 15 126 5 5 12 60 229 98 52 455 108 71 218 892 62362 239 258 198 435 28 132 142 224 27 30 25 121 13 215 207 208 26 27 19 15 4 13 9 175 9 23 13 129 9 208 122 2119 20 17 10 93 2 9 10 121 4 5 5 61 5 16 19 165 10 14 12 12 1 6 8 786 34 44 46 762 27 212 106 391 24 59 8 77 5 16 5 53 3 5 1 7 0 20 14 25 1 3 1 1 2 2 0 24 1 7 2 14 2 13 6 155 16 12 7 17 2 7 10 57 6 1 3 32 9 27 19 99 7 10 12 18 2 8 7 717 41 27 57 330 19 104 69 552 134 86 736 75 14 62 777 20 6 7 42 15 14 17 218 21 4 3 39 7 1 6 37 24 9 3 37 8 8 18 94 9198 37 5 78 6 4 6 23 6 11 2 11 6 5 11 33 47 19 6 37 6 4 4 50 87 39 10 224 44 52 36 485 158 120 62 646 16 14 27 267 10 17 4 21 12 9 22 106 20 9 8 22 1 2 4 26 13 8 3 46 9 13 23 71 285 274 19 227 16 18 25 98 25 29 16 33 15 17 67 181 194 123 16 145 16 8 11 96 177 142 52 555 120 100 224 1040 0
53985 65 132 91 153 3 110 87 29077 1 556 5 110 3 304 150 67 12 2 1 3 0 4 2 113 4 9 5 99 0 231 62 839 6 10 5 8 0 3 5 16 0 0 0 19 0 19 7 98 4 5 1 9 0 2 1 810 8 37 17 614 3 269 52 147 8 8 8 47 0 7 2 11 0 0 0 3 0 6 0 3 0 0 0 1 0 0 0 8 0 0 1 3 0 0 1 111 3 6 4 3 0 1 3 14 0 3 2 14 0 5 1 96 1 3 3 1 0 1 0 527 5 11 4 211 4 57 12 134 105 15 777 8 5 8 544 6 6 0 36 4 5 27 240 5 0 0 6 2 0 2 3 1 4 0 13 4 1 7 46 24 13 0 34 0 0 1 30 3 2 0 4 0 0 3 28 11 4 0 13 0 1 0 7 37 17 3 197 25 8 28 293 101 102 12 506 6 1 8 172 2 5 0 19 2 3 5 51 4 1 1 3 0 0 0 2 4 1 0 6 2 1 3 5 375 232 21 283 3 1 6 60 30 8 3 21 10 6 77 140 216 67 7 66 3 0 1 14 319 55 19 283 49 7 130 493 81857 70 96 113 179 8 70 68 110 16 28 18 87 4 196 126 79 10 13 6 2 1 5 1 103 5 20 10 83 2 232 66 115 12 10 9 19 1 8 11 37 0 1 2 58 3 20 9 95 4 5 3 6 0 7 4 631 17 30 19 621 8 200 64 179 4 24 8 42 1 7 13 28 2 4 2 20 1 18 4 5 0 1 1 1 0 0 0 11 0 2 2 4 0 7 3 86 3 9 8 7 0 6 6 24 0 2 1 19 0 13 7 99 2 4 4 3 0 4 5 572 14 23 17 233 5 96 34 121 132 35 506 22 7 33 487 12 5 3 37 8 7 25 176 4 4 3 10 1 0 1 15 10 8 6 19 5 2 5 60 38 16 1 28 1 1 2 34 3 3 1 8 0 2 7 28 22 10 6 27 0 2 0 32 29 22 8 228 28 34 30 379 89 72 28 482 7 6 14 212 9 10 2 23 7 3 18 77 5 4 8 13 0 2 0 8 3 4 3 23 3 4 4 39 271 220 28 222 3 6 20 99 24 12 10 34 11 10 48 136 217 111 15 92 2 3 6 47 224 106 26 342 93 45 167 692 67225 96 103 108 196 37 50 53 95 23 25 13 87 10 123 110 79 19 17 6 25 2 17 8 109 9 18 10 71 6 215 69 1970 14 7 14 16 1 13 9 36 4 2 6 23 10 21 9 93 6 5 5 13 1 14 10 472 26 43 36 596 40 179 68 183 20 20 12 44 11 10 18 29 2 2 0 6 1 10 7 31 1 2 3 8 0 1 2 11 1 5 3 14 0 12 3 60 18 7 9 12 1 10 11 26 3 2 3 16 4 12 5 92 16 7 6 21 1 8 7 527 31 29 14 219 12 115 61 435 115 46 376 29 11 20 469 4 8 8 38 9 11 17 131 18 10 5 22 5 2 4 28 17 6 7 18 10 5 9 57 10546 25 10 24 3 3 3 28 7 4 3 14 1 3 8 44 24 7 7 18 8 4 10 54 30 33 24 173 32 63 36 374 54 64 35 466 14 13 27 190 12 7 2 26 7 6 15 91 9 6 2 40 5 0 2 19 10 8 2 34 4 6 14 52 199 219 22 210 8 11 11 122 29 15 12 43 8 14 46 154 224 102 15 95 12 5 10 48 229 111 38 336 103 81 165 819 0
53307 74 106 67 224 3 102 121 29325 4 564 10 107 3 321 210 76 11 3 5 11 0 4 2 82 2 5 7 104 0 188 70 792 4 6 5 13 0 4 2 22 2 2 0 11 1 12 11 78 2 4 2 6 0 4 0 845 4 27 18 617 2 213 54 190 6 7 9 61 1 8 3 11 0 2 2 7 0 3 3 11 0 0 0 1 0 0 0 3 0 0 0 4 1 1 0 102 2 3 1 5 0 0 0 11 1 1 0 9 1 8 6 101 1 6 0 2 0 0 0 607 1 20 6 212 1 49 21 116 74 17 810 14 16 12 639 7 5 2 29 2 3 22 221 2 5 0 10 0 0 0 0 8 3 0 14 3 0 5 60 20 11 0 40 1 2 0 15 2 1 0 4 1 0 4 27 8 4 2 16 0 0 0 14 33 8 8 309 30 12 30 393 98 101 8 643 13 4 6 180 3 1 1 15 3 3 6 37 1 3 1 1 0 0 0 1 6 1 2 6 0 2 3 12 274 228 16 237 3 0 6 51 17 6 4 31 3 2 69 139 204 57 7 56 2 1 4 13 277 44 29 327 42 5 142 573 81665 90 109 78 275 15 92 100 109 12 24 17 86 2 202 190 104 13 14 3 13 0 8 2 64 6 13 6 100 3 145 78 95 7 12 6 31 1 5 6 35 2 4 3 39 2 15 14 87 6 3 2 17 1 7 2 462 32 34 35 520 45 165 77 279 9 22 20 67 1 9 6 31 3 3 1 12 0 10 7 12 0 2 0 2 0 1 0 16 1 2 1 5 1 4 8 80 4 6 1 6 1 3 2 50 0 3 4 17 2 16 14 95 4 5 4 11 0 4 4 594 19 21 36 160 10 64 49 111 77 22 453 39 16 35 571 6 8 1 16 8 9 13 167 7 4 6 30 1 2 2 20 4 5 1 15 3 0 13 68 24 19 2 25 2 2 2 29 3 3 0 8 3 0 9 33 20 10 1 16 5 0 7 37 37 37 15 343 19 40 47 512 80 78 48 625 14 6 21 146 7 6 2 28 6 5 18 59 2 6 1 26 0 0 0 17 6 3 2 32 1 2 11 52 165 209 19 185 11 5 15 69 20 11 4 28 16 7 70 151 142 75 14 77 11 2 10 45 184 87 43 406 57 33 144 834 66982 130 92 100 238 40 79 75 63 18 31 16 87 18 118 141 136 22 7 11 32 3 12 7 71 13 20 13 80 11 119 88 1924 20 4 4 33 5 3 0 50 7 2 6 41 11 24 16 86 11 7 6 24 3 9 5 347 18 27 42 453 38 144 98 247 35 29 17 59 11 16 12 53 2 8 6 13 0 22 10 36 1 3 4 15 0 4 1 24 1 3 5 14 1 9 10 68 6 4 4 18 2 13 6 60 4 2 4 32 4 16 22 89 5 7 11 16 4 3 10 506 30 20 34 142 11 87 88 408 74 44 311 59 35 64 442 15 6 6 21 10 10 12 166 14 12 11 42 9 3 4 37 2 3 5 27 7 5 10 71 10671 32 3 36 1 0 2 33 4 3 1 12 3 8 9 38 24 16 4 35 6 7 5 60 31 46 26 293 31 53 55 520 71 67 57 514 15 13 20 136 4 4 4 27 10 3 24 80 2 2 10 39 0 1 3 25 2 7 3 43 4 6 16 69 94 173 9 175 10 9 34 77 11 15 6 24 16 20 59 159 123 84 9 77 9 9 13 69 207 93 50 420 58 64 169 985 0
53689 82 121 87 232 9 92 152 29610 3 558 7 101 1 242 193 112 12 5 4 9 1 4 1 86 3 10 7 130 3 220 83 792 3 8 2 6 1 6 5 18 1 1 0 14 0 16 10 111 6 5 4 9 1 7 4 518 8 18 26 589 6 174 40 228 4 7 12 50 0 6 3 11 0 2 1 9 0 6 0 15 0 1 0 1 1 0 0 6 0 0 0 5 0 3 1 122 7 3 2 10 0 6 1 13 1 0 0 12 1 13 3 151 3 5 3 2 0 1 0 556 3 13 9 174 0 51 25 90 96 12 504 5 3 11 558 3 2 1 21 8 2 16 183 4 1 0 8 0 0 0 1 3 1 0 29 5 2 9 61 17 14 1 23 0 1 1 25 2 0 3 12 1 3 5 25 7 8 0 22 1 0 0 14 20 15 4 243 30 23 33 369 117 159 13 468 5 1 9 173 4 6 1 28 4 2 8 62 5 2 0 4 0 0 0 1 2 2 0 11 1 0 5 15 257 198 15 143 4 2 6 55 12 7 3 31 11 8 80 130 211 85 13 55 2 1 1 14 171 61 32 364 56 33 153 793 82404 120 109 83 218 16 89 113 78 6 17 16 91 6 128 206 125 20 15 8 23 0 8 2 82 4 13 8 105 5 191 81 123 13 13 8 24 2 9 5 39 7 2 3 39 1 12 9 101 11 8 9 13 3 8 8 353 30 28 20 487 40 126 72 258 21 19 13 42 4 8 7 18 2 7 4 11 0 10 8 28 4 3 2 2 1 0 0 14 0 3 2 11 0 13 8 124 11 8 7 10 0 1 2 36 2 4 2 22 4 16 11 123 8 9 8 12 0 5 11 446 32 24 33 209 16 73 45 105 105 27 303 22 16 30 461 11 5 5 26 4 5 9 110 10 3 3 47 2 1 1 31 6 6 4 22 8 9 12 61 20 14 2 26 3 4 4 16 7 0 1 17 0 4 3 38 22 20 4 28 2 5 3 30 32 49 14 185 23 38 50 376 96 98 27 408 9 7 13 179 6 3 3 27 7 5 19 63 3 7 5 30 3 0 0 14 2 6 3 38 6 9 14 64 169 147 9 111 13 11 16 42 19 13 9 32 13 14 67 163 182 100 10 59 14 8 10 59 132 79 47 365 78 73 180 955 67521 151 111 79 202 27 65 83 85 13 21 25 82 14 91 148 133 13 15 9 34 9 12 14 86 10 17 3 88 10 146 75 1961 22 13 18 20 3 5 7 43 5 5 8 32 5 18 11 93 17 12 13 18 3 16 16 306 29 45 40 359 62 126 83 260 30 18 19 47 9 18 11 33 1 2 6 13 3 11 13 24 4 3 3 3 0 1 3 22 9 8 3 19 3 27 17 100 18 18 5 13 4 4 3 24 0 4 3 16 2 10 14 107 13 9 8 14 3 13 18 425 50 28 37 171 31 90 85 428 101 40 249 23 23 35 421 11 8 3 31 5 6 9 103 12 17 7 34 1 2 4 30 15 7 3 22 9 10 13 59 10776 18 8 29 1 4 5 25 0 7 0 28 7 8 13 59 22 13 7 34 6 4 2 46 32 33 33 151 31 54 39 378 98 70 22 307 16 10 18 122 9 10 3 28 4 4 19 73 15 10 5 44 1 5 4 24 9 9 6 49 18 26 19 97 127 127 29 106 24 13 19 46 18 20 12 44 14 17 78 198 179 87 16 62 18 28 14 99 141 72 49 399 80 92 196 983 0
53809 248 211 118 96 5 127 150 29352 11 593 12 118 12 909 532 215 79 7 12 11 1 5 6 103 11 7 18 129 3 371 237 783 6 5 6 4 1 1 0 56 1 1 1 3 0 15 16 112 8 2 3 6 0 2 1 373 4 13 7 195 5 178 46 117 9 5 4 20 1 2 1 8 1 1 1 2 0 4 6 4 2 0 0 0 0 0 0 6 0 2 0 4 0 4 3 98 13 2 4 1 0 0 1 11 0 0 0 7 1 20 12 124 2 3 0 3 0 3 0 190 4 8 6 98 1 40 18 148 117 22 365 7 4 7 159 46 1 3 28 2 8 17 206 14 11 0 3 0 0 1 4 3 0 1 2 3 2 13 48 21 9 0 13 0 0 0 9 3 1 0 1 0 2 2 13 11 7 0 3 1 0 4 5 8 7 1 66 5 4 19 133 99 115 5 178 1 3 5 68 11 4 0 6 4 2 14 40 11 7 0 1 0 0 1 4 2 3 0 5 1 0 8 27 554 466 16 174 7 7 11 28 143 15 2 53 18 8 236 300 335 203 7 41 4 1 8 20 172 28 21 147 51 27 255 691 80786 386 219 163 141 24 163 123 223 32 63 34 146 15 893 556 347 85 31 14 20 8 14 7 136 12 34 15 145 6 379 175 213 31 8 6 15 3 1 4 22 2 1 1 7 0 13 11 167 7 6 8 12 2 10 1 309 13 11 13 196 15 116 47 174 34 5 7 24 1 6 6 20 4 1 3 15 2 26 45 31 5 3 1 0 3 1 2 11 1 1 2 13 1 32 18 146 15 1 6 2 1 2 4 14 1 3 1 10 2 10 27 154 5 5 2 10 2 5 5 198 15 5 7 86 9 38 41 230 153 40 402 9 12 14 176 6 5 0 8 2 7 15 138 22 10 0 5 4 2 1 12 3 4 1 8 2 1 7 47 42 38 3 20 0 1 1 6 2 0 1 6 1 3 11 25 40 13 4 6 3 0 2 12 16 6 2 51 12 13 19 138 153 123 24 201 8 6 9 94 5 1 3 5 1 1 12 59 12 5 2 4 2 0 0 4 2 3 0 10 5 4 14 49 692 441 6 117 13 32 3 64 10 9 11 19 17 28 162 293 292 164 3 52 26 17 21 37 143 43 26 149 61 34 299 792 63579 473 269 165 227 35 249 142 250 53 91 58 210 27 914 521 395 76 49 25 27 6 12 14 188 10 54 20 171 10 299 141 1984 35 13 4 23 2 2 3 47 1 2 2 12 4 17 19 233 21 8 4 14 1 3 5 290 15 19 11 157 10 111 45 244 37 17 12 16 10 5 6 13 0 1 2 10 1 29 28 27 10 3 0 5 1 4 2 16 5 3 3 7 0 21 22 209 22 3 8 6 1 2 0 27 4 0 4 12 1 17 28 181 15 8 4 6 2 5 3 181 11 15 17 75 8 44 65 470 184 29 374 15 19 13 160 16 10 3 19 3 8 20 133 46 15 2 8 4 1 7 10 4 3 3 13 6 4 17 64 12230 56 3 30 3 3 1 19 2 3 1 13 2 1 6 30 45 27 0 15 1 2 2 6 26 12 6 43 8 24 14 135 248 138 15 201 9 7 5 95 4 4 4 9 6 4 17 57 19 10 2 4 2 0 0 8 7 4 1 16 3 5 30 37 729 364 14 95 32 36 11 56 8 8 14 28 20 20 132 330 257 100 9 67 33 21 19 57 118 33 34 174 68 65 338 830 0
53070 121 179 130 261 19 106 172 28957 8 592 8 134 12 277 253 121 18 7 2 8 1 13 3 135 3 6 5 142 2 166 95 833 4 4 3 8 0 2 2 45 0 0 1 19 2 10 9 126 7 6 3 14 0 7 3 803 7 16 10 543 3 175 48 235 15 10 15 65 1 8 1 7 0 2 1 16 1 7 2 18 0 2 0 0 0 1 0 15 1 0 0 7 0 2 2 125 17 1 5 3 0 2 1 17 1 0 3 18 1 9 7 146 5 7 3 3 0 2 3 425 7 15 9 233 4 40 36 216 128 28 665 10 15 11 558 35 10 3 88 2 5 13 208 4 4 1 9 0 1 0 5 4 1 1 8 1 3 9 44 19 4 0 20 0 0 0 15 2 0 0 3 0 2 1 19 6 8 1 11 1 1 0 13 18 14 2 217 14 9 14 311 135 167 12 411 8 9 16 198 6 4 1 10 4 1 7 45 14 6 0 8 0 0 0 1 4 2 0 14 0 2 7 19 399 257 7 221 5 2 2 53 39 10 3 28 11 6 69 173 224 107 13 50 1 2 4 23 180 54 20 281 47 18 123 837 79616 197 256 181 400 27 161 159 270 14 16 19 134 15 226 200 181 28 12 3 16 5 18 7 196 3 9 9 163 8 118 95 216 15 16 4 33 0 3 7 60 3 3 1 38 1 11 15 158 9 6 1 20 1 4 5 748 28 18 20 564 40 84 55 343 33 40 20 77 5 21 6 35 3 3 7 9 1 11 18 20 1 3 4 6 1 1 1 28 0 5 3 15 6 3 9 137 14 7 9 19 1 4 7 28 6 1 2 18 1 13 20 160 7 3 4 7 0 7 6 429 42 11 22 184 23 45 45 316 186 49 710 31 19 38 571 11 4 1 9 4 3 11 114 15 6 1 12 2 1 3 48 5 5 2 21 4 5 8 41 34 20 5 17 1 2 0 13 2 2 1 6 0 1 5 19 12 9 1 18 3 1 4 30 17 13 4 205 8 29 22 295 207 190 39 437 11 12 21 161 4 2 4 10 5 3 10 49 13 15 2 21 0 3 2 11 5 8 4 19 4 3 8 38 384 330 14 181 9 8 6 42 10 8 1 18 12 12 64 150 222 96 14 64 12 13 21 59 107 43 22 272 37 65 142 953 63645 278 341 265 452 51 207 168 380 21 28 23 171 26 160 175 228 27 16 4 42 7 13 16 263 12 17 16 194 12 75 72 2025 28 24 7 48 3 10 8 88 9 5 7 64 4 19 17 216 8 10 3 29 2 9 4 706 23 18 15 495 32 91 37 345 31 71 15 70 8 21 11 56 6 3 5 13 2 25 28 45 7 7 2 13 1 1 4 29 1 9 1 7 0 13 11 163 21 12 10 18 2 3 6 52 3 5 4 32 3 12 20 151 3 4 7 15 3 7 5 339 27 23 19 172 20 64 62 551 220 88 644 45 35 41 508 21 11 6 14 8 8 26 109 24 11 4 35 3 4 5 35 4 3 6 15 5 4 8 43 10865 33 20 73 3 6 2 17 10 2 1 15 4 0 9 28 30 13 4 11 4 1 1 19 61 21 7 174 23 30 32 343 229 227 47 392 8 15 12 125 7 8 4 18 3 6 13 63 12 8 5 29 3 2 2 29 7 13 7 19 4 6 10 58 394 324 19 191 16 15 10 51 8 9 2 36 9 13 73 170 190 105 20 64 10 19 22 63 99 54 20 307 40 60 130 1007 0
46873 241 271 220 330 21 232 402 21787 5 599 21 244 5 1164 827 269 55 6 16 14 0 8 5 244 6 18 17 373 8 724 330 911 6 6 2 9 0 4 6 70 0 3 0 18 0 36 8 210 10 3 1 8 0 6 1 1433 20 27 24 925 6 419 99 309 9 10 7 130 1 13 6 10 0 1 0 10 0 8 5 13 1 0 0 1 0 0 0 8 0 0 0 4 0 1 0 224 3 2 5 11 0 1 1 24 0 0 0 34 0 18 11 415 7 3 1 4 0 0 0 896 0 16 10 469 1 88 25 210 216 30 1356 10 5 15 891 32 5 2 49 2 3 35 427 3 12 1 11 0 0 2 4 1 4 0 26 4 0 12 97 16 13 3 22 1 1 0 13 8 0 0 17 0 0 6 30 16 19 1 18 1 0 0 9 46 35 8 462 28 7 30 510 233 354 12 988 18 2 22 446 5 6 2 9 2 1 23 87 7 4 1 4 0 0 0 0 6 0 1 12 3 1 5 19 1074 675 26 425 10 1 35 92 93 4 8 49 23 3 275 381 744 342 9 88 5 1 7 21 473 93 33 529 98 23 393 1003 65865 449 492 276 469 52 314 357 294 19 67 32 272 27 1028 721 395 67 17 18 57 5 23 12 274 19 33 40 348 11 607 333 338 12 43 12 22 3 6 3 74 4 13 6 50 2 24 8 284 25 25 6 21 1 4 6 1210 49 46 39 748 40 240 142 490 52 22 26 125 23 16 19 21 2 3 2 20 5 36 30 73 12 1 3 32 3 4 0 20 0 0 3 14 0 33 19 300 15 17 7 16 1 8 2 57 1 7 0 68 3 44 26 401 17 7 8 18 1 3 7 774 30 15 16 404 32 134 55 299 293 77 1110 26 20 32 759 13 3 6 40 11 6 31 244 23 22 5 54 1 3 1 49 7 5 2 41 4 3 20 144 49 28 8 35 4 1 3 13 9 3 4 23 3 1 17 40 20 31 4 36 4 2 3 24 33 51 33 520 18 33 45 542 308 336 41 772 17 12 42 445 6 2 6 16 4 2 39 130 27 7 1 42 2 1 1 20 5 4 3 29 0 12 15 65 893 563 33 290 48 37 27 154 33 13 19 54 29 24 265 385 677 270 13 143 37 26 23 64 289 128 60 553 130 60 471 1417 50702 567 340 356 537 75 396 408 452 37 69 31 390 19 846 613 565 61 32 25 80 27 19 14 351 26 36 36 365 25 530 239 2194 34 28 22 42 6 9 7 128 14 21 8 67 7 40 18 376 26 17 14 20 5 10 8 1007 96 48 66 608 44 222 154 592 100 32 22 75 28 18 23 50 3 10 2 32 5 54 33 91 31 7 5 36 17 5 7 28 5 5 6 19 11 43 33 405 31 10 3 22 5 8 3 79 6 5 7 48 9 41 30 419 27 12 11 43 5 3 16 666 50 29 24 367 56 154 113 602 388 109 896 48 28 53 709 26 10 19 29 5 6 29 209 33 22 13 53 9 4 10 43 9 7 4 48 10 8 20 131 9820 67 13 71 15 6 3 18 22 5 32 33 11 4 42 63 63 29 4 57 3 6 6 23 102 60 58 489 27 30 95 526 400 349 49 637 30 30 48 366 8 13 6 21 6 4 54 146 15 13 7 57 4 7 10 44 8 8 4 26 5 10 23 107 839 487 37 269 50 34 23 144 51 16 48 55 48 20 278 401 557 206 18 168 41 35 23 89 284 148 80 564 141 102 492 1538 1
47921 236 205 220 343 14 204 368 22928 7 600 11 222 4 974 680 215 41 3 7 8 0 12 5 209 8 11 20 340 7 665 320 899 7 7 8 12 0 3 1 86 0 2 0 11 0 28 14 227 10 3 1 7 0 5 0 1392 18 32 31 773 7 360 122 341 9 9 8 115 1 18 3 7 0 1 0 11 0 11 6 15 0 0 1 1 0 0 1 10 0 0 1 4 0 3 1 255 7 5 6 16 1 5 0 13 0 1 0 24 0 16 7 338 3 3 1 4 0 3 1 917 6 10 7 449 1 94 19 198 217 23 1134 7 11 9 754 35 6 2 60 3 5 28 389 7 10 0 9 0 0 0 5 5 3 0 22 3 2 10 96 20 18 1 39 0 0 1 10 5 1 0 7 0 0 3 34 13 12 0 28 0 0 1 5 44 36 9 353 18 13 33 460 215 339 17 896 11 6 24 375 7 6 1 6 2 1 14 89 3 6 0 4 0 1 0 2 2 1 0 11 0 3 9 14 911 717 35 401 10 4 8 101 87 9 10 61 22 8 264 398 666 264 13 92 2 0 8 26 428 94 41 472 94 16 369 940 68409 354 474 256 393 43 224 335 273 11 52 28 250 14 750 620 303 58 21 19 55 14 17 11 253 15 39 34 329 17 613 307 284 19 40 8 18 0 4 1 72 5 7 6 41 0 21 7 289 18 9 7 22 0 6 8 1109 50 50 44 671 26 210 138 403 27 37 24 140 32 10 18 17 6 2 2 20 1 46 20 47 12 1 0 20 9 1 1 20 3 6 3 14 2 23 16 310 15 12 5 20 1 4 7 23 6 3 2 40 1 37 19 383 10 4 1 24 2 4 5 786 31 20 16 446 25 126 58 261 266 95 878 18 14 46 593 10 8 10 34 6 5 39 246 18 13 4 47 0 1 2 38 6 4 7 28 3 1 7 116 56 30 10 37 4 1 6 11 17 5 13 43 3 3 21 56 36 38 5 42 3 2 1 17 52 40 27 428 19 28 44 435 289 318 47 774 10 14 30 405 5 1 8 11 4 1 47 125 15 20 2 30 3 3 1 11 6 3 4 17 2 5 15 54 814 570 45 313 34 21 36 123 25 12 31 69 28 24 251 417 591 255 18 125 29 20 16 47 305 155 54 517 128 61 390 1365 53278 461 311 349 435 89 295 319 318 33 51 50 316 23 703 511 406 68 32 23 77 17 20 16 335 11 37 29 356 16 517 277 2163 56 17 8 46 8 6 4 80 17 6 9 48 12 22 8 356 19 2 4 31 1 4 3 1011 56 37 67 561 43 197 139 517 85 47 26 95 16 14 15 58 3 14 11 28 5 43 35 79 25 1 3 24 13 5 4 28 2 3 6 19 2 30 14 425 20 6 8 24 4 4 3 68 11 5 6 51 21 39 13 436 21 6 6 17 2 1 14 724 55 14 37 360 38 146 80 591 376 83 763 45 27 44 567 15 13 6 26 7 1 28 240 47 18 18 62 5 3 15 34 7 8 1 37 7 2 19 113 9972 49 25 69 10 4 15 22 16 4 16 31 13 5 24 50 59 39 6 40 9 4 7 12 55 55 41 405 30 24 59 462 372 328 54 605 23 21 45 420 8 5 5 27 5 1 44 125 23 22 9 24 6 9 16 37 6 4 11 19 3 7 22 73 771 503 22 277 46 28 37 134 30 15 24 90 34 27 290 438 509 233 20 137 31 26 12 82 313 173 61 533 133 90 442 1409 1
47783 221 203 191 350 9 216 380 22739 5 591 10 205 7 1045 726 244 54 5 15 9 0 9 2 225 9 13 27 331 3 732 337 857 9 7 2 12 1 5 5 54 1 1 0 16 0 19 9 218 11 1 4 4 0 5 1 1223 16 18 34 867 2 361 88 393 15 6 7 120 1 16 6 15 0 0 0 13 0 9 5 7 0 0 0 1 0 1 0 5 0 0 0 5 0 5 2 210 8 4 3 20 0 5 3 28 1 1 0 16 0 31 5 388 6 0 1 6 0 0 0 869 6 14 8 361 0 92 17 187 204 27 1157 11 9 10 812 36 4 3 60 2 5 26 341 4 13 0 15 0 0 0 0 7 5 0 21 2 4 12 104 22 18 1 30 2 0 0 11 0 1 0 10 2 0 10 42 5 29 0 32 0 0 1 7 27 32 9 447 14 12 43 499 205 349 19 914 12 7 21 364 6 3 0 9 4 3 17 87 9 5 0 2 0 0 0 2 5 0 0 7 1 0 5 11 946 694 22 417 16 6 24 93 56 11 4 52 36 4 259 368 808 280 14 101 4 0 9 9 403 97 40 501 101 15 377 1013 68029 364 386 238 430 68 263 343 282 24 51 25 230 24 914 572 346 59 18 16 55 12 20 13 255 15 35 25 358 16 606 342 254 30 22 4 20 1 11 6 69 11 11 8 38 8 31 18 280 33 8 3 13 3 3 4 1015 40 28 31 738 18 239 135 480 58 31 14 111 22 21 16 21 3 6 3 18 3 51 27 46 4 3 0 23 7 1 2 18 2 0 1 15 3 23 16 285 21 7 10 19 6 3 6 29 6 8 1 38 3 40 37 339 9 9 6 20 4 6 7 774 24 17 28 363 12 129 60 265 271 65 954 18 15 22 644 25 6 7 34 10 3 35 232 22 8 3 61 1 6 3 36 6 4 8 34 5 5 18 115 38 28 8 40 3 5 4 17 9 8 8 27 6 2 28 59 26 37 8 37 3 0 3 25 39 36 62 394 11 32 63 509 294 337 42 743 21 10 37 369 5 4 2 15 3 5 29 110 21 19 4 44 3 2 2 29 6 3 2 29 10 3 23 55 797 581 30 287 57 39 26 120 24 18 20 65 23 15 252 417 673 324 12 149 47 15 28 64 267 154 68 457 132 79 416 1341 52963 416 334 329 452 60 380 355 334 45 67 48 352 35 797 514 444 55 42 14 42 21 29 18 324 26 45 32 377 27 542 293 2097 49 26 14 33 4 10 7 119 24 15 7 50 13 34 18 339 24 6 9 24 3 6 7 886 80 33 40 609 60 216 134 549 73 49 21 102 16 28 18 44 8 16 9 25 8 63 39 64 23 3 4 12 15 3 3 23 4 6 5 12 4 41 21 344 35 7 9 24 5 8 3 56 17 8 5 38 16 57 27 394 27 6 4 21 5 9 8 658 54 18 31 318 50 137 120 573 337 85 809 43 17 36 522 28 11 13 39 7 9 39 237 57 20 26 77 0 4 11 28 19 10 11 45 7 7 23 126 9989 58 19 78 7 13 10 22 19 10 7 30 6 3 23 67 47 36 10 45 8 7 9 35 71 48 40 353 26 29 100 466 336 387 47 583 28 16 39 333 6 11 9 27 5 9 43 136 31 25 22 24 7 5 15 47 9 4 6 32 5 21 24 100 709 494 28 292 62 25 40 146 36 25 11 60 56 28 252 397 566 255 25 152 42 24 41 114 277 150 67 473 140 98 437 1445 1
47582 245 233 222 296 10 205 379 22632 9 596 24 194 4 1128 710 268 46 11 14 9 1 10 3 228 14 7 21 408 3 662 304 924 7 5 1 8 2 3 6 52 0 1 0 18 0 39 12 241 9 1 4 11 1 5 1 1240 12 44 19 851 6 432 81 341 11 6 8 91 0 15 3 8 0 0 0 10 0 12 2 10 0 0 0 0 0 0 0 10 1 0 0 6 0 1 2 252 8 5 4 11 0 0 1 19 0 1 0 29 0 31 10 362 4 2 2 8 0 2 0 890 4 12 11 353 2 93 18 220 236 27 1193 10 4 10 754 28 2 2 42 4 5 35 408 7 6 1 10 0 1 0 2 1 4 0 17 2 1 15 115 34 21 1 40 0 0 2 16 5 0 0 11 1 1 7 28 19 18 0 18 0 0 0 5 41 20 7 400 18 11 36 434 234 395 20 871 11 5 20 379 3 4 1 15 5 1 31 93 8 5 0 4 0 0 0 1 7 2 1 7 0 0 6 17 1083 720 33 447 7 4 16 84 72 10 7 50 14 6 271 383 720 288 4 84 3 0 12 13 446 91 33 511 93 18 396 910 67719 416 397 249 400 34 252 372 265 24 79 36 263 18 910 653 435 94 26 17 43 5 16 10 236 13 42 36 343 12 600 277 279 25 59 7 25 0 6 2 66 5 14 13 27 5 36 18 294 17 17 6 18 1 4 0 966 44 50 41 673 44 258 128 512 32 33 25 151 14 19 11 25 3 6 0 25 4 42 34 65 10 1 1 22 3 2 1 20 2 1 0 12 1 25 13 276 20 12 7 14 3 6 4 43 5 6 2 51 9 41 29 353 9 7 4 20 8 3 8 686 43 24 26 353 27 137 65 255 250 85 857 16 19 25 590 19 8 15 39 10 10 35 311 14 17 3 63 0 1 4 41 8 7 5 43 4 6 9 135 52 42 7 28 7 2 1 16 4 6 18 27 5 3 15 36 41 38 3 51 0 5 5 19 41 43 22 438 20 37 56 469 292 371 47 725 23 16 37 339 4 5 10 20 3 4 41 123 14 5 1 44 2 0 2 16 3 5 7 33 4 9 20 76 871 595 23 345 50 26 36 137 26 12 15 54 35 21 292 452 647 264 19 146 43 11 27 51 282 130 55 520 141 53 406 1333 52522 453 296 329 458 97 328 411 368 31 82 48 326 16 809 570 493 110 28 17 80 27 13 23 332 21 40 28 415 22 530 227 2160 47 39 22 40 0 8 2 81 5 24 2 60 3 44 16 338 15 8 3 15 3 6 7 945 65 64 48 556 43 224 107 593 113 44 16 116 32 19 24 46 1 4 0 22 6 54 33 107 21 2 7 31 12 1 1 41 7 8 7 18 7 43 25 363 19 6 2 25 4 7 7 76 6 4 7 49 5 51 23 423 42 9 3 17 3 4 18 571 51 24 29 285 42 142 85 532 318 93 662 41 27 49 499 40 7 27 55 6 11 33 286 42 19 3 94 1 4 3 45 10 2 9 44 5 7 24 123 10013 62 20 50 5 2 5 29 29 11 25 58 5 3 44 89 59 39 7 40 4 3 4 23 84 36 63 379 34 36 87 465 352 413 56 600 18 16 44 288 12 9 7 33 6 4 47 129 20 23 5 67 2 7 8 35 8 7 6 20 3 9 24 93 822 513 30 287 47 43 42 138 27 18 58 112 41 13 281 477 547 231 18 177 42 20 24 68 291 135 94 514 164 100 427 1445 1
44196 382 332 291 395 14 238 398 18499 13 610 23 271 11 1465 882 354 96 10 15 18 2 10 5 292 21 19 33 394 3 763 439 1117 10 11 4 11 0 4 10 107 2 3 0 19 0 54 17 289 16 5 4 14 0 1 2 1744 17 60 46 925 7 511 111 446 15 7 13 176 4 21 7 9 0 0 0 18 1 25 3 13 0 0 0 4 0 1 0 6 0 1 0 5 0 7 1 287 6 6 4 16 0 13 0 21 1 3 3 42 1 44 14 388 2 4 2 5 0 3 2 1072 6 16 9 609 10 121 24 327 277 44 1473 9 8 23 919 45 4 5 73 3 6 57 507 12 19 1 20 0 0 0 4 5 2 1 41 4 1 12 114 55 25 1 68 0 0 1 17 7 3 1 25 1 0 17 61 22 27 1 29 2 1 0 9 56 46 13 499 16 6 49 566 302 369 22 1007 22 7 40 538 6 7 2 21 3 0 30 122 13 6 1 4 0 0 1 1 5 0 1 10 3 1 7 28 1463 852 61 575 14 6 38 133 109 12 13 60 31 13 385 540 902 435 18 122 4 1 12 16 594 138 43 570 105 31 522 1347 58826 462 536 332 469 71 363 427 437 27 137 54 311 21 1227 919 421 89 32 21 76 12 13 10 327 23 55 39 429 19 826 426 480 36 28 4 25 8 8 3 97 11 25 6 76 13 52 23 331 25 10 3 19 5 2 4 1419 62 55 40 911 30 392 151 499 73 32 13 147 27 17 17 17 4 10 9 13 1 58 34 53 21 3 3 46 11 2 2 13 0 11 4 21 1 32 17 385 41 13 6 23 4 6 4 62 7 10 4 49 8 30 28 427 11 5 4 26 1 1 13 1105 33 16 25 542 34 133 78 466 356 142 1221 36 15 54 904 27 9 18 46 6 3 39 373 34 16 4 38 8 0 5 17 9 1 5 44 3 6 20 178 222 57 11 43 8 12 9 25 19 7 24 44 7 6 38 87 46 43 6 42 3 3 5 21 45 44 61 507 14 22 96 558 371 438 60 922 24 16 43 557 8 6 12 27 6 6 39 139 14 21 12 15 3 7 3 14 5 4 3 18 1 12 22 72 1329 896 63 481 42 25 37 153 42 24 44 66 30 30 339 496 890 455 21 193 34 14 23 82 452 196 84 592 161 66 502 1600 44485 577 518 450 458 82 444 504 519 48 169 79 446 32 1193 910 473 75 49 20 69 15 35 20 457 23 58 57 509 24 804 345 2372 50 24 12 39 4 10 8 157 23 14 7 65 24 33 25 439 15 12 11 34 4 6 3 1294 114 41 63 808 60 302 170 593 98 45 26 152 27 28 26 43 4 15 15 41 4 59 59 85 23 8 3 30 12 8 7 28 5 3 11 20 8 42 39 506 29 14 7 30 5 6 4 80 28 6 8 53 19 63 28 500 25 7 3 29 8 5 8 1038 71 27 21 421 52 199 95 772 464 117 1065 41 47 66 879 48 12 14 48 4 2 47 328 46 23 29 70 7 2 21 50 19 5 6 46 6 4 20 183 8594 91 17 45 15 13 4 35 39 15 22 34 9 7 28 74 87 43 14 66 6 10 5 16 69 68 40 477 30 23 80 616 459 574 89 800 28 27 57 429 18 5 6 29 13 2 50 171 41 26 14 31 7 6 19 51 4 2 5 23 6 9 31 62 1289 854 51 410 55 39 54 202 87 44 37 79 57 30 308 565 838 381 27 233 49 26 36 101 399 237 83 631 212 89 513 1519 1
47819 341 222 237 364 14 227 305 22334 7 589 13 237 14 1090 662 278 80 9 17 18 0 11 2 249 18 14 22 322 2 650 280 1136 10 13 0 8 0 6 0 52 0 2 0 11 0 25 16 248 11 2 8 12 0 3 3 1445 18 31 35 764 4 434 104 368 16 9 10 116 0 11 4 12 1 0 0 21 0 16 6 8 0 1 1 2 0 0 0 10 0 0 1 6 0 7 0 262 14 3 2 16 0 2 1 20 0 0 0 17 0 16 7 320 6 3 3 5 0 2 1 836 4 9 7 347 0 95 19 212 205 26 1087 16 11 11 700 36 2 5 40 0 6 34 347 11 18 3 16 0 0 1 5 4 3 1 21 4 2 16 75 43 11 0 42 0 0 0 10 1 2 0 8 0 0 6 38 12 21 1 34 0 0 0 7 28 26 7 374 16 8 39 519 228 355 14 743 26 6 12 330 6 1 0 9 9 1 21 94 14 7 0 3 1 0 0 1 4 0 0 2 1 1 8 30 934 638 23 397 20 5 24 100 124 10 4 49 27 8 273 418 667 259 16 97 4 1 12 29 426 98 46 522 94 27 381 1194 66934 576 458 312 519 52 299 310 312 23 41 32 289 20 946 493 460 92 27 23 35 11 21 6 301 15 33 26 315 15 589 258 335 31 21 6 21 2 8 7 69 4 6 3 33 2 31 9 307 24 5 2 23 3 6 5 1268 70 38 45 774 35 265 93 530 57 20 25 115 19 15 17 28 4 6 3 12 5 45 28 51 13 2 5 15 10 2 6 20 6 2 3 12 8 14 18 310 17 6 8 29 4 5 3 38 3 6 3 32 2 26 23 341 14 3 3 14 4 2 11 707 44 20 20 351 20 112 68 604 268 93 884 26 19 35 561 20 11 15 33 9 9 36 221 22 20 4 59 1 3 8 36 10 3 3 23 7 5 18 95 86 37 10 42 6 2 8 14 7 7 16 32 8 0 27 56 44 40 3 45 2 4 3 20 39 42 16 380 20 22 68 415 313 315 46 594 24 14 30 322 8 7 4 21 5 3 27 117 25 13 3 43 3 7 4 41 7 4 4 27 4 11 22 87 906 499 62 269 35 36 28 111 39 10 23 90 28 19 264 408 534 267 17 124 29 32 27 89 262 112 67 493 121 87 410 1642 51591 680 448 347 649 63 369 317 421 26 246 67 349 25 941 396 524 103 39 20 57 25 21 16 375 26 51 34 335 26 498 202 2162 57 33 12 31 4 10 8 115 13 19 5 42 18 25 21 354 17 16 11 15 3 2 9 1165 72 49 51 665 54 203 88 704 81 54 32 119 10 16 27 28 3 10 14 34 6 41 45 76 17 7 5 12 9 4 9 22 4 9 10 16 7 48 40 350 32 15 14 25 5 8 6 65 10 10 7 34 8 30 37 373 20 6 3 13 3 4 10 637 72 28 25 311 50 105 106 649 343 79 847 46 20 49 414 26 18 33 50 16 10 37 198 40 18 20 63 5 2 12 53 7 11 7 25 7 7 23 98 9880 72 20 73 14 23 3 36 16 7 5 50 7 8 48 94 45 28 5 63 7 7 7 23 80 43 38 357 28 29 90 441 427 322 46 505 25 17 46 256 7 8 13 38 5 5 22 117 23 24 15 72 3 10 20 43 5 5 4 39 6 13 26 108 934 407 47 212 50 40 41 123 43 28 37 120 31 33 240 463 465 229 32 119 48 40 33 117 238 122 102 487 127 125 388 1711 1
42811 457 290 285 581 6 283 394 17507 12 594 10 316 7 1434 1016 580 118 9 14 9 0 5 0 356 24 18 40 463 2 1108 394 893 9 14 10 8 0 2 3 33 0 5 0 22 1 40 11 299 18 5 8 8 0 9 2 1747 30 54 51 1326 1 671 154 478 12 11 8 112 0 9 5 4 0 0 0 28 0 30 3 17 1 0 0 0 0 0 0 11 0 0 0 5 0 5 1 295 12 4 4 25 1 2 0 26 0 4 1 43 1 39 9 368 4 5 1 4 0 0 0 1268 6 24 9 491 0 180 20 178 275 16 1540 8 8 23 1194 10 4 2 48 6 5 34 671 13 17 1 21 0 0 0 5 3 3 1 40 6 1 15 135 22 16 4 40 0 1 0 12 1 1 1 11 2 0 5 52 15 33 0 32 0 0 2 9 41 35 8 547 29 7 46 829 286 390 12 1119 17 7 37 445 5 10 0 16 5 2 30 163 10 4 0 3 0 0 0 1 7 2 0 2 2 0 7 19 1312 941 30 561 25 4 36 156 40 18 4 59 44 5 518 693 1050 350 15 141 2 0 4 16 598 135 60 708 181 14 730 1218 58340 498 305 228 735 100 331 339 316 25 104 71 323 21 926 874 710 150 25 23 81 14 15 13 351 36 99 48 374 18 921 436 288 29 22 12 33 4 15 18 90 2 12 4 68 3 47 38 311 27 10 7 19 1 10 11 1322 77 53 55 1155 55 541 210 594 53 25 16 171 19 28 14 27 3 10 1 46 4 52 32 96 17 1 0 11 4 5 2 32 2 10 2 19 3 57 22 315 24 16 6 30 9 8 3 82 6 7 2 74 4 62 22 308 15 10 5 25 2 4 4 1037 54 50 45 606 38 239 126 248 252 44 1028 30 24 63 931 21 9 4 43 8 7 46 466 26 31 9 69 3 3 10 46 14 9 6 50 15 2 25 227 88 46 10 39 5 2 5 39 10 11 21 36 5 6 46 98 61 40 5 42 5 1 2 48 45 59 43 511 37 27 137 873 299 292 37 915 35 23 59 496 14 9 7 18 13 8 44 200 16 13 4 35 5 0 4 27 12 10 3 14 12 7 27 74 831 775 37 441 59 36 43 191 49 28 42 93 49 28 434 728 835 363 40 217 36 21 37 71 463 191 106 765 209 84 745 1770 45629 575 290 250 776 84 377 307 381 47 116 73 372 44 824 751 787 150 37 28 107 22 50 31 334 35 96 72 354 39 717 440 2190 33 25 14 55 5 20 13 128 37 22 11 117 14 66 70 312 26 12 10 58 5 17 10 1190 96 88 66 936 88 509 266 707 62 38 36 181 18 47 28 56 8 13 8 37 4 67 34 136 25 8 4 19 8 7 6 49 6 12 13 43 5 52 52 323 24 10 11 39 8 18 10 135 30 11 15 122 18 48 51 296 32 9 8 52 8 14 15 767 72 57 64 642 71 260 187 658 255 119 776 39 37 74 798 32 13 24 50 15 9 64 472 54 32 26 102 5 9 17 67 15 23 13 61 15 6 70 265 7681 74 14 50 14 13 8 35 17 9 19 47 20 9 43 116 85 53 9 67 24 18 14 55 75 64 62 480 69 54 161 851 292 275 71 713 45 30 82 451 10 10 9 31 13 12 47 207 29 31 21 52 9 6 18 46 10 9 12 35 11 18 40 143 676 572 47 434 86 69 59 215 46 40 43 89 45 34 396 685 611 373 39 238 61 38 54 170 466 220 179 719 238 137 719 1933 1
47304 256 473 223 360 14 231 316 22253 6 608 18 215 5 1110 706 251 43 8 13 6 0 8 2 216 10 19 24 372 3 709 304 959 3 37 3 1 0 4 3 64 0 17 2 18 0 49 11 216 13 5 12 11 0 6 1 1227 9 37 26 900 3 434 119 370 16 6 9 95 1 14 3 10 1 0 0 11 0 10 2 14 0 0 0 0 0 3 0 13 1 0 1 5 0 5 0 234 11 5 4 7 0 1 2 23 0 0 1 28 1 30 15 348 0 4 1 3 0 1 2 892 0 14 10 373 1 91 18 182 220 30 1102 3 13 9 893 29 6 1 46 8 3 37 391 5 11 0 4 0 0 0 6 8 6 0 17 7 2 13 94 21 17 3 40 0 1 1 15 12 1 0 9 1 3 7 38 17 21 0 30 0 0 0 13 47 30 9 390 18 6 32 559 236 349 17 865 11 6 29 377 9 5 0 10 6 1 29 79 12 3 0 2 0 1 0 0 1 3 0 10 2 1 10 30 1021 753 46 466 12 6 21 98 75 9 5 50 15 6 210 376 724 291 20 103 2 0 8 19 496 125 43 497 92 17 395 938 67100 378 303 279 405 45 280 324 265 27 53 13 284 10 917 651 317 57 20 17 59 10 17 18 257 14 45 35 397 13 634 346 352 21 32 11 23 1 4 3 67 4 10 7 46 3 39 19 273 14 8 3 11 1 7 5 1022 34 42 48 738 34 275 148 401 49 23 13 78 14 18 12 23 1 6 3 27 2 37 26 46 5 2 2 16 4 2 1 19 1 1 3 24 2 22 6 307 27 7 3 12 1 5 1 37 2 2 3 52 2 40 26 363 15 4 4 19 5 1 13 779 26 17 33 432 16 120 80 276 311 120 949 33 18 47 728 27 9 10 25 12 7 36 244 18 17 6 52 3 3 3 46 4 5 3 26 4 3 19 138 87 40 159 38 6 3 5 21 20 8 15 18 7 5 31 49 27 40 8 32 3 2 8 24 38 38 25 369 14 27 65 470 280 338 35 686 24 17 32 415 9 4 7 12 10 9 40 136 14 15 1 45 1 3 6 28 9 3 0 24 4 11 42 84 946 622 47 309 29 21 30 115 30 19 18 35 31 24 265 405 656 337 19 140 20 10 26 78 349 138 50 449 120 65 405 1442 52268 459 322 363 415 88 359 413 356 34 79 57 357 18 925 546 430 55 52 15 57 14 15 23 328 20 39 47 418 25 568 273 2128 60 23 20 51 5 6 4 76 15 9 9 44 9 35 22 376 27 7 6 22 1 4 7 932 64 42 56 613 40 210 140 466 64 50 23 94 14 26 32 26 15 9 6 20 7 75 39 49 13 2 3 18 5 3 8 28 3 3 9 18 4 31 33 374 27 10 4 36 6 2 0 53 6 4 6 57 11 41 37 380 19 7 3 18 4 6 9 651 59 28 37 407 39 148 112 600 390 99 838 59 18 51 580 11 8 2 28 6 4 33 188 42 20 17 58 6 6 12 51 9 3 5 32 5 5 22 120 9838 62 10 45 13 5 3 17 11 12 11 23 2 11 32 71 47 35 3 43 10 10 8 28 64 38 33 395 29 36 60 575 397 399 69 575 34 19 53 358 9 2 10 8 8 5 43 157 26 16 9 43 6 4 11 48 5 3 4 26 4 6 35 109 925 535 26 253 60 34 37 99 31 22 13 57 41 30 233 434 620 265 20 127 31 31 24 84 293 159 54 483 137 110 449 1540 1
47571 263 215 221 298 13 198 376 22571 2 594 14 216 5 1167 782 232 60 9 10 14 0 10 4 190 10 17 22 360 2 664 339 902 6 7 3 13 0 5 3 47 0 1 1 16 0 37 8 219 10 3 5 10 0 4 3 1365 14 18 33 768 0 388 96 353 11 6 12 118 1 12 4 12 0 0 1 15 0 13 4 11 2 0 1 0 0 0 0 7 0 0 0 4 0 5 2 223 10 2 6 17 0 1 1 13 0 0 0 33 0 19 7 387 5 5 1 7 0 2 3 867 5 15 8 401 0 62 21 255 218 30 1177 3 9 15 826 29 4 2 58 5 0 29 372 5 10 0 10 0 0 0 4 0 4 0 27 6 0 9 103 37 18 0 51 1 0 1 17 4 1 0 8 3 0 10 27 21 22 1 29 0 0 0 12 41 29 8 390 16 10 39 438 226 373 21 854 14 7 27 404 5 0 0 17 4 3 19 92 7 3 1 3 1 0 0 1 10 2 0 10 1 0 8 22 1090 655 25 407 14 5 22 75 49 5 6 57 19 6 276 397 688 319 15 94 1 1 8 19 419 82 42 474 97 22 392 1007 67493 371 441 272 354 46 236 360 260 19 51 33 246 14 984 707 368 79 35 13 53 13 21 17 243 15 29 29 328 7 551 324 286 17 44 7 19 2 7 3 59 4 14 7 36 3 40 10 247 15 11 3 15 3 9 3 997 57 51 45 646 30 263 138 487 56 29 20 133 18 19 12 19 0 5 2 20 3 50 26 55 10 3 0 23 2 2 1 15 1 4 2 15 1 23 13 324 16 14 9 17 1 2 4 40 8 3 6 39 3 39 21 395 10 7 3 12 1 2 13 702 40 18 21 375 25 110 49 351 250 77 982 22 28 27 714 16 9 16 17 6 6 41 230 22 17 1 36 1 2 1 31 11 5 8 32 3 4 20 102 68 26 12 34 4 3 3 9 9 5 9 28 9 3 19 55 42 21 8 34 6 7 4 24 55 55 40 461 17 22 34 547 306 352 39 755 15 20 43 396 13 3 6 9 3 5 42 135 21 13 3 20 4 4 1 16 9 4 5 24 6 17 19 37 851 584 45 287 40 25 36 104 31 13 22 50 31 12 332 435 637 299 13 117 26 13 25 51 306 182 65 496 122 65 425 1389 52484 414 342 392 447 68 323 364 410 40 80 51 362 22 833 641 470 74 34 21 75 34 37 24 333 13 44 28 355 15 480 273 2106 39 14 16 43 1 6 4 108 19 19 13 44 6 35 16 340 19 11 3 21 5 4 5 865 70 61 38 581 51 239 105 559 67 50 27 133 33 15 16 43 5 15 3 17 5 51 32 82 26 1 4 47 22 6 4 23 7 2 5 14 12 37 22 417 21 6 7 23 12 4 3 54 15 8 6 50 20 50 14 424 24 4 3 20 5 2 14 579 39 18 30 297 35 136 71 553 341 86 841 35 21 48 580 14 8 9 33 6 10 41 228 53 25 24 72 4 6 10 59 13 10 12 47 6 5 22 90 9985 55 22 64 12 9 9 20 22 11 18 32 8 5 31 66 61 26 8 40 10 12 8 18 64 41 61 446 24 26 81 533 374 386 48 612 33 23 51 308 15 5 2 11 4 4 43 137 39 14 11 43 6 10 12 31 9 5 1 15 3 16 23 88 751 461 37 263 70 31 48 128 34 18 35 51 30 18 359 453 564 229 24 144 43 37 33 96 292 162 71 549 145 101 435 1444 1
44396 338 452 305 364 17 301 428 18087 14 639 35 342 15 1647 840 324 73 7 10 5 1 8 5 373 12 24 35 398 0 862 359 1087 10 18 7 12 1 6 6 142 2 7 2 25 1 68 20 259 18 5 3 8 0 4 1 1904 14 56 20 956 12 589 122 386 7 17 15 68 1 16 6 14 0 2 3 21 1 17 13 15 1 0 0 1 0 0 0 12 0 4 0 2 0 7 5 291 9 2 6 10 0 2 4 48 1 6 1 19 0 37 11 379 5 4 5 8 0 5 4 984 4 21 11 351 4 120 45 398 334 39 1557 22 11 19 854 80 14 12 148 5 12 79 524 16 14 0 21 0 1 0 3 16 5 1 30 1 1 17 126 54 24 1 49 1 1 3 17 15 1 1 27 1 1 16 79 21 36 0 26 0 0 0 12 68 30 8 421 19 14 65 599 303 368 30 947 23 6 25 363 12 9 5 25 5 2 28 121 6 2 0 12 0 0 1 4 5 2 0 18 2 3 15 45 1293 776 71 540 14 9 28 145 155 19 17 127 30 19 424 491 839 368 22 131 2 6 10 30 560 107 48 587 125 29 492 1513 57965 536 600 396 478 48 377 474 548 47 145 61 439 15 1462 863 484 93 36 25 37 9 18 14 427 22 73 40 448 21 860 368 543 32 65 16 41 2 20 7 115 8 14 8 52 6 72 32 390 19 18 8 22 4 7 4 1652 55 55 39 942 34 404 158 524 56 39 27 83 16 19 22 37 3 9 7 25 0 41 32 37 11 7 0 13 3 6 1 23 2 7 3 25 3 30 20 413 22 16 5 33 6 10 6 54 11 4 3 44 4 50 26 466 19 4 7 19 3 6 12 881 44 26 23 462 30 156 93 539 387 138 1363 40 25 57 807 47 20 21 58 12 12 87 340 41 26 7 79 5 6 8 31 13 6 4 53 7 6 38 143 96 54 18 47 10 5 6 25 13 7 17 36 9 5 73 86 64 49 4 37 5 5 5 26 62 52 30 353 25 29 97 538 397 457 51 873 20 17 38 449 18 10 7 33 6 3 57 136 35 20 7 53 5 4 9 31 11 6 3 39 8 17 29 113 1149 813 92 372 64 41 64 165 41 22 57 105 51 30 322 497 790 358 19 149 41 23 22 87 340 128 84 583 155 97 439 1898 43763 636 621 468 547 68 509 584 610 39 157 64 536 27 1525 825 514 94 57 25 67 19 36 21 480 14 63 22 610 24 853 323 2334 77 50 23 48 5 14 13 114 17 19 22 61 17 64 36 504 26 11 8 27 8 7 6 1590 86 52 44 851 68 320 151 622 70 41 30 86 8 32 22 49 13 10 14 23 3 72 39 77 26 7 6 15 6 4 2 50 5 12 10 22 6 35 39 480 42 13 8 35 4 11 4 73 11 18 7 25 3 53 32 565 30 11 6 20 5 6 16 788 66 50 42 376 58 173 153 863 480 125 1224 53 31 54 778 51 15 37 65 16 14 58 250 66 27 20 91 8 2 8 55 25 9 19 39 10 5 42 141 8283 91 23 73 17 10 20 42 28 12 13 47 14 11 59 112 82 46 15 67 15 4 5 23 78 48 62 399 38 32 82 582 441 570 62 813 25 19 39 328 19 6 29 36 10 8 60 171 44 33 15 64 7 9 9 43 10 5 12 45 4 12 25 135 1182 789 84 270 87 68 73 165 60 43 65 82 59 47 305 524 695 278 34 154 42 45 36 133 286 134 83 687 168 142 513 1895 1
48587 242 225 212 282 14 219 388 23728 10 588 16 217 7 1004 641 216 30 6 11 9 1 6 2 261 18 10 14 394 2 638 260 876 6 8 6 12 0 2 3 136 2 1 0 21 1 34 5 197 12 3 2 7 1 1 2 1120 17 33 18 778 4 363 85 312 14 11 0 89 0 19 5 9 0 0 0 15 0 12 5 12 0 0 0 2 0 0 0 3 0 0 0 3 0 5 1 230 4 2 0 20 0 2 2 13 0 1 1 21 0 26 9 377 2 4 2 5 0 2 2 689 3 23 12 314 1 93 20 207 212 28 1207 8 14 11 740 30 7 8 67 4 1 28 344 6 6 0 16 0 1 0 2 7 12 0 24 4 1 11 87 24 13 3 28 0 0 0 13 2 1 0 3 1 1 6 43 16 12 0 17 0 0 1 17 23 33 7 328 16 10 33 432 258 375 13 736 16 5 17 310 6 3 0 2 3 0 22 103 9 4 1 6 1 0 0 1 3 3 0 10 1 0 9 9 789 561 35 330 16 4 19 95 107 9 4 57 20 7 220 364 565 258 12 75 4 1 6 23 345 86 31 438 78 16 339 1089 69746 363 379 257 299 50 298 420 267 20 48 25 293 29 860 550 345 54 27 13 55 9 18 8 301 14 33 20 448 7 570 207 297 18 24 9 17 3 5 4 49 6 6 5 24 4 24 24 283 12 4 7 20 4 6 5 885 50 24 33 723 46 190 108 475 42 23 21 95 25 19 14 15 2 1 4 16 3 42 25 50 14 3 4 24 3 3 8 10 1 2 3 18 4 24 24 286 21 4 6 20 6 5 3 27 6 4 2 24 6 33 23 402 12 5 4 19 4 11 4 537 48 14 24 248 53 91 67 352 308 77 1031 21 27 39 698 19 12 15 27 9 5 31 174 31 10 3 50 0 1 4 36 9 6 3 31 5 5 15 90 64 32 2 27 4 0 3 16 5 4 7 29 2 2 38 78 27 13 4 29 2 1 1 25 35 34 41 319 12 27 74 447 259 395 42 599 19 18 32 276 6 4 4 12 3 3 26 90 19 13 3 41 3 3 5 33 5 5 0 33 3 11 16 86 768 494 25 191 29 25 28 123 21 16 25 51 28 27 226 334 533 194 9 104 32 12 20 60 188 93 61 422 114 63 374 1443 54384 379 351 377 334 40 411 400 349 34 105 53 428 20 756 488 446 61 52 18 46 11 34 23 372 14 43 21 435 18 526 165 2175 36 13 15 40 5 3 5 68 14 16 5 40 20 24 27 361 28 8 8 27 2 6 11 776 60 32 34 635 58 166 122 544 51 36 43 69 16 17 29 32 1 10 10 21 5 60 47 50 15 0 4 21 4 7 4 27 2 8 7 19 1 39 24 349 26 9 8 13 10 9 8 55 14 3 6 34 13 30 30 406 37 4 2 23 5 7 8 485 40 20 37 200 38 85 104 627 401 79 855 42 41 40 627 25 19 10 30 8 6 22 154 56 14 12 75 4 4 9 62 14 14 8 40 7 6 27 99 10185 49 19 55 8 6 8 40 12 7 17 30 5 5 22 74 43 14 10 39 5 6 4 42 46 36 36 316 20 34 75 431 353 377 62 535 23 13 29 224 13 4 7 21 5 4 23 106 46 22 6 50 9 6 12 46 8 6 5 40 5 18 28 95 680 434 32 161 63 34 36 114 32 19 25 85 38 33 234 360 498 135 25 87 42 23 33 105 169 114 81 463 140 102 398 1457 1
47628 271 229 215 289 21 245 336 22613 6 603 11 223 13 1173 705 220 71 4 21 14 1 6 7 253 15 15 25 322 9 703 343 1056 6 14 5 9 0 4 3 47 0 1 1 19 0 26 12 257 20 3 3 11 0 4 2 1393 28 36 26 760 5 371 95 345 12 12 8 125 0 27 4 14 0 0 0 18 1 17 1 19 0 1 0 0 0 0 0 10 0 0 0 7 0 4 0 260 8 5 5 24 0 3 2 22 0 1 0 25 0 22 10 321 3 1 0 6 0 4 0 827 5 9 14 414 2 103 24 203 196 24 1121 9 13 19 658 28 6 0 53 8 4 28 336 3 14 0 23 0 0 0 6 3 7 0 20 2 0 9 90 28 18 1 21 0 0 2 16 4 2 1 12 0 1 4 41 14 23 2 23 0 0 1 11 46 43 3 365 13 7 40 455 254 339 16 781 23 2 21 419 7 4 2 9 2 0 31 80 6 8 0 3 0 0 1 1 3 1 0 14 1 0 8 23 1038 601 30 306 15 2 33 99 32 13 4 41 27 6 272 353 680 348 10 99 5 1 11 21 355 104 36 530 115 28 361 1229 67487 485 364 298 378 40 309 371 276 22 62 39 279 14 989 615 384 76 21 19 20 5 18 15 324 15 30 31 397 12 624 282 286 19 44 6 25 0 8 3 62 4 6 3 25 2 34 18 326 12 13 11 17 3 3 5 1130 53 43 36 707 27 266 101 507 32 27 26 127 17 18 21 17 1 3 5 24 6 54 41 40 11 0 1 20 6 5 6 26 2 6 3 22 3 32 22 282 27 6 5 24 3 5 3 44 2 6 1 26 4 20 28 398 17 9 4 13 4 3 11 778 40 22 30 367 27 100 82 365 286 65 859 34 25 37 574 26 9 20 44 5 6 39 228 28 19 7 45 0 2 2 35 8 5 6 32 5 3 14 92 56 28 13 36 1 9 7 26 7 8 10 32 3 0 28 62 32 27 7 45 3 3 3 31 48 36 47 358 17 23 47 448 333 340 33 639 27 16 18 326 7 2 7 13 7 6 30 106 21 8 6 45 8 2 6 23 5 1 2 27 3 12 23 65 824 601 54 183 42 43 25 122 30 22 19 54 38 30 297 352 588 259 27 113 52 24 28 79 207 135 89 539 126 77 369 1574 52319 590 343 398 434 60 372 353 411 34 106 59 350 23 920 555 450 74 31 22 64 17 15 16 437 15 37 25 457 17 543 217 2141 48 20 12 44 6 10 3 88 20 14 6 59 10 27 19 397 13 8 10 28 5 6 11 926 98 46 30 575 68 243 108 655 60 41 18 92 17 21 15 45 1 14 12 23 8 53 41 75 18 4 5 16 4 4 6 20 5 4 7 18 2 42 23 396 26 10 6 31 3 7 2 73 9 11 13 36 10 29 39 427 37 10 4 23 8 6 17 633 75 21 34 238 44 109 121 550 365 79 732 35 21 38 513 31 5 27 47 10 6 30 214 48 22 16 51 2 4 8 50 15 17 9 37 3 4 22 98 9970 50 23 71 16 10 14 38 21 11 8 41 8 9 27 89 51 20 12 33 12 10 4 29 75 48 50 325 23 23 84 444 389 336 40 543 20 23 30 251 8 9 3 27 13 6 39 126 33 15 10 72 7 4 10 30 9 5 6 32 1 13 32 104 699 534 43 170 68 37 56 120 51 32 31 92 60 40 263 460 482 185 19 142 65 29 31 130 222 157 94 558 137 124 459 1630 1
47814 219 257 223 232 9 246 328 22832 6 601 18 253 6 1148 839 211 46 8 8 7 0 3 2 244 9 16 24 381 2 776 270 893 5 5 0 3 1 4 5 60 0 0 0 20 0 37 17 236 3 2 1 13 0 1 2 1337 14 35 33 827 1 389 88 298 9 10 9 60 2 21 7 3 0 0 0 16 0 11 1 9 0 0 0 0 0 1 1 9 0 0 1 2 0 3 2 248 11 5 4 16 0 3 2 29 0 2 0 22 0 32 15 372 2 3 1 2 0 2 1 739 4 8 6 363 0 89 14 213 221 36 1161 7 7 16 771 38 9 2 68 9 1 33 401 3 14 0 15 0 0 0 2 1 2 0 33 1 1 9 89 18 16 1 42 0 0 0 9 6 0 2 16 0 0 3 30 14 14 0 25 0 0 0 5 44 24 8 334 11 11 29 416 255 323 15 873 17 2 32 322 5 3 0 15 4 1 27 92 9 3 0 3 1 1 0 2 3 3 0 7 0 0 3 20 1080 688 24 366 18 4 19 85 66 9 4 56 22 5 258 339 769 294 8 81 3 0 10 9 428 92 44 458 83 21 375 976 67855 433 251 249 403 20 276 356 289 17 42 33 316 22 991 848 428 70 17 14 35 1 21 8 348 11 25 19 405 8 752 285 321 14 12 2 22 1 1 6 68 3 4 1 29 1 22 11 317 15 6 2 20 4 2 2 984 65 41 39 721 32 293 126 457 38 15 22 49 8 20 17 23 0 4 1 13 3 40 20 46 5 0 0 9 2 1 1 16 1 1 1 5 1 26 14 292 21 5 1 12 2 3 3 45 2 3 0 36 4 25 32 450 8 3 6 12 1 4 8 762 26 7 13 326 17 110 50 259 273 64 1082 22 14 38 760 9 5 2 29 3 8 19 288 18 13 2 42 0 2 2 21 2 5 4 27 3 3 10 92 55 31 6 31 5 3 2 7 7 3 0 12 2 1 10 35 38 22 6 24 5 1 3 18 38 33 27 290 21 29 46 398 284 347 30 859 12 10 31 356 5 2 1 12 6 4 24 100 22 14 2 33 1 4 1 10 1 3 0 23 2 15 26 59 930 661 26 265 33 16 28 122 31 12 22 44 27 18 250 384 759 259 10 97 31 21 28 53 287 126 74 452 112 66 411 1269 52549 514 285 351 506 32 375 390 347 24 86 82 385 17 820 732 550 56 42 14 57 9 25 20 418 13 56 37 444 22 623 241 2155 34 9 8 26 1 3 2 82 10 3 3 54 1 32 18 390 15 4 5 30 2 1 3 827 63 43 43 616 33 281 138 558 44 27 23 66 5 15 10 27 2 4 5 15 1 56 44 55 4 2 4 3 1 2 1 21 2 5 6 33 2 46 32 381 27 8 0 15 2 2 2 53 3 5 1 31 5 34 27 476 42 5 3 12 2 4 12 740 46 17 25 275 34 154 79 546 352 72 859 34 13 42 691 20 7 5 34 3 4 22 278 38 19 8 84 0 2 2 46 18 3 3 31 6 4 21 131 10019 42 10 48 6 3 2 26 10 1 4 24 7 6 21 45 60 14 6 35 3 2 1 22 62 34 25 327 20 31 64 404 355 367 39 786 19 11 28 266 7 4 2 26 1 1 32 129 17 25 4 42 1 0 5 30 8 1 3 30 3 15 26 85 951 575 31 258 46 22 30 131 39 31 12 41 41 22 240 406 666 216 41 151 59 37 30 101 287 141 86 441 111 84 415 1372 1
47479 251 254 196 307 13 219 371 22610 5 601 17 206 11 1213 833 227 62 9 7 11 0 9 2 205 9 11 11 355 3 709 319 1102 5 15 3 5 0 1 4 49 0 3 1 18 0 37 10 193 10 2 2 7 1 5 0 1330 15 40 30 812 2 372 98 334 11 2 12 105 2 15 6 10 0 0 1 8 0 11 3 14 3 0 0 1 0 0 0 7 1 0 0 7 0 1 4 262 5 1 7 18 0 3 3 26 0 0 0 20 1 19 6 358 1 1 0 3 0 7 1 877 0 8 10 361 1 73 11 232 206 28 1131 7 5 14 791 30 10 3 40 5 7 37 380 6 7 1 9 0 0 0 3 1 9 0 27 4 2 9 91 38 8 5 32 1 0 0 10 6 0 0 12 1 1 6 35 15 24 0 25 0 0 0 7 60 27 9 392 16 14 32 465 221 345 21 939 7 3 23 362 3 3 0 6 5 2 12 79 8 6 0 3 0 0 0 1 4 1 0 5 2 2 4 16 1108 681 31 374 12 3 27 87 53 9 9 47 13 6 288 400 724 298 7 81 2 2 10 14 392 104 31 475 96 20 404 941 67440 401 310 280 383 60 228 416 263 27 87 35 248 18 1016 737 321 75 39 13 56 9 27 4 234 14 33 30 374 11 658 273 277 17 38 7 31 2 9 2 66 2 18 5 47 1 38 15 252 15 13 6 17 0 6 2 1077 40 48 37 673 32 259 127 441 51 18 12 123 22 12 14 29 1 4 3 14 0 52 41 48 9 0 1 21 4 1 1 23 3 1 0 12 3 38 21 319 16 15 4 26 1 5 6 45 6 3 2 23 2 29 27 383 8 5 4 18 1 5 10 808 28 20 19 357 42 110 70 497 282 94 895 22 19 28 643 19 6 10 38 4 2 30 287 17 17 8 48 3 4 1 29 11 4 6 30 3 2 11 98 76 37 23 34 6 2 7 5 8 4 13 30 6 1 24 46 48 38 4 32 3 3 5 28 33 44 56 390 16 11 57 456 292 357 42 764 16 10 39 359 6 8 6 8 3 4 34 122 19 15 4 46 0 1 2 17 6 5 4 21 3 11 21 49 896 561 58 277 56 17 31 124 31 5 25 46 26 20 328 384 676 302 19 131 39 20 25 52 303 151 56 451 117 65 366 1331 52270 493 345 366 409 63 368 455 383 34 172 52 338 26 826 588 439 78 47 18 72 10 28 19 299 20 49 20 464 15 588 231 2094 40 26 11 39 5 7 2 97 16 35 12 53 11 28 25 359 27 6 5 22 3 8 4 907 77 61 33 561 50 236 130 493 75 54 25 100 32 15 18 53 7 17 16 18 5 60 41 96 12 4 5 20 5 3 1 29 1 6 4 29 1 45 24 444 34 7 4 13 6 5 1 56 8 13 7 41 16 47 19 439 19 2 3 19 5 2 13 680 65 25 18 262 45 148 72 500 337 105 732 52 26 54 550 30 10 35 28 13 4 32 269 43 17 15 43 6 5 6 53 19 5 8 47 8 4 18 82 10004 65 21 51 12 7 7 13 31 12 22 37 8 7 29 70 75 21 9 30 7 13 7 12 92 48 52 402 24 24 76 500 373 400 61 650 30 17 70 266 9 5 13 24 5 3 51 118 21 12 10 44 9 4 11 23 3 6 6 21 8 10 14 78 815 511 45 253 67 29 44 133 50 20 41 66 39 13 320 454 599 226 16 136 40 22 18 77 362 170 102 500 142 84 439 1385 1
47720 228 182 242 289 14 244 389 22799 8 599 16 232 5 1013 724 213 43 7 12 7 1 8 3 223 9 12 26 346 5 695 302 1010 3 10 5 5 0 1 3 54 1 1 0 17 0 36 11 247 8 3 3 14 0 3 3 1148 12 35 32 814 1 407 108 312 12 4 7 77 0 13 8 7 0 0 1 12 2 12 4 9 1 0 0 0 0 0 0 8 0 0 1 6 0 2 1 263 6 3 1 7 1 2 4 23 1 0 0 26 1 21 5 430 1 5 2 3 0 2 0 825 2 17 9 364 3 87 16 198 194 18 1227 7 2 14 787 33 4 2 66 4 2 29 399 8 9 0 10 0 0 1 4 4 4 0 23 3 1 14 88 30 12 3 45 1 0 1 14 4 0 0 8 0 0 7 30 12 22 1 31 0 0 0 16 37 31 12 363 14 4 37 418 251 359 13 821 19 2 21 381 13 2 0 11 1 2 24 101 8 3 0 4 0 0 1 4 8 4 0 7 2 1 9 18 1119 678 28 394 11 1 27 89 60 10 9 37 26 5 259 369 797 305 11 85 2 1 10 16 469 115 26 460 94 23 374 968 67881 332 235 271 415 23 279 391 289 22 51 28 279 27 746 619 403 57 24 12 54 3 14 11 245 13 23 34 381 19 617 275 267 20 8 4 23 2 10 2 63 9 10 7 34 1 19 17 268 15 6 6 21 0 6 4 962 44 47 42 731 31 311 135 444 42 19 17 95 7 18 12 16 1 2 2 27 1 43 17 60 7 1 0 12 1 1 1 19 1 1 0 9 1 29 10 287 27 4 6 13 2 6 2 44 1 1 2 45 1 45 30 445 15 2 3 20 0 4 7 677 25 7 24 328 20 139 60 623 256 74 1003 22 18 41 697 46 16 12 24 12 5 43 311 31 16 9 51 1 2 8 33 9 3 11 37 7 4 20 117 65 30 10 22 2 3 3 11 14 3 2 20 7 4 16 46 25 25 6 32 2 0 2 30 32 34 33 385 26 33 63 456 306 328 18 729 14 11 34 374 5 1 8 13 1 1 31 118 30 9 3 40 1 1 1 11 8 2 5 21 3 10 22 61 937 580 19 270 40 33 29 123 40 11 19 44 32 23 292 401 776 269 15 156 33 13 20 46 312 161 40 460 132 57 422 1301 52581 425 355 315 489 68 353 397 434 46 372 53 374 30 725 543 471 50 46 11 80 20 31 19 351 23 64 34 398 25 517 218 2096 38 22 13 47 3 14 3 84 22 24 13 61 12 37 23 331 17 10 10 20 3 10 4 806 71 61 35 644 65 251 146 508 78 38 20 74 12 21 13 45 3 14 7 28 4 48 42 84 16 6 0 23 4 1 1 30 4 6 2 24 7 35 26 363 25 9 2 15 6 4 2 55 10 9 3 36 2 42 19 391 27 2 9 22 4 2 15 550 69 28 30 290 33 124 111 555 334 80 768 32 21 39 658 44 14 32 35 10 5 37 282 45 17 13 62 4 1 7 49 10 5 9 48 10 0 22 121 9968 71 16 59 4 5 4 22 6 1 19 17 1 7 26 58 68 24 8 33 2 0 4 27 66 40 49 343 26 23 77 530 372 420 35 636 20 18 40 300 9 8 11 25 8 7 44 120 17 21 4 32 3 3 4 23 10 4 7 22 3 10 30 89 830 457 26 271 45 40 35 146 35 12 33 40 36 18 319 415 757 234 23 190 52 19 18 93 292 162 64 449 147 82 469 1380 1
44187 353 454 365 324 14 327 386 18231 24 620 38 338 9 1410 828 312 86 9 11 17 2 17 10 367 20 19 36 429 7 748 399 1097 9 20 6 12 0 3 5 130 1 11 1 26 1 60 19 318 13 1 2 15 0 6 5 1777 18 58 31 975 7 567 145 367 10 14 9 94 2 18 9 9 0 1 0 13 0 29 6 16 0 1 0 5 0 1 1 17 1 3 0 7 0 6 1 346 10 2 3 18 2 3 1 40 2 2 1 46 0 41 11 369 7 7 6 6 1 6 3 877 6 15 7 522 11 119 27 403 337 59 1533 8 17 28 827 60 8 4 100 3 7 73 612 24 10 0 27 0 0 1 4 6 4 5 30 8 2 13 115 49 34 6 64 1 0 2 14 11 1 2 35 2 1 21 73 24 28 0 25 1 2 2 5 76 38 22 419 13 1 60 545 332 391 32 1005 19 6 30 492 11 5 0 13 4 4 35 141 11 7 3 6 0 0 0 4 7 1 2 10 2 3 5 30 1391 847 56 535 17 6 27 129 113 12 18 84 32 6 344 572 819 440 22 133 10 0 8 25 593 106 77 524 96 25 527 1513 58445 526 505 444 540 47 415 510 514 36 98 59 405 28 1059 795 444 104 37 26 51 4 29 12 419 33 57 52 513 22 712 364 466 32 28 16 51 4 22 5 93 8 13 9 66 6 66 26 372 19 14 11 28 3 18 8 1536 74 65 59 973 35 379 190 623 37 36 22 90 6 28 23 47 2 8 0 28 0 42 34 23 9 6 1 6 4 3 5 21 2 8 8 18 7 37 28 372 19 14 9 26 3 14 3 70 4 4 5 34 5 53 36 445 24 9 5 12 1 8 14 926 37 26 18 458 29 184 95 494 396 101 1291 34 8 56 932 56 18 12 53 18 10 68 433 36 19 5 86 2 1 10 36 11 6 5 47 6 6 25 158 75 48 14 62 6 4 7 20 11 4 9 32 10 10 33 101 57 33 6 52 6 4 6 27 60 56 31 360 27 22 77 561 438 427 65 993 34 21 33 421 13 7 5 19 7 4 50 185 20 16 6 50 2 2 4 29 13 4 10 37 6 8 27 109 1106 882 69 357 58 19 59 199 53 28 33 91 51 18 322 546 769 384 35 199 25 23 29 93 342 169 87 548 157 71 560 1845 44415 662 530 490 653 60 489 585 493 48 89 62 554 26 1006 733 514 95 47 35 95 17 41 22 499 30 71 33 621 26 659 293 2272 54 42 19 64 3 17 7 133 10 16 3 73 10 64 24 446 35 13 17 38 4 9 7 1343 106 65 51 859 60 352 180 668 75 63 28 83 8 32 30 69 7 17 12 26 7 106 67 68 10 4 4 10 2 5 4 32 4 8 10 28 6 59 40 489 34 13 9 23 1 7 5 90 13 12 10 39 7 59 29 525 21 6 10 15 0 2 11 868 54 43 48 340 35 179 111 714 479 132 1126 53 50 61 906 41 16 12 53 20 8 63 327 55 21 26 90 1 6 6 55 23 11 10 60 17 5 42 201 8405 76 22 89 8 14 20 35 22 10 14 53 21 11 56 109 75 46 13 56 11 12 9 40 71 73 36 381 47 41 104 638 478 534 90 878 18 21 19 386 17 11 14 33 11 4 70 167 25 17 14 52 6 3 5 42 6 4 7 33 5 10 43 142 1116 837 63 296 69 46 60 178 66 35 51 104 73 38 346 575 671 315 33 181 46 28 26 147 251 199 101 655 156 112 524 2004 1
47872 298 208 260 320 12 265 417 23108 7 593 12 261 9 920 765 311 61 6 11 13 0 8 6 291 15 15 19 412 0 663 255 923 6 5 2 7 0 3 8 70 1 1 0 26 0 31 16 254 13 4 4 4 0 2 2 1083 19 31 33 817 1 359 90 363 15 10 12 89 0 21 2 10 0 0 0 12 0 19 5 13 0 0 0 2 0 0 0 11 0 0 0 6 0 3 0 305 7 3 3 19 0 6 0 22 0 1 0 12 0 32 9 419 2 2 1 4 1 0 1 797 8 18 4 279 5 107 23 179 242 20 904 6 4 12 747 23 11 4 52 7 1 29 355 4 16 1 18 0 0 0 4 7 3 0 26 4 0 11 92 27 6 3 33 1 0 1 9 2 2 1 6 1 0 4 38 15 24 1 19 0 0 0 12 41 34 8 326 24 7 28 483 225 412 16 745 16 6 24 284 9 5 1 6 5 1 23 105 12 3 1 3 0 0 0 1 7 2 0 8 2 2 9 10 892 701 28 317 18 4 27 99 56 11 2 48 23 8 263 401 722 247 11 76 5 2 9 22 388 88 31 518 89 16 422 1180 68374 450 456 334 436 32 341 435 250 22 68 36 291 23 719 626 433 73 30 27 24 3 28 18 350 22 31 34 468 15 532 222 295 19 24 9 19 3 15 11 53 7 10 7 29 7 40 27 323 22 15 4 28 0 9 7 882 56 33 28 721 45 228 104 540 26 33 25 74 13 21 24 29 5 0 12 30 2 49 25 39 13 1 0 14 1 2 4 28 2 4 6 19 2 45 22 342 28 12 10 21 1 11 7 29 2 6 2 23 3 28 34 386 23 9 9 31 7 9 8 672 47 11 35 225 32 103 85 295 318 79 664 21 28 35 644 8 5 15 20 8 8 47 261 18 21 8 46 2 2 2 29 4 6 4 45 3 7 9 106 56 24 15 31 5 1 5 19 2 7 4 24 4 3 22 54 34 26 4 30 3 8 2 29 25 39 35 352 17 26 56 450 345 383 42 620 20 17 22 202 9 4 7 24 9 6 39 97 14 12 5 44 2 1 0 28 6 2 5 24 7 13 27 90 710 553 47 188 63 36 31 95 36 20 30 56 34 22 260 434 624 201 16 102 46 26 27 70 228 116 72 450 103 98 422 1570 53227 546 343 391 510 85 410 465 373 26 67 43 420 27 636 495 489 76 50 19 76 15 30 28 427 20 34 32 463 17 388 189 2159 50 15 19 36 4 9 8 84 18 9 10 62 22 38 31 383 14 12 7 26 3 11 8 824 54 34 43 557 59 176 118 497 92 43 27 72 26 19 21 50 6 8 6 32 5 49 64 88 17 7 9 14 6 7 5 32 6 4 7 28 6 71 38 433 35 11 12 20 7 6 7 55 11 9 8 23 10 54 28 428 42 11 7 41 7 14 12 548 68 20 41 190 45 132 108 527 397 45 553 39 24 49 550 19 7 12 43 9 2 59 223 37 21 8 58 2 1 7 54 16 8 5 37 7 4 35 117 10077 52 17 48 5 4 9 21 15 6 13 38 3 3 49 111 73 15 4 26 6 7 8 29 72 42 38 302 39 41 88 503 470 425 38 476 14 21 18 149 12 12 5 34 8 5 49 87 32 20 3 64 5 8 3 30 4 5 6 33 6 16 31 116 742 461 42 174 61 44 38 103 54 24 42 90 49 21 252 419 481 176 28 123 54 40 29 122 197 131 122 445 120 119 404 1688 1
47745 197 199 220 294 9 183 366 22561 6 586 13 189 3 1310 846 238 58 3 9 6 0 4 3 198 12 10 14 383 0 804 272 875 4 8 2 1 0 3 3 64 0 3 0 12 0 33 8 213 8 4 4 6 0 5 0 1332 6 27 17 921 4 427 74 367 9 2 7 84 0 7 0 5 0 0 0 9 0 9 2 8 0 0 0 1 0 0 0 6 0 0 0 2 0 1 1 261 5 6 2 17 0 2 0 21 0 0 0 19 0 19 6 381 2 0 2 6 0 0 1 959 3 8 11 245 0 81 7 227 180 25 1208 8 3 13 840 27 7 2 55 2 2 38 384 6 5 0 6 0 0 0 4 4 1 0 24 7 0 8 80 28 9 0 33 1 0 0 15 2 0 0 5 0 0 6 24 13 20 3 26 0 0 0 6 31 26 9 405 14 12 19 489 224 354 13 984 17 4 24 294 6 1 0 11 0 2 18 83 2 3 0 2 1 0 0 0 2 1 0 7 0 1 4 11 1065 747 28 405 8 1 22 80 59 11 4 31 26 2 306 355 819 203 12 85 2 0 5 17 437 99 20 548 90 17 387 805 68134 344 219 226 344 46 237 361 237 20 44 39 238 18 1035 746 334 67 19 14 47 4 10 14 255 8 38 27 398 10 722 260 271 16 4 9 22 3 6 0 65 4 10 6 37 4 26 9 264 12 4 4 16 2 1 4 1042 22 27 26 781 29 284 107 471 49 21 19 117 13 15 8 22 3 6 4 12 3 44 26 83 11 3 2 19 2 0 2 23 0 0 2 9 1 28 11 277 25 7 7 18 2 9 3 31 2 2 1 30 4 33 29 405 6 2 1 12 1 0 7 824 38 14 26 264 15 140 58 248 236 73 856 21 11 40 738 7 9 6 30 8 3 43 251 21 12 4 76 2 0 4 40 9 9 2 42 0 6 19 112 71 28 4 29 6 2 5 18 6 9 6 27 2 4 21 65 34 26 1 41 5 3 2 22 39 31 39 409 18 30 63 501 265 343 38 832 17 17 33 292 3 4 5 16 3 4 31 147 9 17 4 37 0 2 1 16 6 4 4 14 4 13 21 62 868 643 22 279 30 19 33 112 28 14 22 51 30 23 310 425 742 230 11 142 28 10 23 56 291 127 72 579 135 58 432 1168 53039 444 298 355 402 57 339 391 280 32 81 59 320 27 871 644 442 94 27 15 59 23 14 16 342 15 39 33 425 17 606 255 2072 33 18 6 29 4 2 0 91 17 13 4 57 7 34 9 325 23 1 7 26 6 2 3 897 106 44 35 610 46 236 129 510 56 40 24 108 26 21 15 35 8 7 10 21 4 65 36 91 16 2 4 22 12 1 3 26 3 4 5 17 6 22 10 344 26 4 8 27 2 5 2 73 5 8 6 42 7 47 21 461 22 4 3 16 5 2 10 655 41 21 17 264 28 166 87 492 334 74 700 35 22 44 696 12 4 12 33 8 6 32 236 36 18 12 54 4 8 9 32 14 5 9 32 4 3 25 106 10055 67 10 50 13 7 3 20 12 5 8 39 11 5 27 64 67 32 5 50 4 7 4 29 74 36 46 392 28 20 84 514 390 352 54 641 15 11 55 242 10 0 3 17 3 5 44 142 28 21 11 46 2 1 6 36 9 4 8 26 3 10 19 74 752 558 18 242 71 29 50 145 44 14 23 53 27 21 337 479 631 193 12 169 47 19 20 86 267 152 82 575 163 100 443 1343 1
47756 263 194 246 364 10 230 354 22806 8 577 10 214 13 1004 711 256 56 8 12 10 0 4 2 203 10 16 36 349 8 654 300 865 8 7 1 3 0 2 3 55 0 1 2 11 0 27 9 229 8 5 1 12 0 5 2 1137 27 43 40 803 5 371 121 398 12 12 7 126 1 22 5 7 0 1 1 20 0 17 7 13 0 0 0 1 0 0 0 7 0 0 0 3 0 1 2 206 13 1 3 17 0 6 1 15 1 0 0 21 0 30 11 357 3 3 1 11 0 0 2 825 3 9 6 396 0 100 18 273 210 35 1091 8 8 13 829 34 6 5 68 1 4 36 406 9 11 0 17 0 0 1 2 4 4 0 37 1 1 15 101 19 12 1 26 1 0 2 14 4 2 0 11 2 0 10 29 18 20 0 38 0 1 0 5 41 33 6 425 12 12 29 534 231 332 12 847 12 4 27 411 5 4 0 7 4 1 31 92 9 3 1 3 1 0 1 1 2 0 0 12 0 3 4 22 927 689 20 373 10 3 18 110 71 13 4 54 27 10 287 394 754 274 16 84 3 2 7 19 386 94 34 511 92 20 347 1035 68325 363 258 265 439 57 296 355 296 19 41 32 277 13 826 632 367 61 22 22 61 4 24 11 262 12 43 28 367 20 603 319 251 18 9 3 20 1 6 7 69 5 4 1 41 4 33 15 294 24 5 3 24 3 7 6 909 50 40 49 615 36 251 130 446 39 29 24 112 24 10 14 20 1 0 2 21 1 36 9 64 12 1 0 16 3 3 2 20 3 4 4 18 1 25 13 278 18 5 8 21 1 2 3 55 7 4 1 40 1 33 14 379 15 4 3 24 2 5 6 721 25 17 22 402 27 131 67 261 295 42 924 18 23 39 708 10 8 7 29 5 10 25 233 19 17 5 65 2 2 4 29 7 5 5 38 2 1 12 139 51 30 0 30 1 3 5 12 10 7 11 21 0 2 22 49 32 29 8 44 1 1 3 22 33 49 33 458 8 17 51 530 305 347 41 641 21 15 26 385 4 4 4 16 3 2 33 119 14 15 4 30 3 0 5 22 5 5 2 21 4 7 24 68 788 573 25 283 41 12 40 133 32 21 22 48 41 20 315 430 678 304 21 131 16 4 27 64 259 146 45 461 118 69 428 1413 52985 440 441 363 545 66 365 435 337 45 76 44 348 25 810 491 415 96 35 22 56 18 24 26 354 21 66 41 382 21 501 310 2096 29 29 11 42 9 7 5 83 10 11 6 50 3 30 11 366 30 10 4 35 3 10 6 806 79 44 44 491 58 203 149 494 73 46 24 77 16 33 22 40 11 11 4 40 4 62 36 97 9 3 4 23 4 4 8 17 1 5 3 23 4 46 32 364 23 8 7 38 7 9 6 61 4 6 6 64 8 40 23 436 25 3 7 21 7 9 11 593 64 22 19 293 64 105 107 526 385 81 819 35 20 47 572 16 3 10 40 3 5 17 176 35 24 8 58 4 3 9 44 14 11 5 43 2 2 21 122 9999 56 13 81 12 4 3 11 11 6 11 22 6 7 27 55 62 42 9 37 4 8 3 15 87 38 28 456 33 14 52 572 381 412 50 514 27 18 33 317 3 7 8 17 6 5 38 125 15 31 7 46 7 7 7 36 8 3 1 24 5 15 23 112 756 433 41 234 57 37 48 121 38 17 12 38 57 29 329 428 532 261 19 153 60 26 33 78 268 130 67 515 131 82 466 1506 1
53590 128 175 101 66 8 119 165 30667 15 593 12 111 12 577 434 101 17 7 5 9 0 5 4 111 1 8 9 199 3 352 78 745 6 6 2 4 0 4 0 95 0 3 1 11 0 18 7 129 1 3 1 9 0 3 0 441 1 25 4 273 2 253 35 80 2 1 5 10 0 2 0 5 0 1 0 4 0 3 5 6 0 1 0 0 0 0 0 7 0 2 0 1 0 1 2 124 11 4 4 2 0 0 0 17 0 2 0 5 0 12 4 205 3 3 4 1 0 2 0 320 2 8 7 72 2 34 11 137 110 16 357 3 3 16 264 84 2 0 39 2 1 19 203 5 5 0 3 0 0 0 0 2 2 1 8 1 1 5 20 23 14 4 29 0 0 0 8 5 1 1 5 2 0 11 17 10 5 0 5 0 0 0 4 15 6 2 49 5 7 15 114 130 155 24 247 1 2 11 85 14 2 0 6 0 1 9 33 8 3 0 1 0 0 0 1 2 0 0 5 0 3 6 15 474 463 25 187 2 1 11 32 204 8 0 72 8 6 65 143 423 91 8 39 0 2 4 12 274 31 20 100 31 8 119 462 81762 201 223 146 123 15 186 163 275 36 32 22 142 19 576 486 153 26 26 5 5 2 9 8 113 4 19 8 241 4 481 76 296 39 14 8 13 1 6 1 33 0 0 3 9 0 15 18 147 4 5 4 5 0 3 1 430 8 8 4 293 2 176 26 109 10 13 9 9 1 1 6 10 0 0 0 2 0 6 7 8 1 0 0 0 0 2 0 5 0 2 1 2 0 5 4 137 13 3 5 5 1 2 8 18 12 4 2 4 0 9 17 250 2 2 1 1 0 3 7 389 15 11 12 87 7 28 38 289 182 24 401 13 5 14 284 10 9 5 7 2 5 14 120 41 7 1 10 2 0 0 7 5 2 0 10 2 0 12 32 33 23 2 20 2 1 0 12 2 1 0 6 2 0 2 14 15 6 1 6 1 2 1 18 10 6 4 35 7 12 10 89 166 191 17 303 3 6 11 86 5 2 0 5 3 4 9 53 12 4 1 9 0 0 1 6 3 3 1 7 3 7 13 32 647 615 13 138 10 7 18 53 19 12 3 10 15 13 41 125 518 81 17 34 8 3 13 26 175 26 13 80 41 26 103 544 64423 195 328 213 147 16 258 194 342 42 32 26 196 16 691 502 165 24 29 10 12 1 19 5 154 1 16 14 301 9 493 71 2115 42 22 13 7 1 4 14 21 10 3 3 12 7 13 26 174 7 11 5 3 0 0 3 468 9 13 3 297 4 143 21 134 17 25 11 18 4 4 9 18 1 2 4 2 0 8 5 14 0 0 0 0 0 5 1 2 2 1 0 3 0 8 2 178 17 4 8 7 0 7 6 18 4 1 1 4 1 7 14 312 4 6 6 5 0 10 7 391 9 1 5 79 4 21 48 552 225 19 434 22 7 24 223 23 17 8 11 4 10 14 110 51 8 2 10 0 2 4 11 12 3 1 13 3 3 14 28 12201 32 6 31 0 8 3 10 0 4 3 7 3 4 8 13 15 13 0 11 1 1 0 20 9 7 3 33 2 5 8 69 251 226 21 308 3 6 9 100 5 6 3 9 5 5 12 49 16 5 5 8 1 1 2 1 3 2 0 12 3 9 15 37 757 646 18 101 9 2 10 56 19 20 9 23 9 15 19 70 520 75 12 58 11 5 13 60 136 29 12 82 30 46 63 589 1
46089 340 204 299 362 21 228 425 21220 9 592 20 220 13 1070 864 361 81 15 25 11 2 12 10 235 24 22 27 400 10 876 398 818 10 8 4 15 1 7 11 27 2 1 0 14 0 44 25 237 19 5 5 9 0 10 2 922 12 36 33 797 1 513 139 414 19 16 21 70 2 15 10 8 0 0 0 14 0 24 1 20 1 0 0 1 0 0 0 12 0 0 0 8 0 10 1 230 11 5 7 11 0 4 7 18 1 3 0 23 1 50 14 452 5 1 1 10 0 4 1 816 5 31 18 328 6 152 35 148 245 22 913 12 13 17 825 12 6 4 43 5 5 45 552 17 13 2 14 0 1 1 6 4 3 0 25 7 4 17 161 25 22 3 43 1 2 0 23 5 0 0 9 0 0 10 48 23 34 1 23 1 0 2 10 41 39 9 340 20 15 56 553 231 440 22 905 18 4 25 349 5 5 2 24 7 2 33 173 6 8 0 7 1 1 1 5 13 1 0 13 7 1 12 36 990 871 47 536 19 5 48 149 45 19 8 65 38 13 298 558 880 425 27 154 9 5 12 39 524 152 47 578 134 43 548 1244 66182 432 271 285 369 50 251 342 272 25 77 36 243 21 831 605 434 142 31 36 48 19 14 22 259 45 60 50 305 27 609 401 211 23 16 8 35 1 11 13 49 2 12 7 39 4 49 24 239 36 9 7 14 1 11 13 637 41 34 58 536 23 291 179 434 50 24 16 100 11 25 22 15 1 7 3 23 2 76 28 55 16 2 1 10 3 2 1 19 1 5 0 16 3 51 31 266 19 13 6 25 1 14 10 35 4 5 6 45 0 77 37 328 18 14 8 17 5 14 11 579 33 36 37 325 13 189 142 221 250 57 649 23 18 43 567 13 15 3 29 12 11 41 329 29 32 4 58 3 3 3 35 7 13 2 62 9 11 27 217 76 48 7 33 2 3 3 28 9 7 9 20 4 3 28 54 56 71 4 64 5 3 2 36 49 56 19 378 25 34 75 579 267 309 37 578 39 21 43 350 14 10 3 39 11 10 59 208 20 15 1 51 3 2 2 19 6 13 2 32 9 15 39 132 743 622 60 306 60 30 61 226 41 31 24 73 66 27 466 619 526 428 26 226 43 20 47 118 349 203 87 619 195 140 605 1892 52141 490 321 291 404 49 238 243 312 44 97 60 242 38 685 408 505 228 39 37 71 17 31 28 269 36 64 72 247 27 431 376 2164 55 32 23 41 5 17 13 69 13 17 7 58 12 51 43 222 50 8 18 26 3 9 7 477 73 27 51 375 40 203 173 481 75 46 27 102 18 48 37 57 3 20 6 27 3 105 43 73 33 6 8 17 8 3 11 32 13 9 17 47 11 55 50 260 32 23 11 45 3 15 14 54 10 12 7 61 11 89 62 225 34 12 8 38 9 29 39 394 76 39 58 265 53 182 206 651 269 61 450 47 48 49 401 38 18 12 50 11 14 47 245 34 63 11 80 10 8 8 47 21 19 14 75 10 14 44 172 9761 72 9 44 16 17 6 45 12 8 19 32 6 7 24 72 68 86 5 69 14 12 12 55 50 53 37 358 45 49 80 594 268 208 60 377 52 40 62 274 14 10 12 37 8 16 78 203 35 38 3 41 7 6 6 35 6 18 10 56 14 41 55 180 532 446 56 247 111 80 88 210 48 49 52 98 79 57 480 620 365 349 35 218 72 70 57 195 249 201 104 677 191 207 589 2294 1
46073 359 207 239 335 18 223 416 21221 8 590 24 224 14 1087 929 338 94 7 18 17 1 5 8 232 13 15 17 371 8 891 449 872 12 14 11 14 0 6 6 22 2 4 0 19 0 43 24 230 19 4 7 13 1 7 1 995 16 46 39 707 6 516 155 407 12 11 11 89 2 17 2 13 0 2 0 14 0 13 5 21 4 1 1 1 1 0 0 10 1 0 0 13 0 7 4 243 11 4 7 12 0 6 4 14 0 2 1 26 1 36 10 485 8 9 3 8 0 0 1 880 5 26 12 314 4 138 38 154 243 36 959 14 12 17 786 8 7 2 53 5 3 37 476 17 16 3 16 3 0 1 5 5 6 2 29 7 5 25 148 25 20 5 33 0 0 2 18 5 2 2 9 0 0 8 49 23 24 2 38 1 1 0 10 25 36 6 342 15 5 60 530 252 469 11 825 14 6 20 339 5 5 0 20 6 4 39 181 10 5 1 3 0 0 2 5 7 2 0 7 2 0 10 30 990 899 40 498 20 7 31 144 40 24 14 64 44 9 319 541 926 435 27 170 6 6 15 31 522 154 54 581 161 26 550 1260 65952 460 213 249 372 48 223 303 303 25 80 52 276 16 766 624 409 126 25 34 47 15 26 22 268 28 65 70 323 22 600 446 260 13 20 12 41 1 21 11 63 13 10 6 45 3 51 28 238 39 6 10 32 3 4 17 665 54 38 58 482 28 282 182 532 61 26 17 115 15 25 24 27 1 7 6 24 6 67 29 51 17 1 2 7 7 0 1 30 3 2 4 18 4 34 27 281 29 14 6 18 0 17 16 30 2 5 3 44 4 67 43 353 18 9 7 14 1 8 8 589 32 33 36 277 24 229 125 253 299 54 709 27 22 40 535 18 12 7 37 9 5 32 282 38 36 12 54 3 1 3 33 15 14 5 57 7 10 32 186 86 55 10 37 7 2 6 22 13 1 17 18 6 5 27 48 61 61 5 58 6 2 2 36 41 53 23 378 28 27 62 580 270 267 41 539 24 21 40 338 15 6 0 27 13 8 65 183 24 17 0 35 0 2 1 17 16 9 2 34 11 11 35 119 810 589 39 290 62 28 62 230 44 28 32 64 60 32 483 596 659 496 33 203 37 32 35 121 311 222 63 645 176 105 619 1954 51869 575 254 255 491 39 217 225 350 55 110 48 241 26 614 383 504 206 52 45 66 18 33 26 281 49 71 93 247 44 417 336 2195 60 33 9 47 8 22 17 115 12 10 10 72 14 58 35 241 51 14 20 35 8 17 16 537 78 36 60 319 57 230 139 503 68 71 34 146 13 47 39 44 9 15 14 37 4 91 90 89 13 6 5 20 9 8 13 38 6 14 11 27 10 68 48 265 48 19 11 43 7 22 19 65 9 10 7 65 9 71 60 286 33 14 8 42 5 17 34 367 70 26 67 255 39 202 187 623 272 91 520 43 36 48 359 45 21 9 48 11 13 31 178 57 57 14 91 5 9 9 68 14 15 14 71 15 17 44 161 9722 63 13 40 13 9 12 32 14 6 13 32 10 10 42 68 90 73 11 61 15 8 9 57 37 70 44 389 44 50 86 580 254 196 47 346 38 35 56 236 15 14 12 49 12 16 68 189 41 37 11 59 3 9 9 44 18 20 6 57 13 25 70 202 550 403 65 241 93 92 86 184 56 41 39 96 82 61 485 678 487 390 36 201 77 51 72 177 256 207 109 664 159 187 646 2247 1
48420 369 179 182 301 14 174 242 23703 5 601 21 171 11 1066 822 399 123 8 21 10 1 7 3 165 29 11 32 258 9 878 401 773 13 5 8 8 0 2 3 20 0 5 1 13 1 37 20 171 17 3 3 9 0 1 1 734 14 26 30 640 7 382 105 293 15 10 10 93 2 17 10 6 2 1 0 9 0 11 9 16 0 1 0 2 0 1 0 6 0 0 0 4 0 3 2 188 8 7 5 17 0 16 2 11 0 2 0 34 3 35 9 287 4 3 1 6 0 1 1 602 2 13 13 282 2 109 16 119 155 19 756 8 6 14 624 15 10 1 46 7 5 35 419 9 26 0 15 1 0 0 3 2 7 1 30 6 3 17 121 18 15 2 28 0 1 1 13 4 1 1 5 1 1 11 37 33 27 2 23 1 1 0 4 32 30 8 244 19 11 39 439 141 280 19 683 8 7 25 273 3 5 0 27 1 2 24 121 7 10 0 7 0 0 0 1 2 2 0 8 0 0 5 16 914 796 38 461 23 4 24 121 47 18 3 53 26 7 315 509 838 373 24 111 4 2 7 16 426 106 36 448 108 24 483 1052 70930 422 186 189 326 68 205 187 163 16 81 47 190 14 832 553 408 176 13 27 56 25 15 26 164 35 65 59 200 15 582 447 158 22 6 3 16 2 12 7 45 4 13 5 45 1 44 22 202 27 7 7 12 3 3 1 552 43 33 32 430 21 314 190 413 44 18 17 106 12 22 16 15 0 6 1 26 1 57 25 59 17 4 2 11 6 0 3 11 1 4 6 11 3 35 18 154 16 7 5 16 4 5 2 45 8 3 1 42 2 50 21 213 15 4 2 17 5 1 8 438 22 15 35 291 15 197 67 180 180 42 507 17 12 22 464 7 7 8 36 9 7 40 349 29 29 3 48 0 1 4 21 1 9 1 36 5 2 22 146 61 52 6 31 4 8 6 25 7 2 17 11 7 3 27 56 42 61 2 43 6 5 7 23 35 45 17 239 21 29 58 448 170 169 47 477 16 18 41 287 5 3 4 16 2 3 49 176 16 23 2 29 3 6 2 13 1 5 3 25 7 10 27 85 712 596 38 362 62 40 38 190 40 13 18 53 58 23 350 515 575 394 20 146 40 23 28 68 323 155 61 504 169 66 503 1465 56202 491 215 221 354 69 213 194 200 32 129 64 198 27 638 417 456 183 32 52 66 29 31 25 189 39 64 75 207 41 481 382 2057 32 17 11 24 5 5 11 59 6 4 8 43 6 56 33 218 36 15 11 40 10 8 3 431 40 51 50 332 23 264 182 449 72 16 35 104 13 33 25 26 4 13 12 40 2 89 46 72 32 4 5 13 2 2 3 26 5 8 10 26 4 41 40 200 28 8 6 35 4 8 3 57 6 5 6 75 4 62 34 181 34 5 7 40 3 9 8 319 38 16 29 241 26 228 115 535 226 54 423 30 25 32 352 6 10 4 50 8 10 55 262 39 45 3 59 6 6 10 22 8 12 4 51 6 5 38 151 10187 59 5 37 14 9 8 42 8 3 7 23 9 3 35 74 43 70 7 54 10 8 9 29 41 50 21 236 43 27 83 457 183 162 46 358 38 25 58 289 4 6 2 27 6 13 64 218 29 25 5 36 6 5 3 25 4 6 2 26 12 14 31 118 587 492 45 266 101 42 40 215 48 29 33 51 68 36 363 544 452 377 22 161 45 26 24 95 240 199 80 541 194 82 571 1572 1
48417 253 129 179 375 17 212 242 23656 12 591 14 184 10 913 786 254 57 10 10 4 2 4 4 179 19 10 31 257 7 685 344 805 10 4 3 6 1 2 5 14 1 1 2 13 0 26 19 212 10 3 6 6 0 0 0 924 10 39 30 687 1 434 128 314 13 11 9 90 1 13 9 11 0 2 2 13 0 13 2 15 1 0 1 2 0 0 0 3 0 1 0 5 0 4 0 208 14 3 3 13 0 3 1 15 2 0 0 26 0 25 11 296 6 4 1 6 0 2 0 683 3 23 7 334 2 118 19 140 180 19 856 14 9 19 709 9 2 1 31 5 3 22 441 12 14 0 18 2 0 0 4 2 1 0 35 1 0 19 125 28 16 2 43 1 0 3 21 1 1 0 7 1 0 8 44 17 19 0 34 2 1 1 8 37 37 8 324 17 5 33 526 198 291 12 756 21 1 25 312 6 5 0 18 5 0 16 129 12 10 0 5 0 0 0 2 3 2 0 10 3 0 8 24 908 709 41 454 14 5 35 113 39 23 8 51 34 13 253 449 719 353 18 136 4 1 12 13 468 133 47 478 125 22 420 974 71165 315 135 146 367 28 197 218 132 19 52 29 178 17 721 598 296 133 19 25 24 8 11 10 177 31 33 53 203 16 510 376 176 16 10 3 19 3 5 9 45 5 14 1 36 0 30 21 194 35 4 6 16 1 6 3 662 56 30 41 482 37 258 167 344 27 17 12 139 10 25 12 17 1 2 5 30 1 58 30 27 10 2 1 4 6 3 0 10 0 4 3 11 2 27 13 210 14 7 6 23 1 5 1 42 2 5 2 50 3 61 20 206 11 10 3 21 5 9 4 457 25 23 28 319 23 142 92 159 200 41 640 17 18 30 427 13 9 3 41 3 5 25 316 18 37 6 54 1 1 1 22 4 7 3 42 6 3 24 179 39 39 8 47 9 7 5 25 7 5 19 16 0 3 21 52 35 54 1 41 1 7 3 16 47 55 18 383 23 28 64 547 192 222 41 548 32 18 50 363 2 3 5 27 5 2 47 152 18 16 1 27 2 6 3 20 7 8 1 22 4 10 19 110 650 498 49 343 57 28 55 172 41 25 19 54 55 21 376 456 561 395 23 183 24 19 28 101 330 170 55 515 153 81 455 1465 56852 359 129 160 395 37 169 184 140 32 43 32 181 21 591 464 398 170 27 48 54 14 15 26 160 47 29 68 155 29 360 349 2024 30 12 8 26 5 7 11 63 15 15 13 36 5 33 31 172 44 6 18 33 2 7 10 448 67 30 44 421 36 211 150 430 34 23 21 193 7 36 21 26 7 4 5 44 4 91 49 51 10 4 10 20 5 5 3 21 4 8 8 23 6 36 38 200 28 10 7 42 8 13 7 46 9 4 12 52 7 52 32 177 35 8 9 24 5 10 8 365 48 30 34 268 24 170 122 509 189 62 454 19 22 40 327 14 7 8 51 10 9 39 262 31 34 8 101 3 5 4 38 11 12 8 74 5 5 35 148 10152 37 5 34 11 4 9 31 7 7 3 32 5 10 39 96 50 67 4 56 8 7 3 38 49 71 36 410 21 46 86 544 180 160 63 435 35 29 52 303 8 9 9 26 11 12 71 175 22 37 5 47 1 5 8 47 6 20 4 33 5 13 34 130 516 435 53 292 113 58 59 150 45 35 46 66 64 26 417 479 444 327 27 185 52 44 42 133 272 170 77 541 122 134 446 1693 1
53470 164 61 142 175 8 120 176 29027 3 572 13 130 6 445 445 137 26 6 7 6 0 5 4 132 13 7 7 136 2 371 204 717 6 5 2 7 0 6 4 13 1 2 0 6 0 12 4 101 4 2 3 3 0 1 0 434 16 24 19 455 2 255 102 187 3 8 4 32 0 13 3 3 0 0 0 7 0 12 2 3 0 0 0 0 0 0 0 4 1 1 0 5 0 3 1 102 4 1 3 13 0 3 1 9 0 2 0 17 0 13 1 178 0 0 2 2 0 0 0 400 1 10 4 225 2 95 11 42 103 3 439 12 2 9 459 2 2 1 18 7 1 14 308 6 11 0 9 0 0 0 4 4 1 0 14 0 2 14 96 2 11 1 11 0 1 0 8 0 0 0 1 0 0 2 18 8 20 1 12 1 0 0 3 18 19 6 115 7 1 20 306 102 169 5 425 12 1 15 185 2 2 0 14 3 0 14 103 2 3 0 5 0 0 0 1 4 2 1 4 0 1 3 10 399 378 9 252 11 2 11 71 21 5 3 20 12 1 124 228 351 193 8 84 4 1 6 8 242 69 16 268 77 8 237 517 81888 165 72 120 184 20 120 104 72 8 10 19 106 12 364 352 158 34 15 15 23 5 12 10 97 14 19 39 99 5 292 227 69 8 5 2 11 0 2 3 17 0 0 0 13 1 17 10 99 22 6 4 7 0 1 5 314 31 19 31 325 18 207 134 158 18 16 11 69 1 12 6 13 2 3 3 16 1 33 13 28 4 0 0 3 0 1 1 13 1 2 3 9 2 13 4 85 6 4 3 18 2 6 1 17 2 2 1 24 1 16 9 88 9 4 2 10 0 3 1 309 22 18 14 233 6 106 48 57 104 16 310 10 14 25 327 3 3 0 25 6 1 13 209 9 12 1 38 0 1 0 11 6 5 4 27 6 4 17 141 14 25 0 14 4 2 0 8 0 4 3 7 2 2 6 23 11 32 0 29 2 1 2 11 21 29 8 120 14 10 20 316 106 92 21 261 20 10 32 232 4 1 0 7 10 4 22 115 4 4 3 13 1 1 1 5 4 1 6 14 2 2 18 53 333 311 24 187 33 15 22 109 21 12 6 25 20 7 135 241 264 200 9 121 21 12 9 45 152 100 24 262 106 42 264 800 67049 205 93 86 175 28 102 73 90 24 27 37 92 12 299 264 193 82 16 22 10 7 5 9 78 20 26 45 76 5 208 226 1901 11 3 6 15 2 6 7 19 4 0 2 26 3 21 21 85 18 3 5 19 1 6 10 236 44 22 43 253 32 182 131 172 10 18 15 89 7 15 7 13 0 6 3 21 4 48 36 16 4 3 5 8 3 2 4 19 2 1 1 9 0 26 22 73 11 5 4 22 1 5 4 36 10 5 3 31 4 29 26 58 9 3 4 16 2 6 3 236 37 15 19 178 16 115 88 369 94 30 234 13 7 33 274 10 5 1 33 9 8 23 157 11 29 4 50 3 2 4 30 6 8 1 39 6 3 10 119 10888 19 3 17 5 2 2 18 2 4 1 9 2 1 19 41 21 29 3 35 4 1 3 23 15 34 10 117 23 22 35 351 75 83 23 196 22 12 37 179 4 0 5 21 16 4 32 134 5 7 2 20 1 2 2 16 5 5 4 23 6 4 26 102 267 249 23 153 56 33 25 113 18 6 10 30 29 14 136 277 199 162 16 111 35 26 22 71 137 112 28 254 120 81 249 961 1
51284 226 108 182 199 16 186 332 27250 6 579 17 162 10 488 592 190 32 3 9 11 0 5 2 167 6 11 13 318 0 577 219 685 7 7 5 7 0 5 6 18 0 2 0 14 2 13 22 163 10 3 3 4 0 4 4 327 10 20 10 510 3 341 141 199 9 13 9 22 0 7 2 7 0 1 2 7 0 15 4 12 0 0 0 0 0 0 0 12 0 0 1 1 0 3 3 158 12 6 7 3 0 5 3 11 1 0 1 10 0 16 12 328 5 4 5 2 0 4 1 457 2 19 14 211 2 125 24 90 161 8 343 8 10 8 485 18 9 2 24 4 10 25 327 8 4 0 7 1 0 0 3 6 2 0 27 6 1 26 123 11 15 1 10 0 0 0 11 4 1 0 2 1 0 1 45 8 17 1 12 0 0 0 8 19 13 3 87 17 12 36 279 182 324 12 500 8 8 8 196 9 8 0 19 2 2 20 133 12 3 0 5 0 0 1 2 3 1 2 3 1 2 8 25 564 500 15 298 8 5 21 142 43 13 2 41 22 10 135 332 646 220 24 143 8 1 7 28 288 115 36 319 122 36 347 843 77519 239 179 177 253 21 205 247 189 23 21 24 235 16 436 409 255 42 23 15 21 8 23 19 162 21 26 23 221 14 354 259 174 17 9 11 19 3 12 16 16 1 4 2 16 3 29 31 161 8 8 8 21 4 15 14 230 27 22 17 316 30 207 160 270 24 16 19 25 1 12 18 24 3 2 2 26 0 15 27 26 6 2 0 3 0 2 2 16 0 4 1 13 6 40 12 190 21 12 12 13 2 11 6 17 2 3 0 11 1 24 32 227 8 18 11 15 0 7 18 278 19 21 26 182 13 138 136 183 146 23 272 24 21 21 299 16 7 1 20 17 11 27 194 20 12 4 23 1 1 3 21 8 10 2 21 9 9 23 153 33 28 2 20 1 2 2 28 3 6 0 3 2 1 6 35 30 13 0 19 1 4 0 21 19 37 3 70 25 30 35 281 222 230 15 367 25 15 11 145 6 6 1 20 14 15 27 157 15 13 2 31 1 2 1 11 8 7 2 35 14 6 34 99 457 347 35 161 37 36 34 153 26 26 7 27 15 27 109 295 457 221 25 157 41 18 26 125 172 142 32 339 155 106 325 1303 61205 251 259 149 290 30 209 183 246 26 64 30 242 24 361 322 256 48 34 28 34 3 31 17 162 21 33 20 209 20 277 208 1993 20 15 19 26 10 11 23 20 2 5 7 24 2 36 40 160 16 5 16 13 10 22 24 170 25 29 37 210 32 188 170 328 25 22 23 37 5 16 19 27 7 8 3 26 6 33 41 41 5 7 1 4 1 2 6 18 3 4 1 28 5 42 37 239 25 16 21 17 3 13 35 17 6 6 15 8 3 28 51 168 19 14 12 17 3 16 34 159 13 21 39 121 33 134 183 436 154 35 209 37 36 18 185 23 18 3 18 23 24 31 171 25 22 2 30 3 6 3 22 12 13 4 27 19 17 41 127 12228 31 3 16 2 8 3 29 7 5 1 10 8 7 10 38 33 26 0 21 5 4 6 33 23 38 14 73 28 33 35 287 226 194 22 223 24 16 10 99 11 20 1 19 23 23 25 133 28 20 7 41 2 4 4 23 19 14 3 44 15 27 33 173 422 248 26 129 31 34 37 141 30 41 9 43 28 43 134 357 355 219 49 124 35 44 53 192 136 133 34 345 148 191 350 1426 2
42356 327 444 400 270 17 387 496 15561 14 662 40 369 7 1726 1210 327 50 15 18 13 0 10 7 408 28 19 36 383 7 1052 387 1158 20 26 15 10 0 20 13 71 1 6 3 22 1 90 38 432 15 11 5 10 0 5 3 1575 14 92 35 1073 6 645 140 269 15 10 9 22 0 4 4 17 0 1 1 9 0 14 2 14 1 0 0 1 0 0 0 9 0 1 1 7 0 4 2 381 9 8 4 9 0 5 2 32 2 4 2 29 0 56 13 449 4 9 2 6 0 2 1 1201 5 39 18 309 0 149 35 420 392 67 1435 8 13 43 1018 31 13 9 60 13 9 91 712 16 16 0 9 0 0 0 4 8 8 3 31 9 1 42 159 69 44 4 77 2 2 3 50 2 2 2 10 2 1 25 93 36 25 2 26 0 0 1 20 70 39 9 291 53 17 87 610 402 452 40 1044 8 8 21 291 14 8 6 40 10 2 41 148 22 7 1 7 0 0 1 2 8 0 0 17 7 2 20 32 1932 1231 71 717 7 7 38 155 82 52 23 84 35 10 524 768 1241 522 39 171 4 3 19 32 726 154 101 638 171 34 683 1464 55846 424 468 358 388 32 336 391 476 51 115 89 395 28 1105 1136 433 76 42 25 34 8 29 19 399 31 72 62 365 25 974 446 423 27 28 21 36 2 29 20 64 5 13 10 59 3 78 58 443 31 15 20 21 1 23 16 1078 51 67 69 920 37 380 252 372 22 43 27 42 2 26 20 33 4 7 8 22 3 61 59 25 3 3 3 3 0 0 7 22 5 6 6 10 2 64 25 390 22 17 9 23 1 23 6 67 5 10 8 47 1 81 83 388 20 15 13 17 4 11 14 1061 48 62 63 396 17 217 173 445 377 97 1000 44 38 72 872 34 20 17 78 20 21 93 384 38 30 1 38 4 5 6 44 16 17 8 61 23 12 63 223 100 64 8 55 5 7 8 59 11 3 1 13 4 5 22 91 79 53 4 63 1 2 6 63 77 41 14 270 57 82 78 657 377 387 60 966 32 21 42 321 18 14 7 37 16 8 61 226 18 20 5 35 3 0 4 14 10 8 8 54 11 13 55 134 1334 1187 63 466 53 47 77 227 63 59 25 64 66 62 504 821 1178 582 33 198 74 33 73 177 453 272 87 723 226 168 861 2066 44264 438 453 314 425 57 319 341 480 59 145 94 377 46 978 931 501 88 59 29 45 4 55 38 378 35 102 51 314 32 743 459 2382 55 42 20 39 10 33 20 92 12 26 9 81 6 78 63 380 44 22 24 54 9 21 34 777 64 84 87 704 67 271 242 462 53 50 34 66 8 39 28 69 5 18 7 30 10 86 114 56 10 3 6 5 2 5 4 45 6 10 18 21 10 109 77 443 36 23 17 41 6 23 17 60 8 12 2 45 6 85 103 324 52 24 21 29 4 28 46 886 71 65 127 378 50 241 296 913 363 93 767 47 52 65 612 36 38 23 89 42 27 87 318 59 34 10 85 2 11 15 76 27 26 17 44 37 23 63 230 7256 90 11 65 8 9 8 53 7 8 7 17 12 18 26 90 89 82 10 64 10 7 10 124 86 78 22 284 78 132 96 658 367 373 92 755 29 21 56 333 15 22 12 59 17 17 75 205 29 45 1 74 5 7 5 40 23 19 12 105 19 19 100 192 1059 984 80 328 98 108 82 227 69 60 33 58 67 94 480 922 946 578 54 218 100 71 99 253 357 263 82 803 230 224 1013 2394 2
48301 428 351 222 219 17 247 244 21988 16 650 43 228 8 1317 838 418 109 10 12 15 1 17 8 246 16 26 27 276 10 837 432 944 12 14 10 14 0 13 4 82 0 7 3 19 0 68 22 236 17 3 6 4 0 12 3 785 10 36 18 518 5 430 111 220 16 10 5 37 1 8 4 6 1 1 0 8 0 12 4 12 1 0 0 1 0 0 0 15 0 2 0 3 0 5 2 212 18 5 8 5 0 4 2 27 0 4 2 25 0 40 27 265 6 4 5 3 0 3 3 550 3 18 12 190 0 124 36 269 229 31 733 8 8 17 508 52 9 7 74 8 3 66 475 20 20 1 10 1 1 0 6 5 4 0 27 4 3 21 108 39 24 2 39 0 0 2 17 5 1 0 10 0 0 17 61 28 24 1 22 0 1 1 9 44 25 5 172 20 11 60 378 211 273 20 512 4 3 24 212 11 7 1 23 8 1 36 101 19 13 2 3 0 0 0 3 11 4 1 14 4 1 11 39 1215 791 52 418 12 5 36 92 102 19 18 76 31 17 437 629 774 347 19 95 6 3 23 39 481 123 58 342 113 34 666 1167 68181 488 357 271 277 43 288 213 296 45 126 78 256 15 895 654 477 197 33 20 49 17 28 19 266 33 56 44 247 17 637 448 348 23 41 25 23 2 22 13 67 0 7 4 35 5 67 48 294 22 12 11 23 5 7 3 558 40 29 23 452 33 275 139 288 33 33 20 51 13 19 18 20 3 15 9 19 3 85 60 48 13 6 7 8 5 5 5 20 4 13 9 19 3 55 49 262 21 10 10 18 4 7 9 35 0 7 2 21 0 65 45 228 18 9 5 5 1 13 8 432 34 27 24 282 15 175 95 308 283 56 498 31 25 44 475 29 16 15 43 19 16 47 315 27 29 4 46 4 10 11 22 17 18 4 44 20 7 32 159 131 76 17 38 7 6 13 31 7 7 6 11 3 8 36 55 52 43 5 34 6 8 3 28 39 35 9 150 32 31 64 347 228 222 43 400 20 20 32 264 17 11 6 26 8 7 57 166 23 17 5 39 5 2 7 28 13 10 7 39 4 8 58 87 941 580 61 258 86 58 50 154 55 24 23 46 51 30 454 567 659 389 39 163 67 52 41 98 281 151 61 289 132 99 573 1741 52736 586 396 263 433 98 262 225 305 48 143 96 243 42 687 488 554 156 40 46 69 26 52 33 260 37 59 57 204 27 514 371 2136 37 47 18 33 6 21 22 75 7 13 10 41 7 62 50 295 40 22 11 33 7 13 14 474 53 38 25 374 62 190 141 355 50 44 27 53 14 38 36 36 4 8 17 27 6 73 67 48 15 5 4 11 8 2 10 17 5 15 13 22 7 78 58 287 24 17 17 21 3 19 10 46 1 6 6 30 3 64 74 254 29 15 8 15 3 10 10 349 32 31 39 231 33 188 185 558 268 66 434 33 30 65 434 37 13 18 49 23 17 73 290 37 24 7 47 8 11 8 31 20 13 14 52 15 13 60 175 10845 60 26 45 18 12 15 41 14 9 7 27 25 6 88 124 64 43 3 38 9 9 8 39 36 43 31 127 54 53 125 403 229 192 42 320 20 17 24 238 10 16 14 53 16 7 53 204 28 24 9 30 6 7 7 36 14 16 3 57 11 16 58 149 812 503 49 221 96 81 54 178 62 33 41 71 70 34 446 644 582 351 50 156 86 62 61 129 234 163 81 362 157 158 680 1775 2
44457 398 368 277 268 16 286 362 18639 23 663 33 262 23 1515 985 404 85 16 27 27 1 19 9 297 16 20 38 317 8 954 429 1101 12 31 5 10 0 11 3 87 2 8 1 23 2 73 36 344 18 11 7 19 0 8 3 996 11 60 18 650 5 612 160 258 14 19 12 54 0 15 9 13 0 2 1 8 2 20 2 26 0 0 1 1 0 1 1 15 0 0 1 7 0 13 1 316 7 10 8 6 2 10 6 26 1 1 1 19 0 42 16 407 11 7 6 6 1 2 2 852 4 30 16 335 2 151 46 439 327 55 1020 17 13 18 704 62 11 14 86 8 3 70 629 17 16 3 13 0 0 0 2 10 7 3 23 4 4 29 152 62 31 10 51 0 3 2 23 11 3 0 15 6 1 13 66 36 23 0 25 0 0 1 17 54 32 8 253 23 10 56 431 317 391 23 698 11 9 20 331 9 4 4 24 5 7 32 138 24 5 1 8 0 0 1 2 13 4 2 17 3 1 15 43 1749 1151 62 743 14 7 32 174 109 37 18 87 40 18 428 649 1202 443 50 163 5 4 19 48 724 148 86 452 165 31 673 1384 60185 528 427 356 414 54 331 312 446 38 112 77 328 29 1128 878 497 87 43 28 63 10 47 33 361 18 64 43 303 24 769 503 477 43 37 28 34 4 27 16 88 6 10 6 40 8 65 44 353 26 25 14 33 5 10 12 688 44 62 37 549 31 358 235 379 42 36 30 48 7 27 18 41 2 7 4 28 2 53 62 49 12 6 3 4 3 3 2 25 3 5 4 22 3 55 35 374 31 12 18 23 5 20 13 48 13 7 8 40 3 34 54 376 12 10 16 26 6 10 21 738 45 39 38 364 24 284 128 520 399 102 688 41 27 49 565 42 14 13 62 17 10 80 407 43 26 3 35 5 4 7 38 27 20 11 36 16 9 56 222 135 80 16 58 2 3 9 41 15 10 13 21 8 6 38 83 67 52 6 39 5 0 6 30 61 48 37 182 17 38 68 458 368 379 64 682 24 22 34 359 22 21 9 41 14 11 39 237 38 23 7 30 2 1 3 14 15 14 4 37 20 7 39 125 1294 1115 70 493 66 58 48 227 61 51 25 66 47 54 319 652 1146 491 51 247 89 26 68 148 483 248 65 462 235 130 653 1786 46323 554 533 380 492 45 314 267 486 61 136 70 345 41 1084 791 468 107 65 40 69 16 44 41 380 34 76 64 263 28 635 522 2325 77 60 49 52 7 32 16 117 12 24 20 67 10 75 51 344 38 37 15 48 5 15 12 566 48 54 50 462 31 303 241 386 84 49 33 62 13 24 36 62 2 6 9 29 5 42 58 72 15 6 9 15 3 8 9 39 4 11 5 29 1 44 47 440 44 35 16 31 7 28 19 59 13 14 6 46 12 58 79 389 37 18 13 50 7 26 17 575 52 46 49 320 60 254 241 838 392 140 609 48 32 62 470 41 41 25 59 21 27 74 353 50 38 12 41 9 4 8 58 30 16 12 30 31 17 59 219 8918 103 28 69 10 6 4 38 17 10 11 28 12 7 38 86 76 48 8 44 13 6 13 49 93 48 43 181 40 48 114 459 380 330 80 578 34 37 48 337 27 26 8 50 19 21 52 293 54 51 7 35 2 7 9 38 23 23 7 39 23 14 70 183 1132 863 93 425 66 103 62 289 90 67 23 105 47 77 283 646 946 485 88 262 107 65 90 214 483 290 99 480 256 200 750 2024 2
44819 415 307 330 281 21 345 432 19188 21 621 46 343 23 1312 1128 373 69 24 21 17 0 16 12 327 22 33 29 410 14 902 438 963 15 25 12 10 2 14 11 48 1 3 1 27 2 84 53 320 18 18 10 10 0 9 4 1029 13 62 36 855 3 668 199 284 13 10 10 34 1 11 7 12 0 1 2 13 0 15 5 23 0 0 0 1 0 0 0 14 0 0 2 5 0 9 2 298 20 9 10 9 1 5 3 31 0 8 0 33 0 41 14 368 2 6 2 6 0 5 0 793 2 33 13 291 1 173 52 296 328 45 837 11 18 33 784 38 15 4 39 20 10 62 708 11 18 2 10 2 1 0 6 9 3 2 31 3 7 48 182 50 35 3 42 1 2 4 50 5 3 2 15 3 1 10 86 28 25 4 27 1 2 3 9 63 39 7 230 32 23 96 473 328 348 29 818 15 7 26 288 13 11 2 21 3 1 45 176 18 5 1 5 2 0 0 3 9 8 0 10 3 2 12 38 1184 990 66 627 22 7 42 183 59 32 16 79 33 8 348 616 1032 463 43 185 10 5 12 39 648 175 93 487 162 31 636 1412 62526 544 349 317 325 33 295 326 353 65 66 82 303 37 860 1006 482 100 37 34 51 5 37 23 290 35 57 47 321 16 788 432 328 38 17 19 29 7 17 30 64 4 9 4 44 7 71 59 296 34 25 15 27 1 16 11 706 29 57 47 733 28 471 230 299 29 33 23 40 2 22 16 30 6 6 3 34 4 58 53 24 5 3 2 3 2 0 4 17 0 2 2 15 0 37 25 247 27 16 21 21 2 18 14 54 7 8 10 41 2 73 65 263 18 20 16 19 1 18 11 639 26 66 53 354 17 264 177 368 312 64 589 29 25 64 597 29 23 13 46 29 22 67 445 41 42 7 39 5 2 6 37 25 15 7 48 14 10 48 254 67 67 4 42 7 2 8 53 8 6 2 12 10 6 24 87 52 48 10 50 4 3 4 44 72 49 14 186 74 53 106 498 254 229 51 710 16 16 39 340 18 11 7 53 18 14 72 288 24 14 5 21 4 1 5 16 11 11 4 39 11 9 68 152 783 839 61 434 45 47 75 269 76 65 19 84 70 62 318 673 897 438 71 249 39 26 59 176 410 199 75 516 240 160 659 1975 48852 605 354 291 321 71 251 303 420 70 109 90 261 54 651 755 499 123 74 54 54 14 43 33 264 31 56 25 270 25 583 384 2243 65 36 25 55 7 28 29 84 8 9 8 58 12 86 82 257 52 38 31 46 9 34 21 553 48 67 50 601 44 357 272 318 67 51 44 59 8 24 32 41 12 17 18 41 4 81 99 52 14 10 15 5 1 8 12 32 8 20 9 31 2 40 50 225 29 20 28 34 3 15 25 49 10 7 6 60 12 69 87 188 40 40 24 26 4 21 27 497 43 59 58 349 39 310 244 729 291 98 424 51 34 69 433 56 45 9 72 34 22 80 418 77 40 7 39 12 3 15 48 36 15 7 48 26 20 70 246 9385 73 9 58 12 11 17 72 25 10 9 20 12 9 40 106 80 59 9 52 12 4 12 86 77 47 29 174 68 91 99 526 220 223 66 555 34 23 49 342 21 29 10 56 20 17 80 296 47 27 23 65 6 6 15 42 23 21 10 68 15 18 104 229 627 635 91 355 67 44 76 292 74 84 38 123 66 77 305 683 689 391 56 269 53 56 70 253 311 235 86 537 264 233 708 2311 2
43694 527 339 351 396 22 301 333 17950 22 629 35 301 21 1193 949 460 127 20 33 28 2 18 12 335 18 29 33 398 16 981 461 1055 25 29 22 19 0 15 15 81 4 8 5 27 1 57 31 364 28 16 9 27 0 11 8 916 15 53 25 669 3 634 169 455 17 21 20 124 2 19 8 18 1 3 1 28 0 20 11 18 4 0 1 1 0 0 0 17 0 0 1 8 1 14 2 357 22 14 16 14 0 4 4 34 2 1 1 18 1 39 21 412 12 6 4 14 0 2 2 695 13 26 11 406 6 181 66 420 364 53 870 19 15 31 684 38 20 13 78 14 7 67 620 26 25 8 25 0 1 1 10 12 11 3 29 9 7 28 176 52 31 3 69 2 0 3 21 7 2 2 12 4 4 16 69 20 35 4 46 0 0 2 13 60 32 12 326 24 26 86 546 348 375 29 620 18 8 26 423 23 7 5 30 11 5 46 215 28 15 5 9 0 0 1 8 16 3 4 13 8 0 27 54 1533 1109 64 720 18 12 38 179 114 37 20 117 39 27 386 729 1011 510 43 178 18 10 22 65 692 193 81 585 220 47 666 1846 58896 674 444 373 492 76 356 333 468 58 121 61 347 42 927 676 609 114 51 45 62 21 36 26 362 27 75 50 324 25 729 517 508 59 45 35 40 7 39 15 64 6 11 6 42 6 54 36 364 48 36 11 32 5 22 16 579 60 35 28 491 42 439 213 507 66 40 34 102 15 28 27 43 9 5 5 23 8 68 62 77 19 8 4 13 0 3 6 42 2 14 3 38 4 55 31 499 57 36 15 19 6 14 16 67 12 5 4 42 9 53 59 397 42 21 14 27 4 13 9 525 62 41 38 374 27 253 143 597 410 84 651 29 27 50 533 50 29 15 52 29 22 50 386 64 29 11 57 8 2 1 62 32 21 8 37 25 13 39 201 124 71 12 59 7 2 17 46 13 5 10 26 8 8 43 122 61 31 9 52 6 6 6 43 50 34 34 227 35 35 102 514 435 373 48 548 36 26 40 405 32 21 12 36 25 20 43 251 50 34 7 36 6 4 1 44 33 11 8 34 15 8 62 128 1062 987 60 485 51 68 40 262 71 48 42 88 59 57 298 696 888 539 50 239 60 34 56 141 470 239 109 587 274 166 716 2445 44826 729 560 406 524 72 474 302 557 69 172 93 446 64 866 529 627 138 67 54 82 13 47 37 415 38 78 53 337 33 568 430 2394 73 70 45 56 5 59 36 113 14 15 6 49 13 59 51 421 63 51 26 48 5 34 11 573 44 42 42 351 37 341 235 561 68 53 28 95 15 45 30 58 8 12 6 42 11 63 74 77 12 9 10 18 7 10 4 50 11 3 8 36 8 72 58 507 83 51 33 34 10 32 26 88 16 14 11 47 13 57 60 400 48 34 16 31 8 32 18 411 65 49 46 332 67 280 269 895 472 135 572 50 54 63 384 80 30 18 73 37 29 68 291 103 44 14 55 6 7 16 51 59 22 19 39 40 22 51 240 8685 113 29 60 14 10 9 63 16 19 2 20 14 9 50 105 106 72 6 44 9 9 9 56 83 35 30 206 52 33 97 525 539 360 58 429 51 38 61 311 46 44 8 48 27 20 51 253 80 46 21 49 13 8 16 65 27 22 12 46 38 14 83 246 1004 738 48 409 82 84 45 275 65 64 17 99 52 96 262 696 673 485 81 281 101 66 90 279 395 257 125 576 266 234 738 2684 2
50630 292 226 194 214 13 202 220 26406 14 594 20 226 23 950 700 291 38 23 12 17 0 16 4 173 8 21 15 228 7 635 255 794 23 9 12 10 0 5 5 49 1 1 4 13 0 24 23 191 7 10 7 19 0 11 6 388 7 27 18 335 2 310 105 191 15 9 9 30 2 8 6 13 1 0 0 7 0 11 2 11 1 1 1 0 0 2 0 11 0 0 0 7 1 6 4 199 12 9 5 12 0 7 0 29 0 1 2 12 2 18 6 257 7 4 2 6 0 4 1 335 4 14 8 160 1 71 32 165 158 17 361 7 10 11 283 55 11 7 52 7 10 32 332 13 5 0 3 1 1 1 4 9 5 0 12 11 3 31 88 22 23 1 27 0 1 1 17 7 0 0 2 1 1 5 30 18 15 1 16 1 0 2 3 20 20 6 116 19 10 53 283 164 255 13 337 8 4 15 144 11 10 5 16 16 2 16 116 8 5 2 5 0 0 3 0 5 1 0 7 5 3 15 37 871 653 27 327 6 3 15 94 137 24 7 73 22 19 227 389 708 242 13 93 2 1 10 27 332 110 36 250 103 27 384 978 74953 329 344 210 232 27 277 203 271 34 62 65 276 25 1037 616 324 64 34 26 30 6 36 18 155 24 42 34 185 22 529 330 307 27 24 10 29 4 6 16 26 3 8 3 14 2 37 34 179 29 15 26 19 1 13 10 240 24 29 33 214 15 165 111 290 24 20 14 30 1 9 13 16 5 4 3 18 2 28 10 40 3 5 0 7 0 2 2 14 0 3 6 11 2 19 19 294 24 9 9 15 1 11 7 22 1 2 6 15 1 15 16 199 15 14 13 10 3 9 7 274 17 19 29 142 23 93 88 303 175 36 242 16 15 20 218 12 16 7 27 9 12 27 172 32 17 1 18 4 2 2 14 12 20 4 24 17 12 23 137 68 34 12 19 2 9 3 26 7 3 7 16 3 3 11 38 38 29 3 21 4 2 4 20 17 29 12 70 20 15 44 265 248 202 22 233 27 18 17 145 7 9 3 15 16 12 28 95 31 19 3 14 0 2 3 17 14 11 3 33 11 8 40 107 1006 591 18 158 13 21 17 86 17 23 5 31 25 29 140 301 684 326 21 100 31 19 15 89 161 113 35 271 99 114 316 1432 57541 378 412 243 333 32 354 219 357 59 148 85 357 52 1092 551 383 64 46 38 39 13 51 21 171 27 47 30 185 26 507 328 2086 44 22 19 21 4 13 13 34 8 9 7 19 5 35 35 185 25 14 12 22 2 13 15 243 11 27 29 151 17 128 119 345 30 23 23 21 2 16 11 34 5 12 7 16 3 25 33 39 3 4 4 4 2 4 2 22 1 5 8 17 2 26 34 351 37 18 10 8 3 14 16 29 4 4 8 10 4 18 28 200 33 12 10 16 3 12 20 208 16 19 24 120 31 103 124 586 207 52 276 20 15 19 172 22 24 9 18 22 13 29 132 40 30 4 18 2 6 9 28 15 13 8 18 17 13 32 142 12275 53 8 21 12 15 3 35 8 7 3 10 4 9 19 69 66 24 11 20 14 9 7 30 32 11 17 74 22 22 66 291 332 203 23 157 20 16 12 101 16 17 3 26 17 11 32 114 39 35 9 24 2 1 4 30 9 10 9 28 7 18 27 121 1130 505 24 134 15 21 11 90 22 21 11 40 9 28 108 291 662 347 23 126 38 28 23 120 159 112 51 261 103 138 327 1363 2
42518 368 304 345 172 13 306 466 18218 21 607 23 286 21 1442 1527 303 44 9 11 11 0 19 4 350 5 18 20 417 8 1398 586 986 10 17 6 5 0 6 11 36 0 5 4 21 1 70 51 307 10 5 5 14 0 6 0 1179 9 32 25 964 5 529 150 201 12 15 7 20 0 8 3 9 0 2 1 11 0 8 9 7 0 0 0 1 0 0 0 20 0 0 0 2 0 5 1 301 20 9 8 11 0 6 3 25 0 0 0 10 1 28 13 513 5 8 3 7 0 2 0 1173 4 18 7 518 2 172 40 326 348 38 1108 5 9 13 962 18 11 4 39 8 9 48 670 16 11 2 7 1 0 3 6 6 2 0 28 8 3 45 148 36 19 1 45 0 0 0 26 6 2 0 9 1 0 14 48 26 12 1 20 0 0 3 7 48 24 2 210 23 6 54 412 307 503 13 1002 12 6 19 521 6 7 1 28 3 1 26 214 18 6 0 4 0 0 3 2 7 0 0 8 2 0 12 45 1695 1538 52 666 14 7 27 211 49 39 7 59 25 17 296 694 1539 587 38 177 6 0 12 33 711 156 56 436 189 35 674 1180 58935 483 338 402 231 28 341 423 377 42 78 44 362 47 1112 1236 416 91 33 19 26 2 38 14 367 27 41 37 347 19 1053 698 343 39 23 14 15 3 18 15 64 0 9 4 34 5 44 51 382 24 14 10 21 1 7 4 905 33 36 36 700 26 330 205 254 19 17 20 18 1 18 19 19 2 0 4 29 0 69 61 14 1 0 1 0 0 4 0 23 3 2 0 13 2 67 47 382 29 17 12 27 0 14 15 36 2 4 4 21 0 37 68 476 16 13 5 9 1 14 2 853 27 28 19 652 16 243 168 370 407 69 827 22 16 33 719 28 20 7 39 15 14 42 446 35 24 4 29 3 2 0 28 13 11 5 23 7 9 41 231 75 64 8 43 2 3 5 37 5 5 2 7 6 2 12 43 57 46 2 35 2 2 2 35 46 42 16 324 33 32 48 438 422 444 36 807 26 13 34 610 20 10 3 23 6 9 43 285 21 10 2 30 1 1 3 15 16 10 1 26 8 5 57 134 1297 1174 53 439 62 50 49 297 30 37 6 46 54 47 364 765 1170 740 38 251 50 32 44 180 471 250 42 527 295 130 693 1845 46104 532 402 349 326 39 343 387 465 59 88 60 375 68 940 975 468 127 47 53 30 3 39 35 368 49 54 56 327 25 840 606 2255 60 25 22 31 2 21 14 82 6 6 6 30 9 60 51 381 43 24 17 27 5 12 15 620 85 29 33 571 80 289 232 349 41 19 29 28 8 35 34 24 2 2 4 19 3 67 84 33 6 4 0 4 2 2 0 38 1 4 2 19 2 67 59 408 37 9 19 30 2 23 38 56 2 2 4 32 3 65 113 464 28 23 10 42 1 28 14 679 77 27 47 532 49 270 224 727 424 56 639 35 22 36 548 35 24 6 35 29 31 61 370 48 48 11 56 2 2 10 53 26 13 4 42 21 14 37 264 8527 80 4 43 5 4 4 38 8 8 2 16 5 5 7 71 64 70 12 60 9 3 9 46 41 45 9 344 25 44 66 513 391 437 55 654 33 29 41 568 22 12 5 34 25 13 47 288 43 20 3 58 1 1 6 47 22 8 2 41 18 13 86 185 1031 960 56 371 100 95 69 325 47 36 9 68 54 87 436 847 938 596 34 272 89 66 74 275 396 265 80 627 258 211 807 2130 2
42110 445 387 310 279 12 347 461 15087 14 638 21 365 15 1778 1398 438 84 28 7 14 1 15 9 357 11 19 20 500 6 1359 556 998 15 19 12 9 0 12 5 38 1 4 2 25 0 77 37 347 20 7 8 14 2 7 3 1150 20 64 34 946 6 738 186 308 16 13 16 45 0 8 7 13 3 3 0 7 0 11 3 14 2 0 0 0 0 0 0 9 0 1 0 5 0 6 3 355 20 10 13 8 1 10 2 31 1 1 1 17 0 36 10 482 15 5 0 7 0 1 3 1041 5 37 12 390 4 194 36 350 345 44 1174 17 14 37 957 24 9 6 50 7 10 61 710 18 21 2 12 0 0 0 6 7 7 2 25 6 2 34 151 41 27 5 63 1 0 3 29 4 1 1 15 1 0 14 89 27 23 0 34 0 0 0 13 59 27 8 337 43 14 82 611 354 546 31 1128 13 6 20 379 8 9 2 34 5 2 38 178 24 11 0 2 0 0 0 2 5 2 3 12 1 1 17 41 2039 1662 74 711 12 7 30 180 76 50 8 71 37 21 457 748 1731 725 39 195 7 2 15 27 653 170 80 591 201 37 760 1408 55075 599 436 374 358 29 360 352 392 53 129 75 376 23 1364 1134 620 154 53 34 36 6 34 26 384 36 76 54 425 17 1110 629 383 39 25 11 38 2 28 12 55 6 9 6 45 4 81 38 379 39 12 15 24 2 8 12 743 28 52 36 768 46 452 256 389 37 38 31 47 1 14 19 27 3 5 3 24 2 64 58 52 9 2 1 3 0 0 0 33 2 3 3 17 0 81 29 377 47 20 13 27 0 10 15 58 8 9 3 39 2 77 54 411 22 12 8 11 0 7 11 913 44 47 56 446 13 243 131 395 375 72 819 21 33 38 722 28 14 10 36 16 9 56 451 49 42 2 34 3 1 6 44 18 20 5 52 10 10 42 262 84 78 7 56 3 2 5 35 5 2 0 14 6 3 36 90 65 68 5 66 8 4 6 42 56 45 22 253 36 71 88 610 365 458 56 929 20 20 40 468 18 11 2 25 10 9 58 254 27 32 2 40 1 1 2 30 15 8 14 48 10 8 71 133 1432 1401 68 473 60 58 56 270 65 52 21 89 80 62 550 817 1539 757 63 249 68 31 62 144 432 255 85 690 280 171 897 2100 42763 653 420 327 323 61 310 317 378 70 141 98 369 38 1190 905 631 162 75 47 64 23 56 48 356 56 90 67 399 29 878 536 2391 61 33 28 37 8 31 24 66 8 19 5 45 5 70 48 378 55 30 22 38 3 27 10 636 44 55 52 584 54 357 289 412 68 38 35 46 5 36 30 33 2 11 7 47 2 103 114 69 29 7 13 10 3 4 6 34 7 15 8 31 1 114 90 383 57 23 29 33 9 20 9 80 6 10 12 46 5 71 95 375 40 14 18 23 3 15 18 775 66 58 89 376 48 235 214 896 386 86 674 46 37 47 543 30 26 4 60 34 22 75 362 67 72 4 39 5 8 6 49 29 26 14 61 29 25 55 249 7802 84 11 74 9 9 10 47 9 9 1 29 5 12 42 105 83 83 11 58 10 10 9 75 66 49 24 232 54 64 126 626 370 421 87 784 27 26 52 446 19 22 10 49 28 15 59 228 50 52 8 70 7 8 5 54 27 21 16 70 17 23 77 191 1105 1064 69 428 94 105 66 304 72 52 38 127 70 81 557 963 1371 746 48 295 127 57 105 237 369 288 151 664 287 276 1041 2386 2
44559 343 304 290 290 17 262 396 18617 22 590 15 274 16 1060 1093 368 38 20 14 14 0 23 9 277 16 28 22 435 7 1283 379 1023 18 14 11 9 1 17 10 42 1 6 1 31 2 48 58 355 16 6 8 23 0 8 1 1010 9 40 22 880 9 579 146 295 20 8 16 31 0 9 9 17 2 0 1 13 0 14 8 18 0 1 0 1 0 0 0 17 2 1 0 7 0 4 0 322 20 12 11 19 1 5 1 23 0 1 1 14 1 31 25 420 6 8 6 10 0 4 2 813 4 26 11 318 2 158 56 326 329 35 1134 16 12 28 755 18 8 4 47 7 13 52 504 13 18 3 15 1 1 1 6 10 4 2 30 5 2 52 147 47 31 3 53 2 1 1 26 6 0 0 9 0 0 14 75 19 19 1 24 3 0 1 13 62 28 6 253 36 12 78 460 335 465 27 1055 9 5 15 288 7 7 1 45 2 4 37 152 21 4 2 6 1 1 1 1 5 3 2 24 5 5 19 52 1300 1460 76 630 4 8 36 157 63 59 12 77 26 27 269 713 1360 409 48 168 5 2 22 44 639 176 65 518 160 44 716 1426 61521 409 365 319 324 36 266 326 318 54 66 50 258 32 680 866 433 79 63 30 38 2 42 20 303 37 78 31 345 18 1028 345 439 60 26 18 40 3 20 25 66 9 6 10 52 4 45 27 348 29 26 19 29 4 24 10 683 37 43 38 712 44 354 187 339 35 20 18 50 5 19 7 34 1 5 5 24 1 41 52 29 3 5 4 2 0 2 2 29 0 4 3 18 0 45 18 315 43 15 21 32 2 19 7 51 3 3 5 31 2 47 107 352 36 23 14 18 1 13 9 734 33 39 49 358 25 193 126 394 327 62 734 38 23 38 577 28 17 6 42 9 16 51 344 52 41 7 65 1 2 6 38 24 14 5 38 29 20 48 213 98 57 10 63 9 8 7 50 9 7 3 10 4 6 22 55 71 51 8 61 7 3 5 46 47 42 5 195 38 53 65 469 366 395 69 902 20 18 40 307 24 25 6 31 15 8 42 200 30 30 6 49 1 1 3 20 9 20 4 65 19 17 137 136 936 1204 69 426 34 47 47 232 70 82 19 71 40 135 232 739 1109 460 40 244 41 17 111 161 443 211 68 550 233 161 715 2116 48144 452 373 285 338 47 255 271 323 62 78 75 238 37 596 630 467 77 80 47 49 5 59 31 311 43 84 34 254 32 757 303 2389 93 40 31 47 10 24 23 89 15 9 10 61 15 39 57 363 54 46 30 31 5 26 25 567 65 54 42 529 47 301 212 350 57 35 41 53 3 25 19 42 8 8 6 33 8 33 63 56 7 6 2 20 0 4 2 35 5 10 9 25 7 79 44 338 55 25 20 38 9 25 12 64 16 9 13 39 7 50 155 271 51 28 20 27 0 42 28 608 51 46 52 356 43 185 201 839 316 85 563 46 40 43 428 39 27 8 53 31 21 55 286 73 61 13 53 6 4 9 42 35 33 9 43 36 17 62 220 8967 89 11 59 6 15 10 55 18 11 2 13 6 10 16 64 76 63 13 65 9 9 14 70 60 54 28 184 62 90 78 482 352 372 60 795 22 30 52 296 31 27 11 49 27 26 48 183 42 34 13 70 5 1 7 31 21 26 10 101 33 33 214 214 801 955 78 412 54 78 47 241 62 73 23 90 62 222 220 717 902 440 61 260 69 43 169 224 351 211 85 587 222 254 714 2531 2
48344 337 224 216 184 13 241 385 22496 12 600 26 229 6 1175 1056 367 64 8 20 17 1 9 6 224 11 11 15 398 6 1105 434 928 5 11 3 5 0 5 5 26 2 0 1 9 1 41 25 212 14 3 2 10 0 2 5 596 5 22 9 729 1 458 120 178 20 3 8 21 0 3 4 7 0 1 0 2 0 11 6 18 0 0 0 0 0 0 1 8 0 0 0 0 0 6 4 212 16 8 5 5 0 2 2 14 1 4 2 12 0 22 6 365 6 4 6 2 1 0 1 584 2 12 10 258 1 109 32 207 220 12 614 9 8 12 529 20 3 5 31 7 3 35 434 19 9 0 4 2 0 2 4 9 8 0 21 3 3 17 128 27 14 3 26 0 0 2 10 1 0 1 4 2 0 4 31 21 9 0 12 1 0 0 3 19 16 5 148 30 2 41 325 181 388 9 710 3 7 12 238 8 4 2 24 7 1 26 111 8 11 0 5 0 0 0 2 4 2 0 7 1 1 12 39 1133 979 31 399 6 4 28 108 43 32 7 57 24 11 348 525 1007 420 25 105 2 1 13 25 420 139 34 338 123 32 560 1079 69453 373 275 229 221 43 239 300 238 23 67 45 210 24 809 892 378 87 25 22 27 5 29 21 226 22 41 31 321 21 890 522 290 33 25 21 22 3 9 6 27 1 9 3 35 1 38 32 288 31 11 14 29 2 7 12 374 30 30 33 515 17 309 160 257 25 35 22 30 1 16 11 18 2 0 5 25 2 50 46 34 8 0 0 4 0 1 0 17 1 9 1 11 0 38 18 226 19 10 12 12 0 8 5 29 1 7 4 22 0 38 41 313 22 9 11 9 1 7 6 432 19 19 14 279 19 161 89 264 267 42 449 20 23 24 440 17 19 3 32 12 11 49 275 29 26 0 25 3 2 3 20 20 14 3 35 13 9 31 181 61 46 7 30 10 3 2 19 6 1 0 6 3 1 10 48 50 38 4 20 5 4 4 25 27 27 11 114 25 52 59 296 229 272 25 519 24 12 22 219 15 6 3 25 16 7 44 167 26 16 6 35 3 2 3 17 7 11 5 54 5 4 43 113 737 786 27 260 64 74 44 166 33 29 12 54 35 39 379 597 838 450 29 128 55 27 42 107 305 139 41 299 181 152 548 1672 54467 378 308 223 224 45 207 269 201 41 74 52 198 28 673 697 418 100 31 25 38 15 32 31 200 23 38 34 279 33 714 509 2145 55 64 17 37 5 25 18 46 3 11 3 37 5 45 41 350 43 25 11 34 5 17 16 299 33 38 34 318 34 223 164 273 59 31 24 24 7 23 21 25 3 8 6 19 2 79 77 58 16 5 2 12 3 7 7 32 1 9 3 31 4 80 67 266 37 22 18 15 7 17 13 21 5 1 4 23 6 62 60 274 30 21 10 21 5 8 13 332 36 27 25 238 40 164 156 596 291 55 351 30 48 34 311 22 19 10 37 18 21 38 212 50 18 5 30 4 7 4 24 12 12 10 33 18 11 54 169 10828 75 7 39 10 6 7 46 11 7 0 6 6 3 36 63 61 37 6 28 12 3 4 34 34 41 10 126 45 77 92 357 239 238 35 384 30 35 27 199 23 8 5 51 18 6 59 196 36 35 7 40 7 5 4 33 14 16 3 73 13 15 44 184 486 575 46 261 96 84 61 151 50 49 40 80 44 56 410 664 594 362 55 123 84 97 52 179 253 161 74 329 200 186 565 1943 2
43416 350 329 349 211 16 290 479 18241 16 614 25 295 18 1515 1395 332 41 22 18 24 0 26 7 324 9 26 17 504 5 1476 481 1041 15 21 6 11 1 4 7 48 0 3 1 20 0 53 23 328 7 10 7 15 0 7 7 1040 7 36 16 1177 2 598 149 227 26 7 10 20 0 6 4 13 1 1 0 12 0 13 5 16 0 2 0 0 0 0 0 11 1 0 0 2 0 6 2 322 28 6 2 10 0 6 7 17 2 1 0 16 1 37 17 467 8 2 7 6 0 4 2 953 6 16 5 379 0 156 25 314 324 42 1000 11 14 14 954 19 6 5 51 8 6 50 640 16 10 2 11 1 0 0 7 12 1 0 20 6 2 31 148 43 19 3 57 0 0 1 14 3 0 1 7 2 3 8 58 16 18 1 24 1 0 1 12 34 18 14 218 27 10 61 422 329 610 22 1181 10 7 18 408 10 3 0 30 4 2 39 192 19 4 0 5 0 0 0 0 6 5 3 17 2 1 21 59 1376 1372 42 615 7 2 25 144 49 27 6 83 30 14 326 662 1358 425 33 151 2 2 16 42 583 152 52 481 201 45 694 1247 59697 475 374 362 284 33 318 445 326 33 75 64 317 42 1088 1118 414 78 63 32 32 2 39 27 326 24 55 37 410 12 1157 537 441 54 28 34 22 3 18 17 68 1 6 2 32 4 38 40 380 35 14 19 28 5 18 16 801 33 35 37 928 24 410 191 336 41 30 24 23 2 19 21 42 3 5 5 19 2 52 54 39 1 2 4 0 0 3 0 31 4 11 7 19 1 65 35 363 40 17 19 21 3 14 12 37 4 4 1 37 3 44 57 422 19 15 16 15 1 12 7 728 34 28 32 460 20 216 128 395 358 87 736 33 32 42 834 42 14 7 38 21 16 53 420 37 30 1 36 4 0 2 34 16 15 4 35 8 13 43 198 95 52 7 40 8 4 3 44 6 4 2 12 7 2 11 64 56 31 4 36 2 4 7 33 36 38 10 263 34 61 63 436 341 483 37 998 22 28 22 501 16 15 7 37 16 14 72 286 38 15 4 42 1 2 3 28 15 9 3 64 12 11 53 185 1007 1029 43 417 60 62 44 199 45 32 8 42 42 60 326 638 1023 524 46 197 58 34 71 150 390 199 57 484 255 172 726 2030 46670 498 407 380 297 46 351 398 354 69 78 51 344 42 928 841 466 94 66 51 63 13 47 43 336 39 70 47 363 32 859 478 2304 67 46 38 41 9 29 27 90 5 6 5 53 13 47 58 403 38 35 26 41 1 27 16 621 53 54 49 685 81 319 181 421 41 44 48 21 5 22 38 42 2 7 6 26 1 61 116 54 13 5 1 4 2 2 6 46 6 3 4 47 9 78 61 404 57 24 25 27 8 14 18 42 9 6 7 37 5 62 96 391 41 19 29 32 10 17 22 547 53 47 32 391 71 213 251 740 328 88 632 43 45 46 638 56 21 13 57 31 23 53 368 54 43 10 60 3 4 8 48 20 12 7 46 17 22 55 210 8640 80 12 53 9 10 2 54 8 4 1 23 8 1 21 77 51 52 5 41 5 3 10 51 44 38 11 300 49 108 105 461 414 368 61 777 41 52 35 493 26 27 6 42 28 25 60 306 62 21 10 93 6 5 3 77 18 10 8 102 14 23 78 251 808 810 60 364 70 66 62 234 56 49 15 83 51 56 363 674 775 446 55 188 87 79 83 243 324 246 76 539 263 274 791 2456 2
42638 475 336 307 316 20 330 487 16284 19 613 30 324 28 1622 1512 529 87 24 19 27 2 24 10 273 25 33 21 431 10 1236 541 935 23 22 10 20 0 10 7 32 0 2 3 22 0 77 37 286 25 8 8 18 1 10 4 903 18 44 37 943 10 685 185 306 23 15 10 40 2 14 6 9 2 1 2 16 0 22 6 25 1 0 1 0 0 0 0 20 1 1 0 10 0 4 1 330 31 9 8 18 0 8 6 33 3 3 3 20 0 36 20 494 17 3 4 9 0 3 2 900 7 29 14 320 1 143 48 365 355 50 1014 18 19 26 876 22 14 5 48 18 7 67 758 26 20 0 14 4 0 2 12 10 8 1 30 11 2 44 147 49 18 2 56 1 3 2 40 7 2 1 10 3 0 13 82 23 21 3 29 1 5 4 19 50 31 7 224 49 14 89 509 324 479 28 957 15 7 27 366 13 13 2 36 10 7 35 161 21 17 1 6 0 0 1 1 16 6 2 10 6 2 21 37 1640 1443 75 727 13 6 35 208 63 47 13 98 48 11 429 788 1779 571 44 199 7 5 22 61 685 194 95 564 186 58 713 1624 57386 614 349 325 354 53 284 337 362 74 80 89 284 44 1092 1282 580 129 65 43 59 10 43 25 304 41 87 47 373 21 1038 474 358 63 37 12 33 6 34 21 52 7 8 9 42 8 60 68 288 41 22 27 29 2 23 12 511 42 52 39 727 47 421 213 330 39 32 21 52 2 32 17 38 3 7 6 26 6 67 73 31 7 4 4 2 1 3 3 38 3 6 4 16 0 64 30 316 43 27 21 30 1 20 13 51 4 9 10 24 2 68 103 348 16 19 16 19 0 7 11 757 35 43 55 357 20 223 149 431 357 68 649 36 34 50 645 23 27 14 45 27 19 72 467 69 38 10 24 2 4 3 44 25 12 9 49 21 12 70 208 79 106 10 55 7 6 7 58 9 11 4 17 8 7 26 85 83 55 7 47 4 2 14 57 49 49 12 212 44 66 87 531 338 352 60 783 28 24 52 422 22 23 16 43 21 13 61 229 46 23 9 39 2 1 4 21 19 10 6 53 18 12 77 160 1038 1258 73 492 33 50 61 286 60 58 23 86 71 63 469 914 1507 609 55 282 74 33 99 195 431 235 72 573 244 181 889 2411 44447 654 350 344 306 82 280 287 344 95 134 133 312 72 856 923 668 133 84 56 92 17 66 65 281 38 91 50 323 37 784 468 2376 99 50 35 43 12 38 22 62 13 16 14 46 7 71 93 323 49 32 31 36 6 32 15 387 43 51 57 493 69 338 248 358 58 58 35 64 15 45 44 43 12 11 14 32 10 67 113 56 19 17 4 9 1 5 8 52 5 8 10 34 4 91 71 281 61 31 31 38 5 25 28 56 20 10 22 44 8 81 148 317 35 27 22 24 5 21 25 612 85 67 81 325 46 197 229 886 402 102 503 74 59 51 469 44 41 22 69 37 44 75 368 105 44 4 48 7 5 14 46 27 10 16 48 27 10 95 240 8521 83 11 66 11 14 5 58 8 12 7 31 7 12 36 121 122 55 4 59 12 8 6 75 50 62 11 203 56 89 131 521 329 322 73 660 25 36 57 380 38 27 10 71 25 29 75 227 78 42 15 57 5 6 13 49 34 21 15 86 26 25 102 242 792 943 75 427 72 89 91 265 59 87 29 96 91 106 443 998 1034 541 65 338 123 57 196 278 399 270 102 573 248 274 971 2714 2
51543 185 124 158 189 7 151 222 27276 11 593 11 153 4 816 605 188 25 5 10 13 1 7 4 157 6 14 24 215 2 559 232 765 10 11 10 10 1 6 4 16 2 3 1 10 1 44 17 157 10 8 2 10 0 3 3 447 10 26 11 371 1 310 100 164 16 6 8 38 2 3 4 6 1 1 1 7 0 7 6 10 0 0 0 1 0 1 0 5 0 0 1 5 0 4 0 169 1 9 4 7 0 5 2 18 4 1 1 5 0 18 8 252 3 8 0 3 0 2 1 362 3 27 11 147 0 87 23 108 139 18 401 11 10 12 436 10 4 1 37 2 2 32 318 10 5 0 3 0 0 1 3 3 4 0 17 6 2 21 89 38 20 5 37 0 2 1 14 0 2 2 7 1 1 12 36 22 17 1 16 0 1 1 3 28 25 3 119 20 7 42 301 141 236 10 347 6 2 8 151 6 6 0 22 3 3 26 88 7 5 0 3 0 0 1 1 4 0 2 9 0 0 6 21 819 532 36 308 13 1 25 112 46 18 5 38 27 12 212 377 566 209 23 86 6 1 12 20 309 83 41 274 92 17 419 806 78034 196 133 146 170 18 163 180 154 17 45 21 154 14 623 449 190 46 21 23 18 0 12 6 160 10 28 29 161 5 411 310 125 12 14 13 20 1 10 6 32 3 4 4 27 3 35 29 168 13 14 11 23 2 7 6 260 22 28 31 249 15 173 137 147 20 17 12 30 2 16 7 20 1 4 2 16 1 26 21 17 5 1 3 6 0 0 2 13 2 2 3 7 2 35 13 153 9 6 10 17 1 13 10 30 3 3 7 19 3 38 25 179 10 7 9 11 2 7 9 256 15 21 39 143 5 126 85 141 147 23 222 26 10 18 331 15 15 3 37 9 9 26 208 15 19 0 20 6 0 3 16 8 9 0 30 16 8 24 119 48 37 7 19 4 5 4 22 9 2 1 10 7 8 10 53 34 29 3 33 2 2 7 35 27 23 18 109 26 30 37 305 157 162 15 225 10 9 20 136 16 12 7 28 5 5 38 129 20 11 1 20 0 2 1 4 10 11 4 19 9 8 28 74 590 415 38 189 20 21 33 131 33 22 16 21 38 14 326 403 457 239 34 117 18 16 22 85 200 125 41 293 138 76 482 1220 62165 225 144 123 183 53 174 125 148 23 58 55 147 30 436 331 217 43 18 34 38 9 25 23 162 25 53 32 134 22 305 286 1840 23 15 17 22 3 19 12 35 5 5 5 34 2 42 39 137 13 15 22 27 5 28 24 187 27 37 30 178 24 159 130 140 45 23 16 27 4 23 13 26 4 2 5 31 3 74 52 24 8 1 5 9 0 5 6 17 7 0 3 9 4 53 42 156 15 12 10 20 4 13 12 35 2 6 4 38 5 48 41 125 27 10 14 20 5 12 13 210 18 42 53 126 12 147 116 324 104 24 165 21 20 26 248 20 22 5 25 23 29 50 144 24 28 1 23 2 3 2 26 20 18 2 42 12 19 29 128 12226 38 3 17 13 9 3 33 5 8 3 15 3 6 20 60 42 29 8 26 7 10 11 57 24 35 16 82 24 39 62 307 147 123 28 148 21 9 26 124 13 18 7 32 14 9 50 109 29 12 3 21 5 3 4 23 11 14 5 27 23 16 51 112 436 331 40 146 55 51 46 104 36 32 16 46 35 33 273 438 362 216 31 110 56 43 35 136 174 119 50 244 127 117 491 1369 2
42629 530 339 314 257 19 296 498 16727 20 598 23 297 22 1484 1122 488 105 13 16 15 1 19 14 295 10 26 24 457 12 1288 473 1023 20 19 6 12 0 9 8 37 3 1 1 13 2 55 30 318 20 9 5 15 0 3 4 1149 17 51 35 1014 9 592 167 320 11 11 11 33 0 9 9 8 0 2 0 8 0 24 4 15 0 0 0 0 0 0 0 14 0 2 1 6 1 11 2 345 21 9 5 18 0 7 6 21 0 1 0 16 1 39 22 474 8 4 3 7 0 4 0 994 6 33 16 438 4 188 42 398 336 46 1187 11 6 22 996 18 9 8 55 7 9 61 664 24 21 0 12 0 0 1 7 15 4 2 38 10 4 35 148 45 20 7 57 1 1 2 35 6 2 0 9 0 2 15 75 29 21 0 46 1 0 0 16 57 34 10 223 30 16 70 506 363 506 33 1092 17 3 28 410 7 6 1 31 4 0 42 196 15 8 3 8 0 0 1 4 6 5 1 19 5 2 18 42 1830 1474 58 763 14 13 37 224 60 44 12 70 44 20 347 706 1299 519 39 204 14 4 15 37 666 182 65 597 207 39 788 1447 57550 578 350 364 327 32 347 368 270 54 109 89 278 22 1117 852 591 120 67 24 33 8 29 14 284 42 92 57 358 25 943 533 379 57 18 26 29 5 13 10 59 6 9 3 59 9 41 42 348 43 17 20 14 0 12 15 816 51 49 51 835 36 365 200 354 31 33 28 60 1 29 26 29 4 4 2 28 2 66 44 40 10 5 3 2 1 1 0 21 2 6 8 24 0 58 26 426 37 17 16 31 3 24 10 50 2 6 4 38 5 67 54 380 42 16 17 27 2 6 8 824 32 43 45 452 17 274 129 375 397 79 837 33 26 30 744 20 22 14 55 20 13 65 492 48 34 3 40 4 2 8 41 28 17 7 47 14 10 36 192 107 88 7 65 4 5 9 42 13 2 4 11 9 6 22 73 76 46 10 50 1 3 4 37 73 53 19 264 48 72 89 564 411 415 52 941 43 21 50 515 14 17 2 51 12 13 60 258 21 22 3 40 2 2 5 19 16 6 6 53 11 6 70 131 1331 1181 68 526 65 68 55 303 78 61 20 60 74 75 368 733 1000 564 47 295 57 29 77 148 457 268 96 630 298 170 818 2183 44514 598 369 312 378 56 338 312 300 60 118 60 254 60 926 695 567 156 77 52 55 9 44 43 268 42 62 55 310 41 711 462 2379 93 36 33 40 6 38 18 52 8 9 6 54 11 68 69 299 57 34 43 53 7 17 16 603 50 57 60 678 49 295 244 399 76 53 27 53 5 33 36 35 5 14 12 42 7 71 69 94 16 9 4 7 0 7 6 42 8 9 5 24 7 95 58 433 67 30 15 39 12 29 26 69 2 9 23 45 5 71 86 348 59 38 18 46 6 20 20 682 45 41 86 424 42 241 164 863 382 89 621 47 55 68 543 31 28 14 74 24 24 86 414 58 57 5 66 7 5 9 63 27 25 13 62 17 18 49 227 8695 126 13 66 15 7 9 53 11 3 3 16 9 13 28 94 96 64 5 69 13 12 4 67 66 68 19 312 66 68 116 621 398 386 72 763 41 37 60 446 32 16 18 55 25 22 65 269 56 35 9 64 5 8 8 40 30 22 3 98 20 24 106 212 1047 852 97 443 110 110 67 292 79 78 42 102 82 121 378 756 787 523 59 301 85 56 75 235 404 293 121 684 291 266 886 2544 2
46664 440 213 252 203 8 266 430 22529 15 596 20 253 24 955 1110 399 70 9 11 11 1 17 12 261 11 18 30 369 8 1000 483 903 13 12 9 8 0 7 8 30 0 1 0 24 1 33 31 257 11 7 4 8 0 3 3 812 17 30 33 594 5 444 133 177 12 6 7 50 0 17 7 7 0 0 0 10 0 21 4 11 1 1 0 1 0 0 0 5 0 0 0 9 0 4 3 246 13 1 3 13 0 3 1 16 0 0 2 18 0 27 10 367 5 8 1 6 0 1 0 580 4 14 9 372 1 148 41 218 247 23 788 7 9 28 573 13 2 2 49 5 3 40 477 13 20 2 16 0 0 1 3 5 5 1 38 8 0 26 135 26 22 2 40 0 0 0 13 4 1 0 10 1 0 2 42 11 20 3 27 0 0 0 9 31 36 16 242 11 5 45 388 243 311 15 506 20 6 11 367 6 5 2 14 2 1 28 153 13 6 1 6 0 0 2 2 7 1 0 8 1 0 15 33 982 970 24 395 24 1 36 145 50 18 17 52 36 12 328 684 1011 460 22 141 7 4 19 29 440 123 54 363 158 35 699 1236 67918 498 236 263 217 40 257 338 226 33 42 55 278 43 642 866 525 90 43 26 11 4 26 20 258 28 44 40 280 23 712 468 224 29 13 10 16 2 17 14 37 0 4 3 38 4 35 41 282 35 10 8 14 0 14 10 564 27 41 36 499 22 305 209 236 31 19 12 49 5 33 24 18 1 6 5 19 4 57 57 32 3 3 2 4 0 3 1 18 2 6 1 17 1 67 44 232 24 16 5 37 4 22 6 39 3 0 5 41 3 63 77 291 14 7 5 13 0 3 4 478 16 25 30 356 18 215 105 279 295 59 546 17 26 27 471 20 12 3 53 7 6 41 360 45 25 0 42 1 0 1 27 14 11 8 47 9 3 32 207 63 42 8 47 4 2 4 22 2 2 1 10 2 5 19 79 46 31 4 45 3 5 3 23 35 53 12 238 18 11 63 478 235 256 40 421 20 27 39 343 12 8 3 16 10 6 43 229 24 18 4 30 4 0 5 21 11 6 4 23 8 4 55 96 677 666 31 317 80 40 65 207 44 34 11 66 62 55 272 655 755 402 40 171 67 35 62 103 306 191 57 439 185 82 715 1699 54486 463 212 227 242 67 223 327 266 46 69 67 241 39 531 629 518 111 36 37 63 16 60 37 228 27 71 63 246 32 429 415 2056 44 23 15 24 5 18 13 36 7 5 4 35 2 53 58 252 44 11 15 27 0 13 20 405 80 44 50 341 50 288 234 266 67 42 37 49 10 47 40 31 7 10 4 35 6 85 97 50 9 9 5 6 1 9 8 48 8 7 11 44 6 63 66 253 41 15 11 33 7 26 9 38 10 3 5 52 5 76 117 280 28 15 14 33 5 13 6 323 47 33 61 324 28 194 180 647 301 49 447 26 29 34 338 20 10 4 42 9 12 61 260 59 32 5 37 3 4 1 32 12 20 5 58 12 11 61 260 9446 59 10 33 8 5 7 35 13 6 4 24 5 6 17 109 61 43 3 44 4 3 7 41 23 56 15 278 30 34 95 486 240 243 35 296 34 27 44 310 17 15 6 29 22 12 69 223 32 32 9 30 4 6 8 36 13 4 5 51 22 5 69 167 529 468 51 233 106 77 76 220 64 36 20 84 64 55 305 740 554 333 41 225 91 53 61 155 248 223 94 472 189 127 706 1974 2
46206 521 155 222 279 18 175 400 21683 21 602 15 167 15 1056 1307 523 72 22 18 22 1 19 10 200 16 22 19 376 8 1319 396 758 28 11 9 11 0 2 5 25 0 2 0 11 6 42 29 203 18 5 5 14 2 6 2 548 10 26 26 744 2 447 112 256 26 9 16 48 0 10 7 12 0 1 1 14 0 10 6 24 0 2 0 1 0 0 1 15 0 0 1 11 0 9 4 186 25 11 5 11 0 4 0 12 0 2 0 14 0 33 5 438 6 12 0 7 0 1 2 684 3 20 7 194 4 134 43 136 205 12 640 9 21 9 694 13 5 4 29 9 2 59 470 15 15 3 9 1 0 0 8 3 5 1 21 13 4 27 116 20 16 0 23 0 2 2 17 1 0 0 10 1 0 4 79 17 14 0 22 0 0 0 7 36 16 6 185 33 14 66 414 211 426 14 779 9 9 14 214 6 3 1 19 4 1 40 142 22 11 2 4 0 0 0 3 4 2 1 5 3 1 12 26 1022 1277 53 437 17 5 35 124 40 24 12 65 28 16 460 797 1341 377 35 107 2 2 12 37 459 116 62 428 126 18 763 1327 67023 613 198 188 330 82 150 259 195 48 48 39 147 33 693 1001 577 104 63 37 72 9 35 12 218 22 64 60 267 15 980 410 169 52 12 11 33 3 20 9 30 9 7 4 23 0 50 58 203 29 11 8 26 4 8 8 360 28 34 31 564 36 229 125 289 74 37 36 41 7 19 9 31 4 15 6 21 2 57 51 79 8 5 4 4 1 1 2 27 2 7 4 11 1 55 43 151 49 14 8 19 1 3 14 36 2 11 6 17 2 46 63 274 17 14 11 17 1 15 8 530 21 45 39 212 23 178 92 183 218 30 403 38 22 20 560 2 10 3 24 15 9 41 243 61 22 9 29 2 3 2 28 10 14 6 28 14 8 67 150 68 65 4 27 5 4 3 37 4 2 9 22 8 4 33 100 53 39 5 33 9 2 3 38 22 31 9 214 25 42 77 470 190 275 29 621 28 12 16 204 15 15 5 35 8 13 40 212 42 25 7 32 1 1 2 19 4 9 4 34 8 11 71 121 702 920 45 235 87 62 45 198 42 63 45 81 31 64 471 925 949 395 54 149 89 32 70 102 265 127 102 415 182 99 907 1855 52773 602 289 147 366 93 127 205 256 79 73 64 138 43 550 639 615 112 78 33 59 17 45 36 159 37 78 56 217 34 603 404 2093 78 33 16 55 11 15 18 59 9 11 3 47 11 59 74 163 31 17 19 40 13 16 20 241 44 22 50 314 72 194 159 326 99 65 54 55 9 21 18 57 7 10 14 26 8 89 88 114 16 10 9 22 8 9 6 34 5 19 18 18 9 76 83 144 59 16 17 25 5 24 42 50 7 5 8 24 10 74 132 199 31 16 22 22 10 37 26 302 52 45 61 196 56 187 199 578 167 47 303 54 38 43 340 18 14 8 26 9 24 45 212 68 21 2 49 8 11 7 50 12 12 4 40 19 26 75 159 10364 53 4 29 17 15 9 56 7 8 1 25 9 8 51 107 60 47 3 36 7 19 8 76 28 40 19 208 44 76 110 510 203 185 58 367 33 30 27 206 13 13 11 38 22 29 60 198 66 35 11 47 14 12 13 53 14 19 13 58 32 42 127 188 566 647 44 218 70 68 46 167 57 88 71 114 56 105 428 866 622 386 79 186 70 78 136 196 220 147 110 440 174 204 851 2135 2
51416 181 134 156 145 7 138 232 26935 7 579 20 164 10 739 764 186 18 9 7 5 0 13 3 166 3 12 10 242 2 648 231 775 7 8 3 8 0 5 7 16 3 0 1 10 0 34 19 159 8 6 6 5 0 4 1 426 9 25 19 430 5 276 77 113 8 6 6 9 0 6 3 1 0 0 0 4 0 6 4 8 0 1 0 0 0 0 0 5 0 1 0 5 0 3 2 171 9 4 3 2 0 5 1 10 0 0 1 16 0 25 10 298 2 3 2 2 0 3 1 492 3 12 8 171 1 88 20 148 151 10 374 7 4 7 473 4 7 2 26 5 3 20 316 8 6 0 4 0 0 1 3 6 1 0 15 3 3 14 82 21 13 0 24 1 1 0 10 1 1 1 6 0 0 6 30 15 10 0 18 1 1 0 13 33 13 7 91 12 8 45 234 193 268 12 432 6 4 4 135 7 4 1 9 5 2 20 81 10 3 0 3 0 0 1 0 3 2 0 3 2 2 12 23 938 757 39 293 6 4 18 96 31 19 4 38 22 9 227 371 671 256 21 80 5 2 8 23 339 85 37 244 69 26 407 717 77313 228 135 148 219 15 173 178 138 21 26 40 152 11 537 638 214 39 13 21 19 1 16 16 172 9 18 23 207 12 497 257 173 11 6 6 7 1 5 7 20 2 4 0 21 2 24 29 175 12 5 10 10 1 8 9 284 21 27 27 305 17 197 126 165 17 12 10 16 0 8 3 16 0 2 2 11 1 19 34 14 0 0 1 3 0 3 1 13 1 3 0 9 1 35 19 195 7 7 9 10 2 8 4 20 3 1 1 16 1 28 27 234 9 9 6 9 0 11 6 400 20 22 22 172 11 129 97 167 139 19 268 8 12 17 356 8 4 3 18 7 6 30 181 20 11 2 12 1 0 1 23 6 6 2 22 6 12 39 121 41 23 6 13 1 2 2 18 3 3 3 7 3 1 4 32 26 19 1 33 1 5 2 21 28 31 6 91 17 30 30 240 184 212 15 338 7 10 16 147 8 15 5 12 5 5 27 118 22 12 1 10 2 1 1 3 13 7 2 22 8 6 30 85 660 648 33 217 28 28 31 127 36 29 7 28 25 20 257 441 599 324 19 110 26 8 38 73 212 121 34 233 138 56 510 1028 61363 248 154 148 212 28 162 182 155 17 51 46 181 14 415 466 227 58 12 23 23 4 25 21 168 21 15 29 173 22 378 239 1862 12 13 9 14 3 10 16 18 2 3 3 21 4 22 37 192 16 8 11 23 0 14 23 229 22 33 28 220 13 147 138 185 27 10 13 13 1 10 12 24 3 5 3 19 3 66 52 27 4 1 3 1 1 1 2 21 4 4 3 36 1 45 55 198 21 11 11 14 3 8 15 18 5 3 2 11 4 52 49 212 24 8 16 29 2 20 13 278 37 39 29 142 17 157 158 367 154 12 195 18 13 22 244 15 10 1 17 13 20 43 163 20 22 0 22 1 1 1 37 11 8 3 34 11 12 37 125 12209 45 1 29 2 0 4 16 5 3 3 3 6 1 18 36 36 36 2 32 7 5 2 30 34 33 14 87 17 30 34 273 155 170 18 246 17 18 11 149 8 19 2 20 12 24 36 134 27 26 1 20 4 1 1 12 13 22 7 27 11 20 50 112 518 495 47 186 36 48 52 147 20 37 12 30 41 36 238 474 472 306 16 125 42 23 43 110 215 144 38 253 160 107 537 1151 2
43645 538 213 347 340 25 338 538 18824 23 594 20 323 21 1176 1026 572 81 27 33 26 2 23 11 352 29 25 28 483 17 987 437 853 17 13 14 16 0 18 19 27 0 4 1 22 2 81 54 372 25 13 23 19 1 14 5 762 14 45 33 557 7 659 213 342 18 11 15 55 0 11 10 9 0 1 0 13 1 17 7 25 1 0 1 1 0 0 0 20 0 1 0 7 0 12 3 344 34 11 12 15 0 7 9 21 0 3 0 22 0 59 14 598 15 20 4 6 0 10 3 670 8 36 11 304 1 218 40 197 377 27 661 15 22 16 615 18 23 2 48 17 12 70 686 31 22 2 14 3 0 2 10 19 10 3 38 16 6 42 210 51 32 4 53 0 0 2 42 8 4 1 16 4 2 22 84 22 30 5 39 4 4 1 13 43 42 16 222 36 7 81 541 320 516 17 566 8 6 25 283 7 6 1 27 14 7 47 175 20 11 1 3 0 0 0 1 9 7 1 14 8 1 14 38 1288 1126 83 690 17 7 53 236 96 44 16 90 51 20 467 823 1221 479 42 252 5 4 20 46 766 224 113 577 234 35 846 1624 61744 602 285 336 316 39 308 334 293 48 59 68 291 41 773 767 589 121 52 49 45 8 42 32 382 44 52 49 308 32 746 455 306 51 19 30 20 5 21 31 36 6 7 7 30 7 62 58 380 62 41 21 29 1 24 18 425 57 44 54 368 26 375 258 331 37 24 23 57 12 24 22 33 5 5 6 25 3 48 47 43 10 2 3 7 1 4 5 41 0 4 0 30 6 45 23 331 49 36 32 29 10 20 17 39 10 15 6 38 5 59 58 395 35 28 27 29 0 16 16 379 48 47 38 241 27 275 177 310 369 52 462 32 36 43 404 29 33 9 50 30 17 85 369 65 38 6 36 5 4 3 27 39 24 6 39 18 18 49 241 83 86 8 59 8 5 13 53 9 7 6 22 9 4 40 129 72 40 3 49 5 5 12 39 52 46 21 212 45 36 95 547 325 324 51 397 30 29 37 276 29 24 4 32 34 23 70 242 49 30 5 32 3 3 5 17 29 17 5 28 15 20 66 157 877 749 75 397 67 66 81 268 84 71 51 96 79 67 463 926 805 555 60 263 52 66 73 209 474 308 124 594 302 177 1036 2398 48732 581 356 292 277 75 291 242 366 73 87 80 275 68 525 551 529 150 68 67 61 24 76 54 335 58 62 59 238 43 547 380 2289 86 36 39 36 13 35 35 69 12 10 12 34 7 69 69 343 57 48 36 47 20 29 33 296 57 49 63 258 49 262 257 327 85 45 57 43 13 37 46 38 20 13 14 30 12 97 97 109 28 5 14 11 10 11 11 57 16 7 10 34 10 76 60 329 96 30 41 44 15 34 35 66 14 18 9 50 11 86 81 307 53 38 38 33 15 46 42 276 53 56 38 199 57 256 268 718 280 61 329 43 53 51 284 52 45 14 56 28 39 92 284 75 64 14 63 15 11 19 50 47 37 19 51 31 30 72 253 8963 66 25 73 16 23 9 66 22 25 12 37 12 13 47 151 93 61 12 54 14 13 17 58 58 55 41 179 48 53 120 521 306 223 55 279 35 52 47 218 39 37 21 58 30 42 79 250 90 54 17 64 11 18 21 55 51 30 16 60 21 39 92 223 612 539 82 276 88 103 94 259 109 96 60 102 84 101 444 868 579 476 78 241 111 101 86 291 297 305 137 606 301 266 1009 2739 2
50690 140 96 132 239 21 126 283 27218 5 576 15 161 19 306 433 145 32 6 9 24 1 13 5 120 11 9 7 262 1 374 215 754 8 2 3 7 1 5 3 23 0 1 0 6 0 17 7 116 8 2 3 16 0 2 2 482 6 13 12 830 3 454 112 252 20 7 20 40 0 7 6 12 0 0 1 6 0 6 1 36 1 0 1 0 0 0 0 25 0 0 0 5 0 2 2 147 13 1 11 11 0 2 2 17 0 0 1 8 0 11 4 300 7 4 1 5 2 0 1 1010 4 13 6 335 2 120 19 89 133 7 503 10 20 9 912 16 1 6 20 3 5 17 385 5 7 1 4 0 2 0 2 7 2 0 20 4 0 8 106 13 19 1 23 0 0 0 10 2 0 2 4 0 0 1 25 9 11 1 19 0 1 0 4 23 17 4 93 15 4 25 244 155 276 15 950 16 8 8 313 14 3 2 9 4 1 15 124 4 5 0 2 0 0 0 1 4 1 0 7 0 0 4 28 299 403 11 498 6 2 8 118 25 11 3 28 10 3 128 273 408 196 16 102 2 3 7 25 460 121 29 282 100 17 301 679 76935 148 210 137 418 19 172 149 210 24 15 16 214 24 238 228 144 37 26 16 25 3 20 12 128 11 16 22 128 8 175 238 198 18 15 9 24 1 3 5 17 0 2 0 24 0 14 6 103 17 10 6 31 1 6 10 329 54 17 24 575 29 254 196 527 15 32 32 111 3 20 10 33 1 0 1 18 0 15 19 21 4 1 2 2 0 2 0 41 1 0 0 15 0 11 19 191 20 8 14 15 1 4 3 39 0 1 0 31 1 22 19 155 13 3 6 9 0 2 5 705 17 10 28 349 12 161 93 211 108 20 330 43 47 20 593 11 5 3 20 10 10 13 255 26 28 1 34 1 1 0 23 10 9 0 43 4 5 11 199 16 14 1 29 2 2 1 12 1 2 0 7 0 3 3 24 13 22 0 38 1 3 1 13 20 35 7 129 20 29 22 394 208 166 21 662 21 9 35 357 4 6 0 20 2 5 31 161 16 4 1 17 0 1 0 12 16 15 3 18 2 5 14 56 200 185 9 340 11 9 17 164 17 7 3 31 18 15 123 285 209 211 10 250 18 16 20 78 317 254 32 434 137 60 300 1053 60469 209 343 111 607 34 210 103 369 50 49 11 248 25 182 119 185 22 51 15 23 2 24 16 104 20 15 32 85 15 94 185 2055 42 34 23 43 13 19 25 27 13 2 3 36 6 12 17 91 19 18 8 49 3 12 10 201 47 10 35 289 24 125 248 654 25 65 36 140 5 28 18 59 7 4 2 23 5 21 14 23 2 5 4 2 3 2 0 41 2 3 2 17 4 9 19 282 11 23 13 25 5 5 9 44 5 4 4 60 3 44 30 112 15 33 22 22 1 9 7 354 34 13 26 284 20 129 122 549 115 26 194 59 39 32 289 33 15 1 15 20 14 8 125 49 17 15 50 7 2 3 26 26 7 2 64 24 20 10 235 12204 14 2 12 5 2 1 16 3 5 2 7 1 3 10 44 12 33 6 75 1 1 1 31 20 58 3 229 16 43 32 473 243 105 50 330 23 22 48 298 30 33 0 22 7 10 36 144 26 7 4 31 2 3 0 30 14 21 2 36 5 11 20 132 135 75 10 170 12 12 36 168 9 17 7 29 41 17 115 302 133 133 12 313 25 29 32 147 140 339 34 577 145 118 292 1539 2
49652 331 150 173 264 12 177 219 24335 9 586 19 177 11 1172 647 329 157 11 19 20 1 15 8 168 16 8 43 205 6 761 317 849 13 10 3 4 0 7 2 29 0 0 2 13 0 51 17 168 18 1 4 5 0 2 4 628 7 38 32 323 2 270 87 280 14 4 2 45 1 12 2 7 1 0 0 6 1 12 3 14 5 0 0 0 0 0 0 9 0 1 0 1 0 5 3 211 11 1 4 12 0 1 1 10 0 0 0 42 0 31 6 227 4 4 1 3 0 3 2 454 1 14 4 164 1 60 13 167 186 11 724 8 9 10 377 12 2 0 35 3 2 30 280 8 18 1 10 0 0 0 4 3 0 1 23 6 1 26 69 19 21 5 41 0 0 0 12 2 0 1 16 3 0 12 45 17 46 2 27 1 2 0 5 40 27 11 405 8 7 56 450 204 235 12 442 8 8 35 185 7 4 2 17 2 2 26 77 9 5 0 6 0 0 0 0 6 5 0 5 2 2 9 15 1130 719 41 322 7 6 31 69 31 36 11 44 29 20 818 634 648 303 22 72 1 1 8 21 316 67 58 520 77 21 599 877 72864 420 173 171 314 54 131 171 192 28 71 46 167 26 605 405 472 205 36 41 56 25 36 26 187 19 53 83 141 12 489 256 186 32 16 10 19 2 9 10 43 3 7 4 27 5 34 30 172 43 8 6 8 1 8 10 364 30 33 29 219 11 205 101 423 42 19 14 74 10 22 14 15 2 5 10 17 5 162 85 47 17 4 3 16 10 4 1 8 4 3 10 14 3 88 56 193 24 10 10 23 1 4 9 35 6 9 9 27 3 60 45 162 16 1 9 17 6 6 10 316 23 19 19 135 16 105 59 190 172 29 418 21 11 29 253 18 7 17 36 11 3 45 186 33 16 6 48 3 4 4 33 11 8 6 28 9 10 38 91 80 59 12 44 7 5 3 18 13 6 10 27 6 8 32 95 40 73 6 61 6 7 7 24 42 30 36 358 10 16 74 420 210 196 27 278 27 18 34 138 7 13 5 19 6 6 50 124 29 17 2 31 5 4 6 19 12 4 6 23 10 3 84 52 677 449 36 174 120 98 45 102 45 26 30 78 45 75 655 721 402 274 25 126 74 51 33 65 166 113 79 528 91 55 699 1431 59437 450 198 161 374 102 165 165 205 40 109 76 140 52 405 221 516 233 51 59 80 29 45 31 194 41 56 74 142 38 279 188 2087 54 19 18 29 19 7 11 56 13 16 12 48 5 54 40 173 46 14 9 22 8 16 12 286 35 29 40 155 30 191 120 449 94 35 26 78 25 21 25 34 10 15 14 22 12 84 86 89 36 11 7 21 14 8 18 19 8 16 14 26 8 79 57 186 29 13 15 29 11 8 15 31 9 3 8 41 13 50 61 126 41 10 27 19 8 7 18 209 32 22 35 125 32 118 100 515 157 62 326 38 37 36 200 16 11 18 54 21 20 50 167 52 43 10 48 7 4 10 14 14 4 12 44 12 6 38 93 8984 57 12 42 28 20 7 33 10 11 16 36 13 24 62 120 50 72 12 43 23 31 12 22 46 38 29 312 28 37 93 439 199 155 48 179 26 26 26 137 7 10 13 24 12 24 54 121 44 32 18 29 9 11 12 38 14 5 14 35 16 9 108 121 476 310 39 148 78 70 44 110 47 36 38 86 45 97 733 843 246 194 40 106 60 49 64 103 132 112 95 547 84 102 858 1553 3
45951 565 251 304 413 29 247 388 20701 19 599 19 221 32 1422 943 541 114 15 22 31 1 23 13 253 25 27 53 345 5 857 508 883 15 30 8 14 0 8 2 18 0 5 0 18 0 79 43 252 20 10 5 16 0 7 3 648 28 33 24 504 2 527 146 402 14 9 18 44 4 12 4 7 2 0 2 15 0 21 7 33 3 1 0 1 0 0 0 14 2 1 0 6 2 4 3 288 20 5 6 19 0 11 3 13 1 1 0 19 0 40 11 414 9 8 2 4 0 4 3 673 7 17 7 232 4 173 31 159 284 12 623 10 16 13 614 18 11 8 40 6 4 46 545 18 18 2 11 0 0 0 6 13 6 0 36 4 3 28 166 17 20 1 25 2 1 1 20 3 1 0 3 0 2 10 57 20 47 2 24 0 1 1 12 24 33 0 280 15 6 60 561 299 343 14 707 16 11 25 273 11 9 1 29 3 5 43 169 26 7 1 7 0 0 1 2 5 1 0 7 1 2 14 38 1132 830 48 398 24 7 48 177 84 21 11 51 31 11 742 809 878 383 21 136 8 4 15 41 577 145 48 519 150 33 810 1344 65292 654 295 229 482 75 280 225 362 65 112 69 246 53 1102 632 668 206 38 50 55 24 29 36 205 39 65 58 187 31 663 514 251 41 34 12 32 4 13 14 40 9 4 5 37 5 73 62 218 62 15 17 22 6 10 14 313 55 34 57 287 37 263 208 441 53 34 35 67 6 23 25 32 1 20 11 31 1 109 62 67 10 4 7 2 3 3 5 23 8 7 10 17 3 54 50 307 40 19 14 47 4 25 9 33 9 5 6 51 4 60 45 328 41 20 8 31 6 19 7 417 56 27 39 214 31 223 122 292 188 31 362 41 23 45 355 19 15 8 28 16 15 49 222 54 49 4 75 8 3 6 40 19 22 5 49 16 15 43 210 113 71 5 25 19 9 7 28 4 2 2 8 4 2 42 71 51 67 6 48 13 15 7 34 24 45 18 311 16 37 96 611 312 205 42 382 33 22 36 310 18 13 9 23 8 12 51 187 37 29 2 42 7 4 6 44 23 20 2 37 12 21 42 126 820 551 53 242 112 61 64 173 61 37 32 73 56 54 756 868 599 366 53 167 71 62 40 132 277 158 76 568 164 130 733 2086 52526 760 316 185 476 99 267 205 395 101 156 52 217 49 1122 417 791 238 57 56 81 42 49 36 167 42 83 68 157 28 493 450 2076 71 22 27 35 16 19 20 74 5 13 19 32 14 100 75 215 60 16 19 31 9 17 19 261 38 43 21 170 44 190 164 498 98 42 47 98 18 35 38 64 11 30 20 38 15 104 83 96 55 11 22 21 16 10 9 29 21 22 37 37 7 111 120 290 57 25 17 42 15 26 20 53 14 14 15 39 20 65 70 240 53 22 27 53 17 21 20 357 37 31 48 178 48 195 186 549 202 47 244 37 28 39 236 28 14 8 35 19 17 70 187 112 63 15 62 8 10 15 55 34 15 10 47 11 20 87 194 8246 77 9 39 22 26 8 57 20 14 5 28 8 5 37 94 93 66 10 54 26 33 9 57 50 51 19 333 24 48 117 608 301 148 39 240 57 44 57 210 34 18 12 32 22 21 61 160 51 45 8 63 13 16 9 81 26 26 12 58 18 36 63 157 674 406 75 200 129 74 70 154 72 50 96 141 59 73 737 879 341 308 51 135 92 100 68 191 202 144 143 636 162 199 769 2291 3
48140 318 280 206 296 15 222 315 26348 12 380 14 228 11 1017 540 330 50 11 15 22 1 14 5 200 12 13 17 313 8 466 208 946 4 25 3 13 0 9 11 61 1 10 0 10 2 47 25 219 13 5 6 9 0 12 3 948 21 31 18 402 3 353 95 251 25 3 7 40 3 6 8 11 0 0 1 8 0 6 6 18 0 1 0 2 0 1 1 11 0 0 0 4 2 13 6 184 7 11 6 11 0 5 2 21 0 1 2 13 1 32 13 312 8 4 3 4 0 3 3 439 5 22 6 221 6 101 50 293 229 31 840 7 14 16 402 32 10 5 151 3 6 25 372 6 7 0 9 0 0 1 7 10 5 3 24 5 3 18 101 45 16 6 58 3 0 1 16 9 3 1 11 2 1 8 57 10 19 0 19 1 1 1 11 37 17 3 224 13 11 45 339 180 312 10 380 13 5 16 189 12 8 0 19 6 4 18 90 7 3 2 8 1 0 0 4 6 3 0 16 2 4 7 57 890 496 29 368 11 4 22 115 173 16 31 49 30 13 245 359 491 205 19 101 10 4 12 45 428 99 49 302 93 42 341 1157 70515 475 476 255 425 36 258 200 430 26 113 50 258 38 1002 437 434 116 24 14 30 8 32 17 242 21 36 22 183 18 340 266 472 29 36 17 22 1 18 14 115 12 12 4 37 5 46 21 223 19 16 13 28 3 18 12 971 19 35 20 297 24 200 141 362 50 17 22 95 2 14 25 24 1 1 4 17 4 31 33 43 7 3 1 6 0 3 4 27 3 1 1 16 2 17 18 223 34 14 23 16 3 11 17 43 4 5 7 26 2 33 26 215 23 14 15 16 2 17 13 378 16 30 28 244 26 135 132 472 272 111 987 31 41 39 339 28 15 16 41 18 31 33 235 33 16 0 29 3 1 1 14 14 11 6 19 22 13 29 158 107 45 24 46 2 2 11 22 22 7 7 26 3 3 16 51 58 35 2 33 3 4 2 21 37 22 25 119 25 16 48 316 251 217 31 358 24 16 35 239 13 21 10 16 14 7 20 137 26 18 2 26 7 3 3 24 16 10 7 24 13 14 31 114 1040 388 51 253 28 26 30 142 42 24 22 47 27 27 141 341 410 234 30 147 30 33 27 91 272 136 64 248 149 99 318 1492 53021 528 562 298 505 48 269 170 532 40 221 70 253 49 1107 356 420 130 48 22 37 13 33 44 256 22 50 36 147 30 261 236 2315 68 42 23 44 6 26 26 179 3 28 6 49 9 57 39 259 24 22 13 30 5 20 26 1094 25 47 29 278 26 154 128 434 58 39 33 122 4 29 23 46 5 10 1 15 5 24 29 52 15 9 2 8 3 9 10 31 4 8 5 12 14 22 34 269 49 20 35 29 4 13 23 68 7 13 5 36 4 23 30 176 30 33 24 34 9 26 46 324 20 29 26 184 34 138 191 852 310 173 1043 57 38 59 281 53 26 22 37 20 25 62 196 45 17 9 28 9 5 8 24 20 12 12 19 22 20 17 151 11656 76 17 91 8 8 7 23 22 8 8 22 8 7 22 72 87 33 15 41 12 10 11 27 77 24 21 100 34 20 78 288 256 205 51 319 31 28 34 204 26 32 12 35 20 28 25 125 44 27 10 24 5 12 7 31 25 25 11 29 21 48 28 147 1135 325 54 185 30 38 27 128 54 35 23 89 30 36 110 303 295 192 31 134 35 36 38 163 196 119 78 262 132 170 317 1653 3
46389 455 167 275 346 21 272 438 21895 16 595 29 322 18 1033 996 423 94 13 27 17 2 18 11 301 24 30 37 460 7 1052 478 784 14 13 4 9 1 8 5 19 1 0 2 22 0 43 25 268 40 12 6 7 0 6 6 771 15 35 24 735 5 521 165 348 12 7 8 57 1 18 11 9 2 0 1 19 0 36 8 24 1 0 0 0 0 0 0 18 1 2 2 3 0 15 3 267 10 3 6 12 1 11 3 20 2 1 1 20 1 45 10 389 16 5 8 6 0 3 1 573 2 20 13 244 2 168 35 185 311 24 640 8 18 17 603 15 6 2 44 5 10 38 490 14 27 1 27 0 0 3 8 10 11 0 22 6 4 23 143 27 18 2 28 1 1 0 24 0 3 0 4 2 0 11 68 19 31 3 27 0 0 1 10 32 24 3 204 16 6 62 491 278 375 19 535 20 4 24 239 9 8 2 19 9 3 43 155 9 12 1 3 0 0 0 1 0 8 2 9 5 3 14 40 969 775 35 423 27 10 39 156 53 18 6 59 32 17 688 659 803 419 30 133 6 2 8 36 422 130 51 435 169 33 609 1251 66433 563 248 283 428 56 279 309 273 34 60 46 348 32 819 710 532 163 48 50 52 18 26 42 322 33 54 56 362 22 846 548 256 43 14 17 26 2 18 17 34 2 9 4 35 3 61 26 275 66 12 18 18 1 9 18 701 17 21 15 588 23 340 200 599 42 25 22 76 8 26 15 30 3 10 6 35 1 104 63 52 6 1 2 9 5 3 2 18 3 3 4 14 2 62 64 269 25 21 16 23 7 13 11 49 1 5 5 26 2 52 42 241 33 21 21 10 4 16 7 387 24 32 32 256 14 185 137 282 304 39 528 26 24 27 400 20 13 5 32 16 18 38 306 33 44 5 34 5 7 7 48 13 6 1 47 7 17 28 194 65 65 7 20 8 4 7 28 5 1 3 14 4 7 28 67 65 58 3 28 1 7 5 19 18 28 12 172 21 23 65 444 288 298 23 375 23 24 33 263 15 13 4 23 15 8 54 176 26 24 2 28 4 3 2 29 9 8 3 30 19 12 52 129 770 563 30 236 123 76 42 151 34 37 24 65 55 36 636 638 549 464 27 138 74 66 42 134 248 153 75 389 172 87 646 1779 53141 695 337 287 739 57 300 246 342 75 78 60 302 33 787 535 613 225 55 75 72 23 41 52 348 58 81 70 309 34 661 445 2088 115 44 20 29 7 29 10 52 8 10 8 51 5 65 40 330 66 28 24 46 10 26 12 660 34 36 29 397 43 301 158 749 62 39 26 98 7 40 28 38 9 12 8 45 2 82 88 58 18 9 8 11 4 3 4 26 6 11 17 42 4 95 75 285 44 40 17 35 6 21 22 38 8 14 6 45 14 66 79 161 43 20 14 15 7 14 28 262 26 33 52 228 49 191 192 551 300 71 544 58 34 42 274 22 20 4 49 22 15 56 248 76 65 6 40 7 7 6 30 24 20 5 40 17 25 48 189 8058 90 13 53 5 9 10 25 11 7 5 10 11 8 27 72 87 88 8 32 5 7 4 42 84 42 16 138 33 61 69 428 301 252 37 291 23 27 43 217 12 24 9 27 16 13 57 197 43 40 9 31 6 10 5 35 26 18 9 31 14 19 56 192 952 397 31 187 85 54 39 154 46 47 24 93 45 43 686 701 379 329 42 116 51 56 74 164 198 129 84 327 131 145 712 2124 3
47083 494 93 231 465 30 241 310 22184 15 584 25 235 16 1079 796 465 157 14 30 23 3 18 15 183 32 31 46 276 13 824 466 688 13 8 7 12 1 2 7 9 2 2 0 13 1 45 22 177 27 2 8 17 0 7 6 592 25 34 34 524 13 356 183 528 34 8 16 114 1 25 11 6 0 0 1 27 0 36 8 29 0 0 0 1 0 2 0 11 0 0 1 14 1 7 5 247 14 3 5 37 0 5 4 18 1 1 1 35 0 41 15 350 15 5 3 6 0 6 2 644 9 16 12 307 1 154 37 93 205 11 639 9 11 13 479 3 3 6 26 9 1 44 390 14 40 2 31 0 1 0 3 5 7 0 42 5 1 22 172 10 23 0 31 0 2 1 10 1 3 1 14 0 2 16 52 16 62 2 46 0 0 2 13 33 52 9 327 23 14 54 530 234 356 23 567 20 12 35 356 4 4 2 16 9 4 45 173 9 12 2 12 0 1 3 5 8 3 1 8 3 1 13 43 836 653 37 364 22 10 46 138 29 20 13 51 50 6 546 771 669 514 20 183 11 6 8 38 365 184 40 604 163 48 660 1597 68838 567 143 216 484 60 197 199 147 43 39 41 181 23 650 501 545 225 31 59 73 24 37 37 184 48 48 79 179 32 601 353 109 32 9 9 28 5 10 12 33 8 5 4 34 8 55 40 154 54 8 16 22 2 9 9 314 42 46 42 289 51 269 194 513 44 23 23 122 10 35 28 24 9 4 6 35 5 111 59 84 27 8 6 15 6 3 1 28 9 11 9 35 6 75 59 201 23 12 12 44 2 12 12 38 3 9 8 48 8 71 44 189 41 13 11 19 1 8 6 476 33 37 43 248 34 194 115 148 183 41 351 24 25 39 304 9 10 1 40 9 13 58 262 36 49 6 55 2 11 8 30 10 11 5 48 5 5 28 220 44 46 7 37 10 6 12 24 7 2 3 17 10 4 40 79 49 83 9 62 8 9 6 40 34 56 12 286 34 59 77 586 226 230 53 336 39 21 57 251 11 15 11 21 15 8 66 194 34 31 8 51 1 4 8 36 10 10 2 44 4 9 44 112 509 373 44 216 95 52 50 164 29 25 28 73 58 43 647 795 448 381 31 187 65 48 36 116 253 174 73 588 157 109 707 2142 55102 532 210 205 438 100 164 150 164 58 95 66 171 36 450 321 517 218 68 51 125 57 54 58 179 41 65 68 152 52 431 281 2027 40 18 16 49 10 16 22 61 10 9 7 51 9 76 48 127 46 17 21 36 9 18 17 222 55 48 61 192 42 206 176 501 106 30 40 126 39 46 41 41 9 15 13 35 9 101 98 101 42 8 13 42 22 17 24 52 16 18 9 47 12 107 76 164 34 16 13 51 7 16 16 44 13 12 13 54 15 74 56 146 44 13 17 40 18 9 20 348 53 53 58 204 46 206 182 527 165 50 221 58 39 44 190 20 24 15 62 20 22 49 200 58 49 17 62 18 20 9 51 17 27 13 73 13 28 38 181 9570 40 19 50 24 19 16 38 18 10 15 45 9 17 92 135 72 66 14 65 27 23 12 53 39 72 27 220 36 42 144 623 153 189 47 246 46 36 47 172 13 17 11 52 12 17 75 208 43 55 8 44 13 18 12 51 20 15 16 57 14 16 83 175 328 230 59 178 110 81 61 158 41 39 78 106 82 41 593 867 285 266 63 179 92 103 50 148 182 191 135 577 129 134 803 2210 3
49666 394 184 171 200 14 194 199 24381 3 609 18 180 9 1428 647 370 149 9 18 7 2 5 7 184 18 11 33 210 3 683 274 821 4 5 0 1 0 5 4 21 1 2 0 13 0 66 14 168 19 5 2 2 0 2 2 698 8 38 26 464 3 373 90 203 8 0 8 10 0 4 2 6 0 0 0 7 0 8 4 5 0 0 0 0 0 0 0 3 0 0 0 0 0 4 1 190 8 8 5 8 0 2 1 9 0 0 0 8 0 41 4 212 2 3 0 4 0 1 0 402 1 10 2 143 2 89 10 154 180 17 645 1 4 9 504 17 4 4 43 4 6 51 381 9 16 0 8 0 0 1 2 3 1 0 16 3 1 20 94 29 19 3 25 0 0 0 7 2 0 0 7 0 0 12 43 14 30 0 12 0 0 0 6 15 18 1 268 8 2 37 397 186 235 6 399 6 2 11 143 2 2 0 10 5 1 30 84 6 7 1 2 1 0 2 1 3 1 1 3 4 2 10 17 1381 697 49 367 8 2 34 87 68 9 23 31 36 6 804 624 745 290 8 62 5 1 8 21 359 95 42 345 74 17 564 743 72325 415 192 145 292 40 250 213 209 25 95 48 248 18 972 595 388 170 36 31 25 23 14 12 156 22 40 65 195 19 555 356 163 20 12 7 20 2 9 7 33 2 9 0 22 1 41 20 202 37 12 8 9 3 4 6 444 57 26 22 329 39 234 119 313 43 12 10 38 9 21 13 11 1 2 0 11 2 79 46 47 26 0 1 4 5 1 2 9 1 0 1 11 2 33 32 223 21 13 5 28 1 9 6 25 0 2 0 18 1 51 29 184 24 12 7 13 3 10 4 272 22 9 12 165 18 119 58 208 201 42 356 24 15 28 345 7 10 9 31 4 10 44 263 25 32 4 51 2 0 4 37 11 5 4 30 12 10 13 158 77 45 7 28 5 5 3 15 6 3 27 17 5 0 34 68 48 55 2 40 5 2 2 13 22 28 21 228 11 16 50 414 217 155 30 292 22 14 15 159 14 5 4 18 10 6 43 96 14 11 2 29 4 0 2 20 10 7 4 11 7 4 32 67 1005 610 46 209 80 40 45 120 56 13 72 62 41 18 806 711 616 348 21 96 48 28 34 58 261 99 63 331 149 54 648 1069 58851 508 203 169 383 54 281 165 259 42 119 57 226 39 675 439 431 207 46 38 51 30 32 32 158 29 61 91 187 31 415 305 2042 17 9 14 20 7 10 9 39 3 16 4 19 3 51 31 186 32 15 17 25 3 9 12 330 80 32 25 152 44 219 122 352 60 17 22 59 14 24 13 28 3 11 7 22 4 136 110 33 11 5 6 23 9 9 0 21 5 4 9 14 3 80 72 219 38 17 10 31 9 8 5 32 4 10 13 20 4 52 46 172 31 14 8 22 7 4 10 209 36 31 16 147 21 111 104 544 176 84 302 23 21 36 210 15 12 14 38 11 9 51 242 28 40 6 28 10 9 5 35 16 8 3 28 13 12 43 137 8932 57 16 30 12 14 6 31 9 5 24 28 8 6 53 102 55 58 4 31 12 7 4 34 38 27 31 269 20 22 58 462 212 154 24 241 30 23 28 153 14 8 13 14 12 4 67 125 33 28 3 19 8 5 6 16 13 6 4 26 12 5 53 115 778 512 53 180 110 54 47 105 63 35 90 78 60 41 777 788 514 343 34 100 75 44 54 87 190 87 81 343 134 84 777 1240 3
52192 325 58 128 269 7 149 208 26998 11 574 16 126 12 803 549 292 110 5 10 15 0 12 5 111 23 7 23 260 5 651 316 680 8 3 2 5 0 2 4 7 1 0 2 8 0 17 8 108 14 2 6 6 1 6 3 337 9 7 12 326 0 290 124 241 11 7 4 36 1 8 3 6 0 0 0 19 0 26 5 12 0 0 0 1 0 0 0 7 0 1 0 8 0 4 2 123 11 2 5 6 0 4 1 9 0 0 0 9 0 24 5 189 6 6 2 5 0 2 1 310 2 5 5 156 1 109 18 33 104 4 330 6 3 6 310 11 5 1 28 3 7 19 291 4 6 1 5 0 0 1 1 3 7 0 12 4 2 11 103 6 6 0 8 0 0 2 10 1 0 0 1 0 0 1 26 12 23 0 18 0 0 0 3 10 11 0 144 7 6 28 277 111 183 3 266 8 5 6 126 3 4 1 8 2 2 29 92 13 6 1 2 0 0 0 1 1 4 0 2 1 0 11 21 809 740 23 247 16 3 18 99 113 16 5 29 24 8 408 471 583 314 13 88 4 0 10 15 268 101 26 282 89 10 431 734 78331 388 110 119 335 38 129 137 111 13 55 22 143 15 577 387 424 167 27 23 38 9 16 15 136 27 39 51 144 13 405 302 115 38 4 7 16 1 7 7 12 3 1 3 21 3 20 17 109 28 9 10 13 5 10 10 253 16 14 19 146 21 190 131 286 23 16 11 49 5 21 14 17 3 3 5 10 5 63 51 28 9 2 5 4 1 2 1 14 5 3 7 13 1 43 27 124 18 10 6 16 2 8 12 11 4 2 3 27 4 40 21 124 13 9 3 16 2 7 4 150 16 8 13 120 12 118 51 80 122 19 235 8 8 10 160 7 7 2 21 6 12 35 152 16 20 4 15 4 1 4 28 6 5 2 23 6 3 24 111 60 38 2 26 3 7 0 12 4 4 2 2 2 2 14 43 33 42 3 15 3 9 1 15 13 16 9 121 7 13 36 262 116 120 15 134 13 5 13 101 9 9 3 8 8 7 49 104 16 13 2 9 0 5 2 16 7 10 2 16 9 6 41 68 611 428 22 129 75 48 25 128 18 19 30 37 38 38 512 560 333 307 20 115 48 32 12 64 170 101 40 274 115 58 528 1164 61877 410 147 128 396 51 119 87 162 26 111 34 146 22 454 311 474 193 35 23 65 30 21 27 136 28 50 32 94 27 287 215 1869 53 6 14 27 8 13 9 43 11 8 1 38 9 29 37 109 39 12 17 22 6 6 19 207 31 19 16 103 26 155 128 328 43 24 9 77 13 24 13 41 4 15 5 14 7 88 83 49 32 7 9 9 3 12 3 20 3 12 12 17 7 63 73 112 27 10 7 20 4 2 9 22 2 8 4 26 10 24 25 63 15 12 13 14 6 9 11 92 17 21 27 69 17 118 105 306 118 43 206 17 21 28 101 11 12 5 24 12 8 31 127 32 25 6 23 2 3 6 32 7 11 6 19 10 11 35 93 12275 61 8 23 24 11 4 29 8 5 8 13 10 9 35 68 49 40 7 31 10 11 7 16 24 14 21 111 24 25 51 242 118 80 21 87 14 19 15 69 13 7 9 15 9 17 48 77 22 26 8 32 6 5 5 13 9 7 10 23 15 16 45 103 502 273 33 104 59 71 44 89 25 24 40 44 37 55 534 622 227 202 18 95 55 72 30 98 142 92 70 269 98 92 543 1329 3
52003 357 70 162 170 20 144 196 26958 9 567 12 134 11 594 531 313 59 17 5 21 1 7 6 153 15 9 17 276 6 676 214 685 11 4 10 7 0 5 3 8 0 0 1 7 0 31 16 141 13 4 5 9 0 9 2 329 7 15 18 390 4 364 103 175 34 7 10 24 1 11 9 4 0 0 0 5 0 24 2 19 0 0 0 0 0 0 0 7 0 0 0 2 0 7 0 112 10 2 9 5 0 9 0 9 0 1 0 15 0 38 12 245 6 2 1 1 0 2 2 354 6 17 2 149 0 124 24 50 132 2 302 8 7 6 275 6 5 0 17 5 8 22 333 15 17 1 10 0 0 1 3 5 6 1 24 10 2 25 112 4 11 1 17 0 0 0 14 2 0 0 1 2 1 4 22 5 16 0 28 1 0 0 7 26 21 5 99 20 6 40 274 120 263 5 389 11 6 9 151 3 7 2 14 6 1 30 113 17 5 2 2 0 0 0 2 5 0 1 4 6 2 8 29 666 641 28 320 20 3 22 130 34 28 3 35 21 6 308 426 616 242 14 92 6 1 7 19 309 110 42 257 137 27 511 753 78496 279 120 116 178 12 115 114 107 24 31 24 119 20 410 362 357 72 35 24 40 4 25 15 162 20 30 26 149 10 436 207 114 30 9 12 18 4 10 10 13 8 4 4 26 5 37 28 144 21 10 9 21 0 13 6 182 31 25 32 204 13 193 151 173 34 17 13 23 3 17 11 26 3 5 5 21 1 42 17 25 4 3 2 4 2 0 2 7 3 4 3 11 6 30 11 120 28 18 15 21 1 11 9 18 4 8 1 18 1 55 34 147 12 11 14 9 2 11 5 189 19 20 15 144 8 161 93 101 122 9 198 19 4 13 159 13 14 3 22 13 9 30 156 29 22 2 22 1 2 2 16 16 17 5 20 14 10 20 138 41 35 5 17 6 5 3 14 6 1 4 6 6 6 16 42 17 24 4 13 0 0 4 15 18 30 11 110 23 26 62 266 98 161 19 259 22 8 20 134 17 12 3 18 13 7 36 132 26 20 2 16 1 3 3 11 8 8 1 13 14 9 41 97 450 428 32 197 43 35 46 134 28 30 25 48 40 48 308 458 431 270 29 130 29 17 28 71 171 115 51 258 190 103 588 1340 62547 244 158 106 195 32 110 64 182 22 39 21 98 24 290 231 294 70 40 21 52 18 35 10 97 20 31 22 135 24 329 167 1914 34 25 10 33 3 11 8 25 6 16 2 21 8 42 38 100 37 19 8 22 10 9 9 144 39 40 36 118 36 158 135 184 56 29 20 27 18 16 11 29 7 11 10 15 10 74 56 77 26 6 6 10 8 6 9 18 5 8 8 25 8 64 52 97 23 16 8 14 6 12 13 26 7 10 10 26 5 46 41 134 36 15 15 20 8 14 10 118 40 32 26 120 29 125 148 319 100 25 140 25 24 11 88 14 9 8 14 17 18 39 113 46 27 6 26 4 7 5 27 10 13 7 18 22 11 38 97 12211 22 10 26 8 10 7 18 10 8 4 13 6 7 30 69 44 32 9 28 8 13 3 25 20 30 11 100 25 34 66 252 96 109 22 192 9 23 21 90 29 15 11 33 9 8 44 110 28 34 10 40 5 9 6 25 17 14 5 34 16 26 78 158 355 308 44 164 65 73 72 116 56 43 36 79 51 61 269 462 325 197 34 125 64 46 46 126 126 138 87 280 144 162 548 1446 3
49172 358 99 143 405 10 217 288 24308 8 576 13 217 4 927 566 366 125 11 13 16 2 10 7 162 12 7 21 320 4 751 344 798 11 4 4 6 0 6 1 60 0 1 0 5 1 24 9 160 17 2 4 10 0 4 4 675 5 25 26 891 1 271 117 348 21 4 12 55 1 15 6 5 0 0 0 12 0 22 6 12 0 2 0 0 0 0 0 13 0 0 0 3 0 6 3 172 12 4 5 10 0 7 2 7 0 0 0 11 1 28 5 268 8 2 0 3 0 2 1 489 1 21 15 221 1 91 22 78 153 6 729 8 9 6 592 3 4 1 19 5 0 16 229 7 26 0 13 1 0 0 2 3 3 1 21 6 6 9 116 12 8 0 11 2 0 1 19 0 1 0 5 0 1 6 30 6 28 0 15 0 0 1 9 19 16 5 492 24 7 31 640 162 266 7 778 13 2 24 188 5 5 0 12 5 2 28 79 4 3 0 1 0 0 1 2 3 1 1 8 1 0 18 23 775 664 29 257 27 3 28 85 20 25 6 25 29 17 526 555 591 313 14 117 3 4 9 14 214 118 23 585 89 23 568 1078 72795 406 165 145 746 62 212 179 181 17 55 34 244 33 582 353 406 173 30 35 43 21 30 31 147 28 46 46 204 37 447 300 115 31 11 6 25 5 6 10 24 6 5 3 42 7 22 22 163 28 8 4 23 1 9 8 263 53 22 31 494 111 143 141 500 51 28 18 101 8 24 15 21 3 3 7 30 4 64 30 63 27 4 3 2 1 4 1 13 10 5 11 13 5 65 33 163 15 9 12 34 4 10 7 27 2 6 4 25 5 43 29 166 17 8 6 5 2 1 6 220 42 15 48 135 23 77 76 154 132 30 229 14 18 35 302 4 5 4 19 7 10 21 131 20 38 4 48 2 1 4 26 4 3 2 45 4 15 29 124 62 43 7 11 2 5 4 17 4 4 5 15 5 9 36 55 30 43 5 47 3 5 5 34 19 46 8 534 14 42 56 837 189 164 33 437 29 11 29 125 6 5 5 17 7 3 28 90 20 22 7 78 0 1 6 17 8 7 6 27 13 8 43 97 438 367 26 119 97 87 43 78 30 19 26 39 32 57 663 627 322 298 12 145 52 59 36 71 114 119 57 670 100 63 651 1701 59233 516 250 132 953 65 202 113 219 41 120 43 233 51 482 238 483 164 54 54 77 31 49 45 146 34 57 55 140 55 270 246 2004 53 7 9 38 13 14 16 50 22 12 11 118 37 40 36 157 48 6 23 42 17 18 13 150 43 28 41 114 119 101 121 728 81 41 38 91 21 22 21 24 4 26 25 18 17 109 82 58 40 5 15 19 8 8 7 19 9 11 28 23 6 75 92 171 33 17 9 14 8 9 15 19 5 15 11 33 16 57 50 102 44 16 9 19 13 12 12 123 60 22 40 87 54 66 103 489 144 28 82 29 29 40 144 6 8 5 25 13 9 34 128 45 50 23 44 8 14 11 43 8 11 6 41 11 20 26 111 8883 34 10 23 21 15 8 33 7 11 11 35 12 12 65 86 40 52 7 37 20 20 9 33 22 35 32 494 27 62 101 903 210 107 65 133 21 16 28 85 9 7 8 28 14 4 52 73 36 50 60 99 14 14 12 39 14 16 16 51 12 19 58 117 307 201 22 79 86 82 50 100 32 30 52 104 56 61 644 651 208 215 40 123 67 101 43 117 84 87 84 726 85 100 733 1855 3
51383 325 83 161 173 10 130 231 26231 5 578 8 146 12 987 769 240 69 11 20 12 1 9 5 140 21 12 17 201 4 721 318 730 10 3 6 8 0 3 5 9 0 0 1 11 0 34 12 106 21 1 6 3 0 7 3 383 8 15 19 339 3 288 105 187 11 1 4 20 0 7 2 16 0 0 1 9 0 14 2 8 2 0 0 0 0 0 0 6 1 0 0 3 0 3 0 141 14 5 5 8 1 4 0 9 0 0 1 7 0 29 7 274 6 5 2 2 0 3 0 464 1 15 3 123 3 93 21 77 135 6 363 2 8 12 378 7 4 0 20 3 3 35 340 5 19 0 7 0 0 2 4 6 6 0 15 3 4 10 99 8 8 0 19 0 1 1 16 2 0 0 1 0 0 3 36 9 20 2 17 0 0 0 4 24 15 2 100 8 4 34 263 157 245 8 294 10 3 12 125 4 2 0 14 8 2 27 128 7 2 1 1 1 1 0 0 4 2 0 8 2 0 4 16 987 881 29 379 10 4 34 114 28 15 9 44 23 3 383 498 712 313 14 106 2 1 4 22 374 99 26 274 94 20 416 625 77058 293 97 144 142 37 133 171 103 18 17 29 135 7 711 658 224 101 17 32 15 6 12 9 131 23 32 28 164 2 534 381 93 32 7 11 11 4 6 3 19 1 3 4 14 2 34 22 134 28 8 10 8 3 11 6 219 21 20 28 204 20 162 120 180 26 7 9 34 0 11 10 14 3 5 0 12 1 45 25 25 8 5 1 4 2 2 0 15 1 3 2 10 1 24 9 135 7 5 14 17 4 11 9 12 0 1 1 16 0 47 20 193 19 13 4 12 2 4 8 306 15 21 20 112 5 135 62 115 167 11 231 15 12 13 216 9 8 3 22 13 9 38 211 22 17 2 18 0 2 0 15 5 7 0 27 7 8 21 112 37 45 6 30 2 2 2 13 4 3 5 7 6 6 22 62 23 38 7 25 2 4 3 21 20 28 10 135 19 13 43 285 106 126 12 194 20 18 25 158 20 15 3 16 14 6 32 167 14 12 2 10 1 0 2 7 13 9 4 19 5 1 17 85 735 707 45 209 31 36 40 158 39 27 26 42 38 36 494 608 547 376 17 102 24 14 12 83 239 146 47 291 131 61 476 1026 61864 325 117 125 166 53 115 127 116 27 38 38 141 30 498 566 234 120 27 38 29 16 11 20 98 20 31 37 123 22 411 307 1860 32 12 16 14 6 12 17 25 7 7 3 21 7 25 30 128 36 8 13 15 3 11 17 135 27 22 20 124 23 149 130 188 37 22 22 29 6 20 23 22 4 4 6 22 6 70 69 40 10 4 9 5 3 4 8 29 6 14 11 11 5 44 46 120 32 8 11 15 7 6 14 20 6 7 4 17 5 59 30 155 38 16 5 8 5 11 18 196 19 27 36 98 19 95 98 345 141 26 138 21 21 25 137 22 11 6 16 10 9 36 184 31 22 9 26 3 4 5 26 7 4 5 28 7 11 33 126 11514 60 10 41 7 8 9 32 11 5 12 16 3 6 34 60 43 34 7 30 2 3 3 19 13 27 17 148 16 22 32 305 108 140 20 126 22 22 18 133 19 13 6 24 13 10 56 155 22 23 5 31 3 8 3 20 9 11 3 30 6 5 27 98 498 489 48 158 86 88 47 163 45 32 28 45 46 45 533 750 437 347 30 107 48 58 36 100 169 118 63 311 163 95 556 1143 3
47662 457 181 218 411 9 281 304 22006 9 613 13 234 7 1782 757 415 197 9 30 6 2 9 7 187 30 22 51 351 5 1006 438 712 6 5 2 6 0 4 0 11 0 2 0 10 0 46 12 214 26 2 0 2 0 2 1 762 16 27 27 609 4 483 132 228 7 5 9 52 1 10 1 6 0 0 0 18 1 17 2 20 2 0 1 0 0 0 0 5 1 0 0 4 0 4 3 251 5 1 1 16 0 2 3 15 0 1 0 20 0 32 5 302 8 0 0 3 0 0 0 501 0 8 7 241 1 110 15 115 167 8 756 6 1 8 633 8 4 4 22 1 2 47 543 7 20 0 10 1 0 0 0 2 6 1 15 1 3 9 120 24 11 3 37 0 0 1 6 0 1 0 7 0 0 18 30 7 42 0 13 0 1 0 4 28 22 6 330 6 3 32 460 226 299 8 559 9 1 21 203 2 3 0 8 2 1 49 130 10 5 0 1 0 0 0 0 2 4 0 0 2 0 1 14 1598 926 43 408 17 3 32 89 79 8 12 31 37 8 781 727 685 387 15 110 3 0 7 10 397 112 29 499 87 8 624 795 68434 518 154 192 492 38 287 302 143 18 106 50 257 15 1262 697 465 207 17 43 49 15 25 23 207 42 40 74 263 37 824 493 132 30 1 5 12 3 5 10 15 1 8 2 31 4 62 25 165 45 6 5 11 0 2 2 497 41 35 33 417 23 330 161 366 59 11 9 72 4 33 12 11 4 4 6 23 1 112 43 49 19 1 2 3 4 3 3 13 6 5 6 19 2 84 41 221 18 5 2 32 2 5 1 21 2 2 1 37 3 73 16 231 40 7 4 18 4 3 3 408 30 15 16 231 8 118 55 145 184 26 408 17 13 31 419 4 9 8 38 4 5 73 374 30 34 4 26 0 5 3 19 5 11 2 45 3 4 18 164 76 64 5 30 5 2 4 11 8 4 11 19 2 4 40 83 34 74 1 39 2 4 1 17 27 27 28 332 16 11 74 560 224 206 25 386 15 11 45 171 4 5 6 10 8 2 63 168 20 17 1 24 1 4 0 16 7 12 2 17 3 3 17 58 1054 709 57 331 113 83 69 130 60 20 55 50 41 26 827 832 536 385 22 158 62 49 16 43 315 147 82 556 152 46 678 1165 54526 573 147 182 498 96 234 253 165 40 125 72 200 43 925 569 563 216 29 50 98 22 47 51 140 49 98 104 198 33 676 418 1968 45 3 6 28 5 5 5 28 3 10 4 49 8 91 40 142 62 6 8 25 9 11 5 332 59 42 45 284 38 308 187 442 102 27 31 104 29 26 35 24 9 14 19 27 11 112 66 62 30 7 6 16 7 6 7 42 9 15 23 32 7 107 70 228 37 6 7 38 21 6 8 41 4 8 6 50 5 74 38 186 27 12 12 24 7 11 3 265 61 29 34 174 22 163 90 463 153 24 238 27 18 29 310 13 13 14 35 15 6 83 418 39 51 4 28 10 10 4 45 6 5 6 49 11 10 39 156 9799 97 12 49 15 7 4 31 8 7 17 16 4 3 58 111 74 106 5 45 9 10 5 29 33 39 30 318 20 17 91 512 198 198 31 262 20 27 36 166 8 4 8 17 2 8 71 174 38 24 2 25 11 10 4 25 11 11 4 20 6 5 30 92 754 568 58 337 108 92 49 158 62 36 38 68 95 51 859 1012 446 300 29 186 49 73 37 79 277 168 78 547 186 65 832 1284 3
54040 267 77 92 133 11 132 142 28628 6 583 8 125 8 1123 603 307 123 10 15 8 1 16 1 82 12 7 21 146 2 552 289 682 10 1 3 1 0 2 3 9 1 1 0 5 0 21 11 94 12 1 3 5 0 2 1 184 6 6 8 118 1 197 59 80 9 1 2 13 0 4 3 2 1 0 0 1 1 4 2 8 1 0 0 1 0 0 0 4 0 0 0 2 0 3 1 57 3 0 8 3 0 3 0 2 0 0 0 6 1 26 5 114 3 3 1 4 0 0 0 133 3 3 3 45 1 52 9 38 92 4 106 3 6 4 113 3 4 0 5 0 1 18 160 9 10 1 8 1 0 0 1 2 2 1 7 2 4 12 58 5 11 0 6 0 0 0 11 0 0 0 0 0 0 1 20 4 22 0 10 1 0 0 0 7 10 1 93 4 2 12 145 70 124 2 123 0 1 3 56 1 3 0 5 1 1 20 52 10 6 1 0 0 0 0 0 4 1 0 1 2 0 8 15 906 569 24 167 8 6 23 44 26 10 7 18 19 8 635 513 475 247 21 55 2 1 11 10 163 56 16 134 43 3 504 594 81968 307 72 92 134 34 91 79 95 27 42 35 93 16 743 452 292 117 24 21 24 12 23 14 75 27 22 43 63 6 407 276 62 13 7 4 5 3 5 9 18 2 2 2 8 5 24 16 79 20 4 8 9 2 4 5 99 16 13 10 62 9 108 54 132 47 14 7 30 8 7 4 8 2 1 2 8 2 69 45 45 31 3 0 7 11 0 4 10 1 2 2 6 1 54 28 55 12 3 4 5 1 1 2 11 1 0 1 9 1 31 32 78 11 5 3 9 3 3 8 79 4 10 8 40 4 55 33 51 109 5 55 12 9 7 38 7 5 1 7 3 3 20 77 33 22 6 16 1 0 5 6 6 7 3 16 1 3 17 61 55 47 4 12 15 7 0 4 4 1 5 5 3 5 24 27 34 51 2 16 2 6 4 10 13 15 5 94 9 6 38 124 54 67 11 53 0 10 12 32 6 3 2 5 5 4 24 62 18 16 5 3 1 2 2 8 7 2 4 5 3 2 36 36 530 425 24 85 85 57 37 69 32 17 30 35 29 30 586 615 357 199 33 55 29 39 29 57 113 70 30 141 77 36 573 927 65921 365 121 90 139 49 88 46 138 44 71 31 82 23 471 282 301 146 30 33 45 22 18 23 78 27 35 55 60 19 247 159 1778 36 15 5 10 3 6 9 16 3 5 3 13 6 39 20 73 22 12 5 15 4 5 5 83 16 11 13 38 15 81 52 154 47 13 12 29 14 11 14 9 8 19 13 22 11 124 108 46 11 5 5 23 11 3 5 10 3 1 4 16 1 90 82 43 20 7 5 17 5 8 7 6 1 2 6 15 8 39 40 67 13 3 3 13 10 7 4 58 7 10 11 17 10 77 85 263 81 9 32 14 14 3 32 10 6 8 13 2 11 29 54 22 37 4 22 6 5 10 10 13 4 4 17 5 7 27 45 12229 52 5 7 11 9 14 5 7 9 8 12 5 6 32 30 35 38 9 18 8 8 8 14 11 17 10 87 16 18 35 153 51 52 13 32 13 11 5 23 8 4 6 13 5 8 35 76 19 14 3 4 1 8 4 8 6 4 3 8 6 5 41 76 361 297 32 90 79 76 36 59 39 28 33 51 48 48 551 676 233 167 29 61 82 64 49 107 99 68 62 139 90 75 612 989 3
56279 109 51 70 48 6 54 103 31733 6 569 5 55 7 238 332 86 16 9 5 3 1 6 0 61 5 5 6 92 0 227 134 673 6 4 3 6 0 5 7 5 1 1 0 6 1 16 18 57 2 5 2 2 0 1 2 91 2 8 12 98 3 149 56 29 1 5 2 5 0 2 2 5 0 0 0 2 0 9 3 6 1 1 0 0 0 0 0 2 1 0 0 6 0 8 1 47 3 6 1 0 0 2 1 2 0 1 0 3 0 11 9 76 0 3 3 1 0 2 0 114 1 3 2 60 1 80 21 40 64 6 114 3 4 6 96 6 4 2 11 1 3 22 139 10 8 1 3 0 0 0 3 4 1 0 7 1 0 12 72 8 5 1 10 0 0 0 12 2 1 0 2 1 0 4 17 5 4 1 5 0 0 0 3 8 7 0 14 4 2 15 107 46 97 7 107 4 1 5 76 5 3 0 9 5 0 15 82 4 6 0 2 0 0 0 1 2 2 1 2 1 2 7 16 260 395 20 162 3 5 13 76 16 20 3 15 17 6 71 220 310 139 18 75 3 1 8 17 138 54 18 97 67 15 202 556 87352 74 36 41 34 6 45 78 41 4 12 15 53 7 188 281 86 19 12 9 5 0 9 9 46 7 12 8 52 4 197 137 36 15 7 4 4 0 4 4 5 2 0 3 4 1 20 20 48 4 8 6 4 0 8 3 53 7 11 3 73 10 88 68 34 5 5 0 2 0 5 1 4 1 2 1 3 2 10 9 5 1 0 0 1 0 2 0 5 0 4 0 3 1 10 7 49 13 11 7 6 0 7 6 11 3 1 2 7 5 23 25 63 8 6 4 3 0 7 4 68 2 11 6 42 5 79 63 46 57 4 67 1 3 8 87 4 2 2 9 3 4 16 112 6 6 2 12 0 0 1 5 6 5 0 11 3 3 17 60 15 17 2 9 1 0 2 11 1 4 0 2 3 1 4 22 15 13 2 8 1 1 1 5 10 14 3 12 4 7 23 107 53 68 3 65 0 5 6 62 3 8 1 9 6 2 20 88 8 6 0 3 1 0 1 3 10 2 2 9 5 4 23 63 183 361 24 124 10 10 24 77 21 22 4 27 29 26 102 228 233 126 14 63 18 3 21 51 98 77 28 100 83 70 211 775 71437 70 34 42 35 10 44 56 38 6 8 6 53 12 152 261 54 20 15 5 5 2 17 4 34 5 7 6 45 5 170 129 1747 16 5 7 6 6 4 5 5 1 0 1 5 2 17 22 40 14 11 7 6 1 4 7 36 9 9 11 58 16 41 70 48 11 5 4 1 0 6 2 2 2 3 1 10 2 15 21 16 1 2 3 1 1 0 0 3 0 0 1 4 3 15 14 65 14 5 3 10 1 18 14 14 1 3 2 13 0 30 39 68 10 13 5 5 0 10 11 40 7 13 10 48 12 76 101 237 34 5 42 3 7 12 75 6 2 2 10 8 8 17 80 9 12 1 12 7 1 4 9 12 9 5 9 6 8 23 53 12182 12 5 9 2 3 3 16 2 3 0 4 6 4 5 31 8 11 2 10 2 3 5 12 10 7 7 18 14 14 26 97 57 59 5 47 3 7 9 62 9 8 4 11 10 10 18 70 13 10 4 10 2 0 1 5 8 14 6 11 8 5 33 89 159 300 21 78 21 23 33 74 25 17 10 33 31 46 102 222 166 135 18 61 11 4 36 87 75 63 20 93 79 97 186 935 4
53058 165 95 156 155 6 131 228 27508 13 578 11 146 13 321 488 174 22 17 9 16 0 9 7 150 5 14 13 258 5 463 217 737 11 6 9 15 1 4 10 9 4 4 0 18 2 26 31 162 13 12 5 11 1 5 2 261 9 26 17 336 6 305 120 135 15 4 11 10 1 12 2 15 0 0 0 6 0 16 6 18 1 1 0 1 0 0 0 8 0 1 0 6 0 10 7 136 11 8 5 3 0 5 1 18 0 1 2 14 2 21 21 259 11 16 7 8 0 5 2 308 7 14 10 165 6 129 61 85 142 12 236 8 10 12 269 6 13 3 17 7 6 34 274 18 7 3 9 0 1 1 5 8 7 1 12 19 4 28 134 18 15 2 19 1 1 1 25 1 0 0 3 2 3 1 36 15 9 2 14 0 0 1 8 21 20 4 61 33 18 50 237 132 274 16 370 9 8 13 145 7 15 4 19 6 5 27 138 11 7 2 4 0 0 0 0 8 5 0 13 2 1 11 43 357 418 25 284 13 3 26 110 29 40 8 39 19 13 88 302 448 188 25 118 9 3 19 46 323 117 54 246 119 43 318 1188 79810 142 123 129 124 20 139 176 129 14 25 32 136 16 246 375 159 23 18 14 17 4 16 20 133 28 19 18 214 11 419 185 118 12 11 18 24 0 13 8 19 2 6 4 20 3 33 41 144 19 13 4 14 0 9 14 164 26 18 21 237 26 229 132 122 18 10 18 20 0 16 9 19 2 2 3 12 1 20 14 15 1 1 4 4 0 1 1 14 3 2 1 14 4 31 17 135 16 11 12 13 2 10 21 22 2 3 5 17 4 28 45 217 9 14 8 12 2 16 15 257 14 28 23 152 17 136 144 110 116 23 157 15 15 17 200 12 9 4 16 7 11 24 205 14 10 2 11 0 1 5 17 11 11 1 18 16 9 24 136 21 27 4 10 3 2 4 20 4 4 0 6 2 4 5 34 26 21 5 21 1 3 0 32 19 34 2 52 27 48 47 251 125 188 30 258 10 14 22 120 20 19 4 24 10 15 36 147 15 14 2 22 2 3 2 8 13 6 3 32 16 16 34 125 253 372 26 206 18 16 21 139 30 20 7 46 21 39 81 348 380 187 36 132 20 13 40 109 241 138 41 230 132 133 322 1473 63923 114 115 136 133 31 123 119 134 16 20 33 143 22 207 301 170 30 33 16 17 9 22 21 123 23 43 9 169 11 339 162 1914 19 16 18 22 0 17 12 32 1 7 6 28 7 22 47 115 15 14 9 11 3 11 14 132 22 34 22 164 27 208 151 115 28 27 30 18 3 18 32 21 6 7 4 13 4 30 31 39 4 4 4 4 1 1 6 23 4 4 5 22 5 31 27 126 27 14 17 20 4 18 17 28 6 5 6 14 5 32 71 186 18 18 22 23 7 26 34 201 26 29 35 134 35 141 236 362 126 22 122 23 25 22 151 20 13 5 20 9 18 36 165 25 15 6 19 5 1 5 19 7 9 3 21 27 14 35 146 11917 33 7 39 3 11 8 35 6 7 3 9 4 5 3 48 35 31 1 20 8 5 3 27 19 25 9 59 29 54 50 219 119 121 31 204 8 12 22 103 19 23 2 31 18 30 41 140 26 16 7 24 3 5 7 23 21 11 4 38 17 39 54 234 197 286 36 156 21 30 24 151 33 37 6 41 28 56 74 334 291 180 27 131 34 35 69 164 212 132 53 213 123 190 322 1558 4
54135 108 86 79 78 7 106 167 29930 8 577 22 97 4 354 383 105 10 7 4 14 0 3 3 117 6 14 7 182 4 435 165 723 9 7 3 5 1 7 9 14 2 1 1 9 1 28 20 88 5 7 4 9 0 3 2 206 11 21 8 264 5 261 96 81 7 6 7 4 0 7 3 10 0 0 1 7 1 10 5 5 1 2 1 0 0 0 0 3 0 1 0 3 0 1 0 121 7 4 7 8 1 4 0 7 2 1 0 7 0 10 11 157 3 12 1 0 0 4 0 178 3 10 4 113 2 96 14 74 111 9 188 4 2 4 193 2 10 2 20 3 6 24 229 10 4 1 5 1 0 3 5 7 1 0 8 9 3 31 96 16 10 4 19 1 0 1 21 0 1 2 5 0 1 4 31 17 9 2 9 1 0 0 4 15 9 2 30 18 8 37 188 103 218 12 294 2 3 11 93 8 12 1 18 7 0 15 86 8 1 1 4 0 0 0 1 2 1 0 6 2 2 9 24 376 442 18 310 9 4 21 102 26 21 5 33 22 6 77 215 383 179 19 77 3 0 7 25 225 90 40 178 81 19 233 796 83359 87 90 88 49 4 88 121 78 3 29 15 90 7 302 318 72 6 8 11 7 1 12 8 80 9 20 19 121 7 429 211 80 12 15 10 11 3 11 9 18 0 5 3 12 0 25 18 78 6 4 8 6 1 5 7 103 16 17 14 215 11 216 120 87 11 8 9 9 2 4 7 6 0 3 2 6 2 11 11 12 2 0 1 1 0 2 0 5 2 2 0 3 0 17 9 100 8 6 11 9 1 5 8 20 2 4 0 14 1 24 20 103 5 5 3 5 0 10 6 152 4 25 16 86 2 116 76 91 89 16 139 8 5 17 154 5 3 1 18 7 7 24 168 11 5 1 12 0 0 4 9 4 10 6 7 10 7 28 126 25 21 2 14 1 2 2 17 1 6 1 4 2 1 5 25 17 15 4 11 0 3 3 13 15 19 4 31 29 17 34 160 99 168 18 234 5 9 11 98 8 14 5 16 3 6 19 105 20 5 1 6 2 1 3 3 7 11 1 15 12 10 23 88 299 403 27 232 17 13 20 115 24 34 7 55 30 23 71 235 382 197 29 111 10 11 21 98 137 108 26 147 98 98 253 994 67432 74 73 82 56 2 89 102 56 10 21 14 72 10 257 292 67 8 10 7 7 2 20 15 69 14 15 18 111 16 396 217 1779 12 16 9 16 6 16 16 12 1 12 7 12 0 22 14 73 8 7 9 11 0 9 12 80 8 20 17 176 11 184 115 90 11 13 5 3 1 5 11 8 1 10 3 14 1 17 13 15 2 0 1 1 2 1 1 10 0 3 1 7 3 35 21 98 9 11 10 14 1 13 8 24 5 4 1 14 4 26 34 71 9 8 12 16 4 7 15 131 18 18 25 81 14 112 109 262 82 22 101 6 11 17 118 8 3 5 10 2 4 24 175 14 8 1 10 1 1 1 25 10 2 7 8 10 8 28 119 12199 18 3 19 2 4 0 18 8 3 0 6 4 3 7 29 18 18 3 13 1 4 0 22 19 18 3 23 30 22 40 161 103 142 31 192 8 17 16 103 11 18 6 21 10 8 31 111 14 13 2 10 2 0 4 19 7 10 2 18 10 28 46 144 267 358 41 211 27 26 16 143 39 37 6 49 26 33 62 195 341 246 23 126 21 14 29 139 100 113 35 149 105 157 258 1035 4
51014 233 97 184 180 16 174 345 26053 11 574 9 151 14 405 543 218 21 11 4 18 1 10 6 162 7 21 18 412 6 593 194 758 13 4 10 10 0 5 8 11 1 0 3 14 2 17 19 165 10 11 10 8 0 8 6 387 17 28 32 605 6 368 127 202 10 13 17 16 2 8 8 10 1 0 1 9 0 14 3 18 2 0 0 0 0 0 0 15 0 3 0 5 0 11 1 178 10 5 7 13 1 6 5 8 3 0 0 13 2 22 18 339 11 11 4 5 0 6 0 576 7 26 17 191 2 130 47 79 164 12 392 9 6 10 603 0 6 3 15 10 5 30 294 6 5 0 13 1 0 1 5 8 7 1 20 9 8 37 145 15 11 4 19 0 0 3 29 0 0 0 2 2 1 3 32 10 15 2 22 1 0 1 20 23 17 5 82 30 18 36 335 149 382 12 592 15 5 22 180 4 17 1 32 6 6 24 135 8 12 1 12 2 0 1 2 4 4 0 11 3 3 17 62 451 558 19 340 10 6 16 147 27 33 4 45 26 19 123 365 549 224 27 130 5 4 17 38 327 150 43 299 168 48 357 1175 76534 194 122 165 190 18 180 240 110 16 12 26 174 18 308 408 190 19 21 23 25 2 17 19 157 18 29 33 258 13 433 203 135 27 14 12 16 3 11 10 14 2 3 2 20 4 19 35 171 17 11 14 16 4 12 14 304 16 13 34 412 26 264 153 220 13 17 23 26 2 22 19 27 3 2 2 15 3 30 19 12 4 1 3 2 0 1 2 10 4 3 6 17 2 29 21 195 13 18 13 15 2 16 13 22 3 4 3 22 6 48 34 227 19 14 15 16 0 10 16 382 28 29 47 220 7 160 130 125 170 16 275 28 23 25 419 6 8 2 20 10 14 26 210 15 14 2 25 1 0 3 34 7 14 2 35 23 24 25 175 26 27 2 30 2 3 1 24 4 3 0 6 3 5 5 36 26 30 6 36 0 6 2 44 33 47 3 84 30 38 40 336 151 281 28 404 22 18 24 202 15 21 5 32 12 14 30 174 17 21 3 26 3 2 6 12 15 13 2 41 18 14 38 185 291 390 33 235 30 37 37 181 28 37 9 41 33 44 105 312 367 229 22 150 17 14 39 148 237 188 44 326 184 137 379 1559 60681 185 143 144 193 36 171 181 134 22 28 41 154 26 261 316 173 35 23 29 35 7 27 22 112 17 41 31 178 28 295 196 1864 31 23 25 30 2 18 21 23 4 6 2 28 5 33 31 170 39 9 17 34 8 16 16 196 35 31 36 278 40 200 204 174 31 24 33 31 8 34 26 30 9 9 4 25 8 36 35 20 6 5 7 10 3 4 2 20 3 10 8 23 5 30 28 160 22 25 23 28 6 27 23 19 4 5 11 23 3 42 49 203 29 14 15 33 9 24 31 305 41 39 64 201 26 169 180 286 129 15 183 35 17 32 282 28 16 3 38 15 15 35 194 24 16 7 44 7 8 10 46 18 15 6 36 22 27 44 193 12198 33 12 36 5 5 11 38 8 11 5 6 5 7 9 58 27 38 7 44 10 4 8 62 26 43 9 74 37 52 50 362 166 184 25 288 25 29 17 177 23 24 7 38 24 28 40 188 21 30 3 43 5 7 2 31 12 35 9 53 15 42 50 242 238 287 36 241 31 45 33 186 34 25 10 54 38 61 109 298 274 180 22 158 38 30 43 197 214 189 49 318 209 240 300 1754 4
53928 98 76 114 165 7 104 135 28426 7 578 13 110 2 329 328 109 17 3 5 11 0 3 2 96 8 4 7 168 2 281 131 737 2 6 8 10 1 7 2 8 1 1 0 16 0 18 8 112 6 4 3 9 0 4 3 552 5 25 21 613 2 214 73 173 7 9 1 10 0 9 1 6 0 1 0 6 0 3 4 8 0 0 0 0 0 0 0 2 0 1 1 1 0 3 2 142 4 4 5 13 0 4 4 15 0 0 0 17 0 17 7 202 0 4 3 5 0 0 1 578 2 11 9 195 2 71 20 85 119 15 486 11 5 12 472 6 3 1 21 6 1 15 225 9 5 0 6 0 0 1 2 2 3 1 21 2 3 10 62 5 14 3 33 0 0 2 13 0 1 0 7 0 0 3 19 13 18 0 13 0 0 0 6 27 25 8 184 19 5 26 250 135 167 15 520 12 4 8 201 3 4 2 19 4 1 14 76 10 0 1 1 0 0 0 1 3 1 0 9 1 0 4 18 337 285 17 238 4 5 15 75 30 16 2 26 24 5 98 221 352 164 13 93 3 2 7 22 244 93 17 309 92 24 217 607 81777 110 72 82 158 8 93 96 69 6 5 6 103 7 216 268 114 11 9 11 2 3 7 5 76 10 13 7 87 7 266 132 81 7 9 7 21 3 9 3 23 3 3 0 27 4 24 15 99 11 7 8 2 0 4 7 361 26 20 28 463 31 145 89 213 17 21 10 32 0 13 6 15 2 1 1 14 3 11 17 10 1 2 0 0 0 1 2 11 0 2 1 10 0 14 3 110 19 10 7 15 1 6 7 23 0 1 4 22 0 12 21 151 6 4 4 11 1 6 4 455 43 26 17 228 15 93 42 104 90 25 311 15 14 19 413 6 8 0 13 4 3 14 136 20 10 4 23 4 0 4 17 9 6 1 22 4 1 22 99 21 21 2 16 0 5 3 26 2 1 0 7 2 2 7 27 14 12 2 34 1 0 2 22 16 30 4 160 20 22 31 294 153 132 31 379 17 8 22 200 8 7 3 16 9 7 23 105 12 9 2 21 2 0 6 16 7 6 0 26 7 4 15 57 247 253 21 161 18 15 18 112 22 17 2 35 22 17 114 251 259 170 16 124 12 7 15 79 172 117 19 419 101 87 290 814 67377 106 78 56 182 21 59 70 71 10 9 20 77 19 149 222 107 15 12 4 25 6 15 6 69 9 11 12 48 7 239 124 1946 20 8 3 21 4 8 8 47 4 1 1 28 1 18 17 88 16 10 6 8 2 6 5 249 31 19 36 370 40 111 81 238 24 22 15 66 11 28 13 17 4 1 1 21 4 22 22 18 3 1 5 8 0 4 3 21 2 3 0 22 4 26 11 142 25 7 20 21 2 10 13 32 9 2 4 35 5 22 32 117 14 11 6 19 3 3 8 351 52 23 25 215 30 86 72 451 82 31 221 17 17 29 298 8 4 3 15 7 6 21 125 23 18 2 28 1 2 1 37 10 13 1 32 13 3 27 89 10399 15 1 22 5 0 6 31 7 7 1 13 1 1 19 50 19 22 1 41 2 2 4 48 11 31 7 158 21 49 48 305 157 98 32 257 24 18 39 170 7 10 2 15 13 4 21 107 19 22 4 42 6 1 5 31 9 12 8 36 6 13 28 88 222 229 18 135 31 15 20 124 25 28 0 39 21 30 88 244 194 161 17 113 17 25 28 127 132 105 40 507 91 106 289 953 4
54133 180 117 189 190 12 169 334 21610 7 581 12 209 14 405 529 190 14 11 9 25 0 8 8 184 8 18 15 354 8 470 192 775 18 15 7 11 1 14 14 24 1 0 2 16 2 31 31 184 5 7 9 10 0 11 10 542 19 38 30 674 9 365 142 194 9 11 7 22 0 10 5 12 1 2 2 8 0 15 5 19 0 0 0 0 0 0 0 18 0 2 0 13 1 10 5 171 7 9 4 9 0 5 5 14 1 6 1 20 0 21 15 398 4 21 6 1 0 8 2 632 9 26 16 270 6 141 66 94 195 12 581 10 5 14 622 12 3 2 29 8 7 24 395 8 7 0 19 1 0 0 13 11 8 2 20 16 8 28 142 12 12 3 28 0 0 1 33 0 1 0 6 0 3 7 44 16 14 2 25 0 0 0 21 25 34 10 139 39 18 52 356 161 373 21 581 6 7 20 259 8 12 3 35 10 4 29 150 16 4 0 8 1 0 1 5 18 4 1 11 5 4 12 50 424 564 29 318 15 6 23 147 28 26 5 35 20 13 106 351 527 181 40 153 7 4 11 62 350 144 51 380 143 56 331 1463 74939 170 139 171 204 18 180 238 159 11 23 20 188 11 292 389 176 22 19 23 16 0 13 16 194 12 22 17 258 14 329 225 136 17 16 16 19 1 11 20 22 5 4 3 25 1 28 30 219 8 22 13 18 1 19 13 346 33 31 52 531 46 269 202 218 22 19 20 34 1 9 13 20 0 5 3 18 0 23 19 27 2 0 1 1 0 3 2 14 5 4 1 17 2 21 20 189 14 13 11 19 0 14 12 34 1 6 4 27 5 33 31 328 21 20 20 12 0 15 25 419 36 34 41 251 26 188 161 142 191 26 344 28 17 20 522 17 4 4 31 8 11 36 274 13 18 1 29 2 0 5 22 8 14 5 45 28 11 19 162 26 20 2 24 2 4 3 39 1 8 3 11 5 8 8 47 21 24 4 35 1 3 8 61 28 42 9 193 29 48 41 425 163 245 35 460 11 15 23 252 17 20 5 33 12 21 38 170 23 16 1 26 1 2 2 16 23 17 4 49 24 22 39 152 332 396 24 238 21 27 26 184 29 20 4 37 28 39 81 326 353 224 38 167 22 22 43 172 276 176 48 455 213 191 284 1824 60908 185 179 185 179 31 156 213 205 20 37 24 164 13 227 292 214 22 13 10 20 7 14 35 184 13 18 19 206 24 235 182 2378 27 23 10 22 6 17 35 31 7 8 6 30 8 32 44 216 15 27 24 18 2 30 19 317 35 43 52 362 57 216 198 285 27 29 25 29 1 19 30 32 7 4 3 23 4 22 24 28 3 3 1 4 1 7 4 25 6 6 4 29 7 39 42 186 23 17 18 21 8 13 26 30 5 2 7 33 12 25 41 262 35 20 32 20 8 32 50 312 42 46 76 247 48 217 242 890 178 29 273 27 22 28 377 10 17 6 35 20 7 34 231 42 24 3 48 0 4 5 49 20 21 7 54 30 23 37 207 8962 26 12 36 9 5 8 49 4 4 5 14 4 4 4 56 47 28 2 45 7 5 6 75 26 40 8 163 47 74 58 466 169 191 29 310 24 20 22 255 17 25 4 34 17 22 40 186 32 30 9 53 3 4 6 40 23 35 6 76 27 67 42 235 270 272 34 210 33 30 37 188 33 32 12 56 47 47 92 341 263 211 45 209 32 26 37 262 220 184 61 448 220 252 286 1886 4
54008 132 60 109 113 13 83 210 29931 9 573 12 90 9 249 300 154 15 8 11 10 0 3 6 110 6 11 16 226 9 301 115 725 11 4 2 3 2 5 11 11 2 3 1 14 3 11 22 117 7 5 2 2 0 0 3 242 6 13 19 260 2 178 90 103 10 1 0 11 1 6 1 7 2 1 1 8 1 8 3 14 0 1 1 0 0 0 1 8 0 0 0 4 0 6 1 126 11 3 4 9 0 0 5 8 2 2 0 15 0 20 13 226 3 6 5 2 0 2 2 274 5 9 12 122 1 99 43 45 99 6 245 4 3 5 288 10 6 1 15 2 3 18 179 10 8 3 2 0 0 0 5 2 2 0 11 10 2 13 83 11 11 0 11 2 2 0 18 2 1 0 1 0 1 2 29 14 18 1 12 0 0 1 11 11 10 4 62 8 16 15 182 108 213 9 275 5 2 15 152 7 3 0 15 2 6 25 104 7 3 0 7 0 0 0 3 1 2 0 8 4 3 14 30 319 350 12 188 7 6 23 86 22 26 2 20 17 16 86 248 380 167 27 102 8 2 18 33 213 105 35 219 131 38 251 893 83078 132 97 98 164 14 108 145 92 12 10 12 107 8 207 212 165 13 9 7 18 0 12 7 105 5 8 23 148 10 214 136 96 6 2 2 7 3 1 5 12 0 3 3 16 5 10 25 110 12 0 9 7 2 3 8 171 19 7 27 165 17 132 91 161 9 5 10 15 2 7 15 7 0 1 1 9 2 19 20 12 3 1 0 6 0 1 2 9 1 1 0 13 2 12 21 130 17 3 15 9 0 8 7 13 5 1 1 16 0 19 32 161 15 5 6 6 2 10 11 178 19 7 23 150 10 116 100 89 107 11 157 0 7 16 195 3 6 2 13 2 7 8 152 6 15 1 19 5 1 0 8 7 9 2 21 5 8 17 115 22 17 1 14 3 1 2 16 3 1 0 5 2 4 8 25 16 16 2 25 3 0 5 18 12 24 4 71 17 21 16 216 133 129 13 179 9 11 24 126 8 5 1 16 2 14 30 98 8 9 1 8 3 0 5 11 4 6 0 23 18 9 34 101 262 278 14 126 18 24 31 100 28 15 6 27 19 44 91 237 291 195 18 127 21 9 47 113 145 113 22 257 121 113 221 1147 67254 142 171 102 210 8 121 120 152 10 17 17 130 14 149 169 170 14 9 10 10 4 14 8 94 21 10 19 101 17 122 128 1963 13 10 11 12 0 4 7 24 1 3 3 19 4 22 22 110 18 5 8 8 1 10 7 121 24 13 20 117 17 90 131 191 14 11 13 30 1 14 12 15 2 3 1 15 3 31 22 24 3 4 1 1 0 3 7 6 3 5 3 18 7 23 30 134 14 14 9 10 1 22 15 15 4 2 6 24 5 26 43 109 17 4 11 16 1 17 16 116 25 12 26 127 37 133 141 464 95 11 122 11 9 18 126 4 5 0 16 6 12 11 126 17 19 2 21 0 0 1 16 2 9 4 24 10 9 24 147 11484 12 6 11 2 1 1 18 2 3 0 4 1 4 4 35 14 28 4 21 1 7 5 34 22 30 4 59 15 31 26 245 107 81 20 108 19 7 33 132 14 6 4 19 19 9 28 100 16 24 0 26 3 2 3 30 7 14 5 26 12 14 53 132 205 179 21 96 35 40 43 101 24 29 8 36 51 67 91 212 203 163 28 152 29 30 59 176 132 172 17 279 114 152 215 1234 4
53937 167 84 106 157 9 126 191 28503 6 570 12 128 8 281 328 168 15 10 7 10 1 10 5 96 5 9 14 203 8 304 146 730 5 4 3 8 2 6 7 8 2 1 0 16 1 13 19 116 8 4 5 10 1 8 4 299 8 18 17 358 8 248 112 141 8 11 6 22 1 7 8 8 1 0 1 5 0 8 5 11 1 1 0 1 0 0 0 14 0 0 0 2 1 2 4 113 9 5 6 7 0 4 4 12 0 2 0 20 0 20 11 172 6 7 2 3 0 3 1 327 5 21 6 169 1 111 35 54 106 6 352 8 8 11 376 5 4 1 20 6 5 15 245 8 17 0 8 2 0 0 5 7 4 1 17 7 2 26 103 7 6 1 27 2 0 0 16 0 2 1 1 0 1 5 38 17 12 1 11 0 1 2 11 20 19 3 98 17 9 42 289 115 190 11 451 4 2 19 215 4 7 1 22 9 5 14 90 11 8 0 6 0 0 0 2 4 2 0 8 0 3 9 37 278 347 21 235 13 6 22 94 19 22 3 40 18 11 89 262 323 174 10 98 1 4 10 34 248 99 42 278 105 38 288 923 81802 135 87 120 147 25 135 118 80 22 14 21 114 17 168 253 128 17 14 12 13 4 21 17 100 15 22 13 136 26 214 132 95 15 3 10 13 2 12 12 15 1 2 4 29 3 17 19 110 20 9 17 6 4 10 9 202 25 18 23 284 21 178 135 124 16 14 11 21 2 16 13 14 0 1 3 13 3 28 19 9 1 6 3 1 0 4 4 15 2 2 6 10 1 34 12 100 6 9 9 9 2 14 7 10 1 1 1 15 2 27 18 120 15 5 3 8 1 12 5 265 15 16 24 176 11 137 108 70 120 12 230 20 12 18 287 6 4 3 27 8 6 16 162 8 13 1 22 3 3 4 20 9 12 1 26 11 14 16 100 11 20 3 25 0 4 2 29 1 2 0 9 3 7 7 43 16 14 2 28 2 1 3 31 15 27 7 95 26 27 45 307 98 138 17 338 20 12 23 185 9 9 1 25 7 10 27 130 15 12 0 18 1 1 2 13 9 8 5 27 6 11 18 111 199 257 19 194 23 16 34 130 17 11 9 33 15 22 75 250 229 168 17 112 26 20 13 86 170 118 31 299 131 96 291 1218 66783 125 90 101 156 16 99 106 97 11 18 30 77 22 142 153 105 29 23 21 26 3 24 24 90 22 13 21 122 23 170 108 2029 14 10 10 12 4 16 20 13 3 3 6 31 7 32 35 110 12 10 18 21 6 8 16 163 20 22 24 235 33 166 128 118 27 20 23 22 7 21 20 12 4 5 6 17 1 27 24 21 2 8 3 5 0 6 1 12 7 4 4 17 1 26 30 88 11 15 16 11 3 9 15 22 1 5 7 13 3 29 27 101 22 9 16 18 2 22 19 206 29 24 37 152 16 143 138 476 98 13 184 15 17 24 241 14 11 4 32 14 13 30 164 17 17 0 35 2 8 6 26 9 19 8 31 16 21 19 132 10773 20 4 23 6 1 8 28 0 5 5 7 6 6 8 44 12 20 2 29 4 6 3 37 21 36 9 78 32 53 50 309 91 117 23 260 11 17 17 157 7 14 3 43 8 26 23 146 11 17 6 28 0 6 12 19 23 14 6 28 17 14 31 167 135 196 26 174 25 43 23 142 19 22 15 48 22 28 66 245 164 147 25 133 24 35 22 158 168 121 41 267 143 126 293 1328 4
55296 45 50 74 95 2 75 124 32354 2 544 6 72 2 116 141 55 7 2 3 8 0 4 1 76 2 8 8 142 2 160 71 713 5 4 3 6 0 0 3 7 0 1 0 10 1 9 7 76 2 5 0 12 0 1 4 254 9 20 18 349 7 164 79 110 6 4 9 21 0 7 4 7 0 0 0 6 0 7 3 4 0 0 1 0 0 0 0 8 1 1 1 7 0 3 0 65 1 3 1 2 0 2 2 6 0 1 1 9 0 8 9 120 4 11 1 6 1 3 0 268 3 23 11 143 4 65 18 37 59 5 214 4 6 2 260 7 1 0 17 2 3 12 151 3 3 0 8 0 0 0 2 1 1 0 17 2 2 11 56 8 4 1 8 0 0 0 16 1 1 0 3 0 0 3 18 2 7 0 17 0 0 0 5 10 19 3 89 11 9 24 196 49 108 7 315 8 1 8 142 5 2 4 18 0 1 9 58 4 2 0 5 0 0 0 2 0 1 0 10 2 2 6 28 90 129 3 112 4 4 4 50 10 1 1 12 7 3 16 94 119 58 13 66 3 0 4 19 160 56 16 180 69 25 80 653 87000 44 53 65 86 3 63 78 48 4 7 2 82 6 73 104 44 7 8 7 3 2 8 8 90 5 10 11 112 11 101 70 38 0 7 8 14 0 6 8 6 2 0 3 13 1 10 14 71 3 6 8 12 1 7 11 171 15 12 25 271 15 132 92 75 5 10 8 14 1 10 6 7 1 1 2 7 1 4 8 10 1 0 0 0 0 0 1 13 1 2 1 5 1 4 8 59 4 6 8 13 1 4 2 9 1 2 1 11 0 10 9 96 8 10 8 10 0 2 8 222 13 21 36 114 10 83 83 38 52 12 135 6 9 5 253 3 2 1 13 6 7 8 98 7 6 2 16 0 0 1 13 4 6 0 30 6 11 7 80 5 6 1 7 1 2 1 18 0 0 0 10 2 3 0 26 2 8 1 20 1 2 1 19 18 22 4 81 29 24 22 227 45 79 8 255 11 4 13 118 1 5 0 21 3 10 6 65 5 4 0 17 0 1 0 12 11 12 2 24 9 9 16 64 49 104 5 95 8 9 5 56 5 14 2 11 12 12 13 95 76 47 7 70 4 5 6 52 131 56 27 185 75 57 103 842 71340 29 46 59 62 7 54 55 75 4 9 8 50 5 54 59 52 11 9 12 10 5 7 9 89 11 9 16 80 16 55 65 1906 5 10 4 10 3 8 10 10 0 1 2 15 4 10 16 56 13 6 5 14 3 8 16 135 20 25 22 186 36 125 90 69 7 10 12 11 2 12 8 7 1 1 4 10 1 8 24 8 2 3 4 1 1 2 1 20 2 4 6 11 1 9 10 46 5 12 6 10 0 8 7 10 4 4 6 8 4 10 24 66 7 12 14 13 2 12 16 139 19 20 47 118 22 83 134 367 46 15 116 7 8 8 168 4 5 0 17 14 7 8 71 7 7 3 26 1 3 0 27 8 14 1 36 10 12 17 96 11673 6 2 16 4 3 3 27 4 3 1 4 2 6 6 19 9 18 2 31 1 3 1 32 27 20 12 66 26 51 27 228 44 65 9 158 7 13 9 93 5 11 1 26 7 11 11 66 5 11 0 22 1 1 2 23 14 15 5 39 16 21 20 134 36 54 9 86 5 10 5 73 6 13 0 21 7 18 14 105 43 31 11 77 8 13 16 75 94 73 24 174 72 99 107 952 4
57397 59 40 57 76 5 80 94 30023 3 571 6 75 9 145 168 80 10 6 1 5 0 2 5 61 3 6 7 100 0 145 82 693 2 3 2 9 0 0 3 5 0 1 0 7 0 8 4 62 8 5 3 4 0 3 1 253 11 18 14 265 2 129 64 117 4 5 4 19 0 8 0 6 0 0 0 7 0 4 4 5 0 1 0 0 0 0 0 8 0 1 1 1 0 2 3 76 0 5 0 5 1 5 1 11 0 1 1 13 0 11 1 93 3 3 5 2 0 1 2 264 0 24 9 151 1 67 20 26 63 8 241 3 3 8 186 4 3 2 14 2 1 10 119 3 4 1 8 0 0 0 3 3 3 1 16 4 4 4 69 3 7 0 16 0 1 3 17 0 0 0 8 0 2 1 14 5 6 0 14 0 0 1 9 14 28 5 115 19 5 19 213 68 114 10 327 8 4 11 137 4 3 0 18 2 3 15 53 1 3 1 3 0 0 0 0 1 1 0 8 1 1 1 17 177 147 10 143 6 2 8 51 10 11 3 13 7 2 59 139 161 78 14 66 1 0 1 26 146 76 17 293 58 14 140 605 86782 52 49 46 74 7 53 56 48 6 7 9 64 8 103 116 59 11 2 6 2 2 4 6 46 9 9 15 42 2 110 86 39 6 4 2 6 1 9 4 12 2 3 3 11 2 16 14 49 8 3 4 6 1 5 5 170 21 16 33 225 14 96 93 62 6 6 5 11 1 10 3 4 2 2 1 15 0 11 10 0 2 0 1 0 0 0 1 8 0 1 0 9 1 10 10 59 2 7 5 6 0 7 3 18 0 2 0 7 0 16 13 62 3 1 3 6 0 6 2 254 18 17 26 126 6 69 40 38 62 12 146 6 6 4 184 3 3 3 22 5 6 13 93 8 8 3 17 0 0 0 7 7 4 1 20 4 6 10 56 6 3 1 19 2 1 1 10 0 3 0 4 1 0 3 22 8 14 3 22 2 0 1 24 13 15 4 119 25 30 28 240 56 53 15 262 9 5 15 108 1 4 2 15 5 4 14 81 11 6 1 14 1 1 0 9 3 6 3 33 5 8 10 51 134 114 12 109 10 12 18 56 10 9 4 24 13 10 77 141 111 85 14 83 6 5 15 56 97 74 24 330 72 52 151 866 71338 63 37 34 55 10 42 30 27 12 13 11 50 13 104 104 47 23 4 14 2 5 8 8 41 12 15 7 51 9 106 65 1960 11 5 1 10 2 6 4 8 2 1 4 11 0 15 15 33 13 5 6 10 5 6 9 136 27 22 30 181 32 78 77 61 9 8 13 11 1 10 13 4 1 1 2 9 2 14 20 16 1 0 3 5 0 2 0 10 1 0 6 9 4 13 19 47 12 5 5 11 1 15 13 14 1 1 5 7 0 19 18 41 11 7 8 2 3 7 8 205 19 21 50 102 26 76 81 424 53 12 101 5 12 11 156 3 1 4 10 6 3 14 66 18 13 3 36 2 4 0 14 9 7 5 19 0 6 13 70 11280 9 0 21 1 1 3 15 0 7 0 7 0 4 7 40 10 16 2 29 3 4 3 35 20 34 4 107 21 47 30 238 51 58 15 202 12 10 14 90 5 6 2 27 4 6 16 74 10 6 1 25 2 5 3 19 6 10 4 41 8 9 20 86 99 85 16 83 13 11 17 72 8 11 4 38 20 19 50 134 90 67 14 95 8 22 12 68 85 77 19 294 83 75 126 1010 4
56573 65 46 55 83 3 60 96 31168 4 573 4 78 3 176 192 74 9 5 3 6 0 3 2 70 4 3 7 86 2 160 92 696 3 4 5 4 2 6 5 5 0 0 2 6 0 10 11 71 5 3 2 4 0 2 2 188 5 14 11 224 3 134 67 103 1 1 3 13 0 5 3 1 1 2 0 4 0 9 3 7 2 0 0 0 0 0 0 7 0 0 0 4 0 3 1 68 5 5 6 5 0 3 0 5 1 1 0 6 0 10 5 127 2 9 1 1 0 2 0 230 0 18 9 106 1 52 19 32 60 6 198 8 4 8 185 2 2 1 16 5 0 14 106 6 4 0 7 0 0 1 1 2 1 0 12 3 1 12 63 3 7 0 10 0 0 0 8 0 2 0 4 0 0 1 11 5 5 1 18 0 0 0 12 13 13 2 105 17 10 18 193 74 120 9 232 3 2 8 124 4 8 2 16 4 4 6 59 2 2 1 2 0 0 0 2 0 2 0 11 0 1 3 20 214 191 15 139 5 2 12 42 11 10 0 16 12 4 70 113 213 83 12 56 4 2 7 11 139 74 22 245 48 15 130 591 87150 60 50 49 79 6 49 49 41 9 13 7 62 7 131 139 75 11 4 11 5 0 8 3 46 6 10 13 46 3 132 93 46 7 4 8 5 0 2 4 10 1 5 1 4 1 13 9 52 11 6 1 7 1 3 5 131 15 17 25 135 10 90 77 68 6 3 3 6 1 11 4 6 1 2 0 5 1 15 8 3 2 0 2 1 0 0 0 8 0 3 2 6 0 8 2 72 3 7 8 8 1 4 3 11 2 3 5 11 3 20 12 70 7 6 3 5 2 7 4 161 11 10 20 91 8 65 59 35 59 12 126 6 5 7 158 5 7 1 13 7 3 14 83 8 9 2 9 1 0 1 9 9 2 0 22 4 4 10 55 8 11 2 19 2 1 0 8 2 4 0 8 2 3 2 26 10 7 2 22 1 2 3 24 21 23 4 105 19 17 22 209 60 60 14 187 6 4 16 92 3 6 1 9 10 3 17 64 2 4 4 7 0 0 0 7 8 6 4 33 3 3 15 55 142 159 12 87 12 12 16 51 5 14 4 24 12 18 68 157 148 88 15 72 11 6 10 45 99 94 21 278 71 61 196 798 71721 62 30 34 60 13 48 33 37 6 6 12 51 10 103 100 60 17 2 9 14 3 8 12 48 10 13 15 34 8 126 83 1961 15 8 6 5 3 2 3 12 3 1 2 11 2 15 15 39 26 7 8 7 5 7 5 93 27 21 24 101 33 74 79 61 11 4 11 9 1 6 10 4 5 4 6 12 3 14 12 13 1 3 1 1 1 4 1 13 1 2 3 9 4 16 14 60 11 6 7 14 2 15 7 11 5 1 5 13 2 14 32 48 15 8 10 7 1 7 8 117 18 22 38 76 25 70 93 419 46 16 106 2 14 10 103 9 3 5 18 7 7 10 66 14 17 7 25 2 2 1 13 10 13 1 19 3 5 19 51 11306 18 4 27 1 4 1 16 7 0 1 7 4 1 6 26 12 17 3 22 1 4 7 25 22 24 9 81 14 14 24 206 42 55 10 127 6 4 14 87 1 4 3 19 11 7 26 74 16 12 3 26 3 0 2 24 10 7 5 34 10 3 25 81 105 119 19 74 20 8 13 54 9 21 4 28 13 30 52 153 113 64 19 72 16 12 26 80 90 85 25 246 62 91 178 919 4
53553 236 81 122 112 13 119 172 28377 8 574 11 120 13 286 386 222 25 11 11 14 1 14 5 114 11 12 16 168 6 428 178 748 15 8 5 10 0 4 13 8 0 0 4 15 1 19 28 109 11 4 7 7 0 4 7 212 10 23 20 240 7 309 106 93 12 9 8 14 0 9 6 7 1 2 1 16 0 13 2 12 0 1 0 0 0 0 0 6 1 1 0 6 0 5 1 103 10 7 4 7 0 4 4 10 3 3 2 10 4 22 12 183 7 9 2 3 0 4 3 236 7 13 3 136 0 114 32 60 113 3 230 14 11 11 306 6 10 1 18 9 5 32 303 14 9 1 13 0 0 0 5 3 6 0 16 7 5 31 123 11 14 2 17 0 2 1 17 2 2 0 2 0 1 3 32 10 9 1 20 2 2 0 5 25 8 2 67 21 6 43 248 125 165 11 277 2 5 8 133 5 7 2 19 7 1 26 129 13 10 0 6 1 0 0 1 4 1 0 6 1 2 12 35 297 389 22 309 21 8 27 126 29 23 5 38 28 10 122 389 437 191 26 117 8 3 12 33 284 101 45 248 124 40 417 1077 81292 190 74 91 77 23 72 115 81 24 23 28 78 11 216 295 180 20 27 13 13 3 12 6 85 14 30 17 93 11 304 155 101 34 6 5 13 3 19 11 13 7 12 5 20 1 28 30 92 16 15 16 7 2 7 7 158 20 23 28 230 15 187 134 70 13 14 16 9 3 17 11 14 7 6 3 12 0 20 23 17 3 1 0 2 0 3 0 12 1 2 1 14 3 20 10 72 19 11 13 17 1 9 12 22 5 6 2 22 2 36 38 110 10 10 5 6 0 5 11 171 18 23 19 147 19 136 102 92 108 16 159 16 5 19 214 5 5 7 25 13 11 34 203 27 11 8 14 3 0 3 19 13 10 6 16 8 8 40 146 28 26 5 27 2 3 4 28 3 5 2 14 6 4 3 60 32 17 5 25 2 1 3 23 20 19 3 55 25 18 45 250 73 112 27 167 12 7 23 139 17 9 1 19 14 18 32 157 14 10 5 22 2 4 5 17 12 9 3 23 9 12 41 118 208 254 34 218 20 24 40 140 41 32 14 61 29 42 103 365 301 174 32 128 27 10 41 114 188 143 48 238 155 101 412 1495 66051 158 78 75 85 15 76 102 80 22 26 16 64 21 154 237 153 29 30 20 22 4 15 15 62 17 17 11 83 15 200 160 1970 28 12 11 31 2 12 11 35 7 5 6 17 6 44 36 78 15 11 16 11 2 12 13 119 17 16 23 155 24 166 143 85 20 27 26 20 6 9 24 15 5 7 4 15 6 29 28 13 6 5 5 7 1 6 6 16 1 3 4 20 3 27 24 73 23 20 16 22 4 21 10 19 12 4 4 26 9 34 47 85 25 10 17 17 3 14 14 154 25 16 26 145 32 152 144 396 76 39 126 29 19 36 148 11 13 16 25 18 14 28 143 36 10 9 19 3 2 6 33 15 12 10 21 13 14 37 169 11193 24 10 31 5 9 4 31 6 7 2 12 6 6 6 51 39 25 8 38 4 7 7 33 30 23 11 53 26 30 45 290 72 80 23 126 24 14 33 126 9 11 8 36 16 21 38 152 20 24 8 25 3 6 9 38 12 18 10 23 18 19 55 193 162 181 31 168 26 31 41 138 25 24 11 64 53 47 74 369 199 145 49 149 29 27 61 174 165 149 65 281 181 172 370 1552 4
