19539 29 77 29 37 7 46 89 38 4 6 5 41 4 58 109 32 3 14 2 6 2 6 5 35 2 17 1 147 9 352 54 78 8 12 4 15 4 2 3 5 2 0 0 10 4 5 5 37 1 2 2 3 1 4 8 47 3 3 2 208 15 80 22 43 4 9 6 4 1 4 3 3 0 0 0 1 0 0 6 5 0 2 0 0 1 1 0 5 1 1 1 9 4 13 4 25 2 2 7 2 1 0 2 3 2 0 0 3 0 2 3 54 3 4 0 3 0 4 11 64 7 2 6 51 7 23 34 40 26 5 49 2 4 9 101 8 2 1 7 2 5 3 50 2 1 0 6 1 0 1 6 3 1 0 5 5 3 5 33 6 16 2 5 0 4 3 2 0 0 0 0 0 0 0 3 2 2 0 2 1 0 0 3 2 3 0 4 3 14 3 28 31 123 15 216 4 8 2 50 3 2 0 3 1 5 1 25 3 9 4 18 0 2 1 6 3 5 4 7 6 47 15 105 42 275 3 90 2 18 4 28 4 5 0 9 6 9 3 16 56 48 1 21 2 8 2 35 39 27 0 21 15 66 16 182 21235 17 62 17 24 7 21 46 22 6 6 7 19 6 27 108 22 5 5 2 4 4 2 5 17 1 9 1 51 3 105 37 44 8 12 0 6 0 1 4 6 0 2 1 11 1 4 3 20 0 3 1 2 0 2 2 24 3 3 1 141 4 37 30 20 1 10 1 0 1 1 3 3 0 0 1 2 0 2 6 2 0 1 0 0 0 2 0 2 1 1 0 1 3 9 8 11 4 2 0 1 0 1 1 3 1 0 0 2 0 1 6 35 4 2 3 4 0 1 11 53 4 0 3 26 3 10 27 27 11 3 23 4 2 6 101 7 2 1 4 2 2 2 35 0 1 1 3 0 0 1 4 2 2 0 3 0 7 2 20 4 10 1 5 0 0 1 2 0 1 0 2 1 0 2 4 3 4 1 1 0 0 1 6 0 1 1 1 2 6 0 15 11 86 10 172 0 6 0 31 4 0 0 2 0 7 2 32 1 5 2 13 1 2 1 4 7 5 1 5 6 29 3 60 26 125 3 65 1 10 2 14 0 5 0 2 1 5 3 18 68 20 0 10 5 5 3 31 26 5 3 18 21 45 20 129 19676 56 54 36 57 6 29 90 85 11 6 10 35 3 40 100 36 7 4 1 7 1 2 7 24 3 10 2 75 9 110 31 51 5 10 2 11 2 3 2 12 0 0 2 16 0 4 5 43 5 5 2 3 0 5 3 47 6 2 2 226 9 72 27 53 6 12 6 3 3 5 5 8 0 1 0 2 2 3 6 4 1 2 2 1 2 1 1 3 2 2 1 4 3 2 3 47 6 5 2 7 1 3 4 17 0 0 0 7 0 2 7 89 7 2 7 8 2 3 31 188 4 2 8 65 9 37 61 81 44 10 50 7 4 9 148 14 3 0 2 6 2 2 61 8 6 0 4 0 1 1 9 1 2 2 2 4 4 3 19 5 12 2 3 0 2 1 4 0 0 1 0 0 0 2 2 14 7 0 3 0 0 0 6 2 4 1 4 5 10 6 19 45 45 8 98 4 3 4 51 1 2 0 1 2 8 1 28 7 8 2 9 1 2 2 4 5 4 0 13 5 24 8 56 54 127 4 40 1 7 3 34 4 5 0 4 2 6 3 18 128 64 2 33 7 6 3 73 66 41 7 33 27 80 15 172 21681 32 22 19 27 2 21 58 27 2 2 6 23 2 23 65 17 1 4 3 6 1 1 2 20 0 6 2 56 2 78 32 26 3 2 2 4 0 1 3 4 0 0 0 5 0 3 1 13 1 0 1 1 0 2 4 31 2 2 0 79 5 41 17 9 2 4 3 3 0 2 4 5 0 0 0 2 0 0 6 3 2 1 0 0 0 0 0 2 0 1 0 6 0 7 4 14 4 3 5 0 0 0 2 2 1 0 1 1 1 0 2 27 4 1 6 6 1 4 6 72 5 3 2 45 3 17 32 28 22 1 31 3 4 8 75 10 1 0 4 1 1 2 46 3 0 0 1 0 1 1 7 1 2 0 3 3 0 0 11 8 8 1 2 0 0 0 1 0 0 0 0 1 0 0 1 5 3 0 1 1 0 0 3 1 1 0 0 1 1 2 13 12 60 6 80 1 2 0 36 1 0 0 0 0 3 2 22 2 7 0 3 0 0 0 4 1 3 0 3 3 21 3 22 42 141 3 38 1 6 2 14 3 2 0 4 2 6 0 8 84 42 3 19 3 4 4 20 27 25 4 16 17 30 16 90 0
19524 35 82 35 44 1 38 22 44 2 4 10 24 1 49 134 75 10 12 4 5 0 7 1 40 6 13 4 125 9 291 65 80 21 19 2 13 1 1 0 3 1 0 1 24 3 6 1 45 5 4 1 6 0 1 3 32 4 6 1 181 13 69 12 48 7 13 4 4 2 7 7 5 0 1 0 4 0 1 5 4 1 1 0 1 0 2 0 3 1 3 2 13 1 17 5 38 8 3 5 3 0 2 1 6 0 0 0 1 1 3 5 31 1 0 0 2 0 0 9 30 3 2 2 41 8 26 20 36 22 1 46 4 3 4 62 2 2 1 0 1 2 1 24 7 3 1 4 0 0 1 6 0 2 1 1 0 8 2 44 12 25 2 1 1 4 0 2 1 1 0 1 1 3 0 3 13 10 1 4 1 2 0 3 3 3 2 4 3 12 4 20 30 129 21 243 5 11 5 70 0 1 0 3 0 5 3 43 3 8 5 20 0 1 1 7 5 5 4 16 10 24 18 67 62 296 8 87 5 26 3 28 4 3 1 1 5 19 8 32 146 58 2 27 7 12 2 24 14 32 3 34 37 66 20 173 21249 27 58 25 15 4 20 32 26 1 7 3 18 1 35 46 32 6 7 2 3 0 0 4 36 2 5 4 61 4 114 30 53 8 5 2 8 1 1 2 6 0 1 0 8 0 3 2 39 1 3 0 3 0 3 1 53 2 2 2 154 16 35 14 38 2 9 4 1 0 4 1 2 0 1 1 3 1 7 5 8 2 0 1 2 1 0 0 4 1 1 3 5 1 14 7 34 0 1 0 2 1 1 6 6 0 0 0 3 0 0 2 42 4 4 1 3 0 3 12 57 3 2 5 43 3 11 27 31 32 5 19 1 3 2 48 4 2 0 3 1 1 4 27 2 2 0 2 0 0 1 2 2 0 0 3 0 2 4 10 5 9 0 3 0 1 0 0 0 0 0 1 0 0 0 5 4 2 0 4 1 0 2 2 5 2 0 1 3 10 2 20 36 67 7 110 2 4 3 35 3 1 0 2 0 4 1 11 2 7 1 10 0 0 0 5 2 5 0 15 3 21 8 43 45 129 2 35 1 11 7 10 3 0 0 4 3 10 5 18 50 31 1 7 2 7 4 23 25 21 2 14 26 51 21 148 19819 41 34 21 54 4 39 48 62 9 14 11 57 3 75 92 39 7 7 5 10 1 3 4 32 3 10 5 157 6 221 57 39 1 5 2 8 0 4 1 6 0 1 1 8 0 4 3 40 6 3 4 5 1 8 2 42 3 6 5 182 8 74 31 35 10 6 6 7 3 2 5 4 4 0 2 3 2 8 7 5 2 2 0 2 0 0 1 4 1 0 1 10 1 4 4 28 6 4 2 3 0 2 5 10 0 1 1 2 0 4 2 54 4 1 2 5 1 5 10 108 6 3 7 58 9 24 32 41 25 6 72 9 1 7 95 5 0 0 2 2 1 5 23 11 5 1 2 2 1 1 4 4 2 0 3 5 8 1 14 8 8 0 4 0 0 1 3 2 0 0 0 0 0 0 4 15 7 0 4 0 0 1 4 3 3 0 1 7 13 10 21 30 111 8 237 6 8 4 53 4 1 0 4 0 6 4 16 2 7 1 15 1 0 1 7 3 4 0 19 5 29 1 60 62 170 3 77 7 9 6 30 3 2 3 6 7 7 5 17 96 49 3 26 11 8 6 26 51 33 4 30 21 48 21 165 21746 43 40 33 32 6 27 59 22 5 3 7 27 1 43 108 18 1 8 1 1 1 2 3 3 0 8 4 35 4 90 38 19 8 2 2 5 1 0 5 1 0 0 1 4 2 4 1 9 1 3 0 3 0 0 0 21 1 2 3 69 7 38 10 28 4 4 2 4 0 3 6 1 1 0 2 1 0 2 6 0 0 2 1 0 0 0 1 1 1 1 0 3 2 10 0 14 4 1 1 3 1 0 2 4 0 0 0 1 4 1 3 28 1 1 0 3 0 2 15 36 7 2 2 19 2 17 23 34 25 8 42 5 2 7 59 10 0 1 1 1 1 4 36 3 1 0 3 0 1 0 9 0 1 0 0 1 3 2 14 4 5 0 4 0 0 0 2 0 0 0 0 0 0 0 3 2 2 0 4 0 0 2 3 3 1 0 4 2 6 1 12 20 65 7 80 1 4 2 30 1 2 1 5 0 0 5 23 0 0 4 9 2 0 0 1 1 2 1 8 3 20 1 34 22 46 1 43 1 4 3 16 1 3 2 3 3 3 2 16 41 32 1 23 5 5 4 25 22 20 0 7 14 39 18 114 0
20361 31 65 31 47 3 26 48 40 7 5 7 46 5 56 76 59 1 6 3 11 1 7 6 45 3 15 4 156 8 157 37 64 10 13 4 10 1 6 2 5 1 1 0 8 3 4 6 30 2 4 1 7 2 3 3 49 6 4 2 122 8 67 27 42 10 5 5 1 3 4 1 4 2 0 3 3 0 3 11 4 2 4 1 0 0 0 2 1 0 1 0 6 1 12 5 38 1 5 7 0 0 2 2 4 1 0 0 2 1 1 9 30 2 3 1 3 1 2 10 32 5 1 3 30 8 23 28 38 34 5 47 5 3 3 38 2 3 0 2 3 2 4 32 8 1 0 2 1 1 1 10 3 2 0 1 1 9 2 20 6 10 0 3 1 2 0 0 0 0 0 1 1 1 0 4 13 3 0 3 1 1 1 5 2 2 0 2 6 13 5 23 31 116 10 123 2 9 2 43 0 7 0 4 1 10 2 16 5 5 0 11 2 2 1 9 1 5 0 13 3 61 7 90 59 150 4 66 3 15 4 15 0 5 0 5 5 14 5 30 53 36 2 26 7 8 2 35 19 22 3 22 19 86 21 166 21979 31 30 20 28 1 19 48 20 3 3 1 21 1 28 63 27 0 10 0 3 0 2 5 22 0 6 1 59 3 46 26 40 4 7 2 0 0 2 4 4 0 1 1 3 0 1 1 19 0 2 1 5 1 1 3 34 1 2 1 56 4 47 19 40 4 4 5 3 0 1 2 3 1 0 0 1 0 1 3 0 0 0 0 0 0 0 0 1 0 0 1 3 0 5 3 13 3 3 3 1 0 0 1 7 0 0 0 2 1 1 3 33 0 0 2 1 0 3 13 25 4 0 0 24 3 14 17 28 13 6 25 2 4 3 53 3 1 0 3 0 3 4 27 0 3 1 0 0 0 0 7 2 0 1 1 1 2 2 19 1 7 1 1 2 0 0 0 0 0 0 1 0 1 0 1 2 2 1 2 1 1 0 7 0 2 0 1 4 5 3 15 23 61 6 64 2 3 3 29 0 2 0 1 0 3 1 19 4 5 1 8 0 0 1 2 3 3 0 5 5 24 4 48 28 63 0 34 1 6 2 21 1 5 0 1 1 3 0 9 35 26 3 17 3 4 3 26 15 14 1 14 13 31 13 101 20403 46 50 44 54 2 32 62 38 2 5 2 49 0 74 49 44 2 6 1 8 0 4 5 51 1 10 2 125 6 144 28 64 8 12 1 3 1 4 1 1 1 0 0 2 4 4 3 30 2 4 2 6 0 6 4 55 0 3 2 153 13 63 13 42 6 6 4 3 0 2 3 3 1 0 0 4 0 5 7 7 0 2 0 0 0 1 0 3 0 1 0 13 1 20 7 26 3 7 3 1 1 2 1 3 1 0 2 1 1 1 2 52 4 3 4 5 1 2 11 65 1 1 5 47 10 15 22 36 48 0 46 1 3 5 51 5 0 0 1 0 3 3 14 2 4 0 4 0 0 1 4 0 2 0 2 3 14 1 10 5 6 1 4 1 0 0 3 0 0 0 1 0 1 0 3 8 4 0 3 1 1 0 2 5 3 0 2 4 8 4 18 58 158 7 121 3 4 3 35 4 3 1 1 1 4 1 22 4 5 0 11 0 4 0 4 2 6 1 15 4 40 9 65 62 156 1 76 3 14 3 22 2 5 0 3 2 13 5 20 49 49 1 17 10 4 3 40 19 28 6 15 28 83 25 160 22139 25 33 14 24 2 27 22 27 4 5 4 19 1 14 44 18 2 3 2 4 0 1 4 19 2 4 1 49 0 52 15 26 1 6 0 2 1 3 0 7 0 0 0 4 2 0 1 10 0 2 2 4 0 1 1 32 3 5 2 84 6 36 16 24 0 3 4 1 0 1 1 1 0 0 0 2 0 1 4 1 0 0 0 0 0 0 1 4 0 1 0 8 0 0 3 17 4 1 0 1 1 2 1 2 1 0 0 1 2 0 1 38 4 2 3 5 0 3 5 58 6 1 2 31 3 15 23 27 20 1 52 1 2 3 38 5 0 1 0 0 0 0 8 4 0 0 3 0 0 1 5 0 0 0 4 1 2 2 10 4 3 0 0 0 0 0 3 0 0 0 0 0 1 0 3 3 3 0 2 0 1 0 2 1 2 0 1 5 6 2 12 22 40 10 85 0 0 2 29 0 3 0 2 1 3 2 12 2 1 0 3 0 1 0 1 2 4 0 3 1 27 3 26 21 42 3 22 3 1 1 9 1 0 0 0 3 4 1 12 43 25 2 19 1 7 0 29 29 19 2 9 14 45 16 87 0
19679 25 52 26 46 6 45 54 44 3 8 3 57 3 69 53 40 6 7 2 9 1 6 6 43 1 6 4 146 13 285 54 65 3 6 4 5 1 5 1 3 0 0 1 15 1 2 5 29 2 6 6 4 0 4 2 88 9 6 3 159 24 87 37 39 5 7 11 1 2 2 2 2 1 0 1 2 0 2 7 10 2 1 0 1 0 1 1 1 2 0 0 5 1 14 11 27 8 2 4 1 0 4 5 9 3 0 0 2 1 2 7 53 6 2 3 8 0 4 14 87 10 2 4 49 8 20 38 41 26 9 78 5 7 8 83 2 1 1 3 3 2 4 21 4 1 0 2 0 3 1 14 6 1 1 4 1 8 11 31 8 7 0 4 1 1 1 3 0 1 0 0 0 0 0 2 5 2 0 3 1 1 0 9 5 3 1 6 2 13 5 24 45 143 7 175 0 7 2 36 4 6 0 4 4 9 2 24 5 5 1 18 0 5 1 8 1 5 1 8 7 47 8 64 77 263 2 89 4 13 3 24 4 4 0 0 4 8 5 21 66 46 3 28 11 10 7 26 16 18 4 26 21 72 33 177 21292 32 49 30 25 3 23 37 24 4 9 4 22 0 37 61 19 3 3 7 4 1 4 5 32 2 2 4 75 6 111 29 34 5 4 6 6 0 0 0 5 0 0 0 5 0 6 1 21 3 1 0 5 0 3 6 31 5 3 2 75 7 54 19 15 6 4 1 1 0 2 6 1 1 0 1 3 1 4 7 1 0 0 0 1 0 0 0 1 2 0 1 6 0 5 6 19 2 2 2 1 0 1 5 5 2 0 0 0 1 2 9 19 4 2 3 3 0 6 14 28 3 1 5 18 6 19 30 33 35 1 59 3 2 4 48 10 0 1 4 2 1 1 22 5 2 0 1 0 1 1 7 3 2 0 4 3 7 3 11 5 8 1 1 0 0 1 1 0 0 0 0 1 1 1 1 2 4 0 3 1 1 0 6 3 1 0 3 3 8 1 16 37 74 2 118 0 9 2 35 0 3 0 5 0 4 3 20 1 7 0 8 1 0 0 8 1 2 0 7 5 24 14 58 59 165 3 32 3 22 3 29 1 2 0 1 2 13 5 18 50 28 3 16 9 2 10 39 12 13 1 14 15 55 20 133 19971 45 48 46 46 6 47 77 48 4 11 8 42 4 73 79 38 0 10 2 11 1 5 1 36 5 9 4 168 15 171 41 37 5 7 3 8 2 2 5 10 0 0 0 7 0 2 4 24 8 0 1 5 1 4 2 43 3 2 3 186 12 75 25 53 5 8 10 3 1 6 8 6 0 2 1 0 2 5 2 9 0 2 2 1 0 1 1 2 0 0 0 6 1 16 8 29 7 6 2 4 1 3 1 5 0 1 2 0 0 3 2 59 8 5 4 6 3 1 9 79 5 3 3 34 9 18 42 47 48 10 85 6 3 12 107 10 2 2 5 3 3 4 38 5 1 0 6 0 0 2 6 3 5 2 3 4 6 1 22 4 8 1 9 3 0 0 6 3 0 0 1 1 4 1 4 5 1 1 2 1 0 0 4 2 2 1 6 3 13 4 23 42 121 15 171 3 7 5 41 2 4 0 2 2 5 3 23 7 15 1 12 1 1 0 5 1 8 2 14 4 36 18 63 36 127 1 61 8 10 1 28 5 3 1 2 2 8 6 21 62 25 2 30 6 5 4 34 43 24 2 19 21 78 14 169 21912 27 28 23 22 3 30 60 24 0 9 7 26 1 43 40 19 2 3 5 8 0 5 5 24 2 3 1 85 10 88 22 17 2 7 3 3 1 1 0 2 1 0 0 4 0 1 1 15 2 3 1 2 0 1 4 15 0 2 1 101 12 48 13 8 4 2 5 2 0 0 6 2 1 0 0 0 0 4 5 0 0 0 0 0 0 1 0 1 0 0 0 3 1 13 3 9 1 1 1 2 0 1 5 1 0 0 0 1 0 1 1 37 2 0 3 1 0 1 14 46 2 0 2 14 3 18 20 21 17 3 64 4 3 5 44 4 1 0 0 2 0 2 30 2 1 0 4 0 0 1 5 1 5 0 1 3 1 0 17 3 5 0 3 0 0 0 4 0 0 0 0 0 0 0 2 2 1 0 1 0 2 1 3 2 1 0 4 1 5 3 13 11 85 4 75 2 4 0 26 0 0 0 4 1 4 3 16 1 7 0 6 0 0 0 4 0 3 0 7 3 30 6 37 20 77 2 30 1 5 0 18 1 0 1 2 3 5 2 16 48 16 0 8 1 5 2 17 16 8 2 3 10 29 9 88 0
19892 42 35 42 43 3 31 55 23 0 0 1 43 2 65 71 43 2 12 3 12 0 6 1 48 4 10 3 220 10 174 49 63 8 7 0 7 1 3 1 3 0 0 0 9 0 4 3 28 0 2 0 10 1 0 0 38 4 6 0 248 10 70 12 63 12 7 5 4 1 3 1 0 0 0 0 0 0 5 5 5 0 3 2 0 0 1 0 2 0 0 0 11 2 13 4 38 10 5 0 4 0 0 1 5 0 0 0 1 0 2 3 30 3 0 3 3 2 4 3 32 4 2 6 29 4 15 10 26 50 5 49 3 4 5 73 1 0 0 0 0 1 2 30 0 0 0 1 0 0 0 3 0 0 0 1 3 4 1 16 2 11 0 2 1 0 0 0 0 0 0 0 1 0 1 2 2 2 0 1 0 0 1 1 1 1 0 2 4 11 3 6 46 244 10 186 1 14 1 41 2 1 0 5 2 7 1 15 3 11 0 7 0 0 0 2 4 4 1 9 8 36 8 43 82 601 9 83 2 10 2 16 2 6 1 0 0 11 3 26 45 48 3 12 1 3 2 18 11 17 2 16 23 61 11 106 21417 24 46 26 16 3 21 24 14 0 0 3 11 1 25 40 23 1 1 0 3 1 3 4 12 0 4 0 87 3 111 24 37 4 4 1 5 2 0 0 3 0 1 0 11 1 1 1 16 2 1 0 4 0 3 0 48 3 3 3 266 10 28 17 30 2 10 1 6 0 2 4 4 1 0 0 2 0 2 4 3 1 1 0 1 0 0 0 1 0 0 0 4 0 9 2 24 2 1 2 2 0 2 3 7 0 0 1 1 0 1 3 67 2 0 2 1 0 2 12 43 6 1 3 32 5 12 19 20 30 2 49 1 5 4 35 3 0 0 1 2 2 1 19 0 1 0 5 0 1 1 8 0 1 0 2 1 3 2 15 3 3 0 4 0 2 0 3 0 0 0 0 1 1 0 0 3 2 0 1 0 0 0 4 4 1 1 4 0 12 5 16 35 88 6 125 1 4 3 26 0 4 0 3 0 3 1 16 4 3 3 15 1 1 1 7 0 5 0 11 3 21 6 38 53 120 3 31 4 6 3 16 0 2 0 3 2 9 0 12 79 29 2 14 8 3 2 11 19 20 1 15 15 31 16 113 19977 59 66 36 88 4 27 48 26 1 5 2 55 2 93 54 51 3 12 1 6 0 1 2 49 2 33 6 190 1 366 52 72 7 10 7 8 0 3 0 3 0 1 0 12 0 6 2 32 3 3 0 6 0 1 2 25 3 3 4 147 14 58 9 37 8 13 7 2 0 1 1 2 0 0 2 2 0 3 1 4 0 0 0 0 0 0 1 3 0 1 0 3 2 27 4 22 4 2 1 2 0 3 3 3 0 0 0 2 0 2 2 41 0 0 0 2 1 3 12 46 3 1 5 37 2 15 21 32 48 6 59 2 2 3 59 3 3 0 1 1 0 2 13 1 2 0 1 1 1 0 0 1 1 0 1 0 5 4 11 11 16 0 1 0 1 1 0 0 0 0 0 0 0 0 1 10 6 0 1 1 0 0 2 1 1 0 0 3 5 3 8 41 169 23 302 0 4 4 36 1 1 0 3 1 3 0 16 1 6 1 13 0 0 0 3 2 5 0 10 0 17 17 42 40 298 5 48 4 12 1 8 3 4 0 2 2 8 3 17 66 53 0 15 4 4 5 23 25 31 0 15 27 74 30 128 21756 40 42 23 33 3 24 44 21 1 3 1 29 3 21 35 16 1 0 1 4 0 3 1 8 1 4 0 56 2 89 19 27 2 6 2 8 0 3 0 4 2 0 0 6 1 4 1 10 0 1 0 2 0 1 5 25 1 0 1 151 11 36 17 19 5 9 3 4 0 5 1 2 0 0 0 1 0 0 5 2 0 0 0 0 0 1 1 0 0 0 0 3 2 6 2 13 1 1 3 1 0 0 1 5 0 0 0 3 1 0 4 28 0 0 2 1 0 2 1 56 2 0 3 32 6 14 13 22 36 4 44 1 0 2 65 2 2 0 2 2 0 2 16 0 2 0 1 0 0 0 6 1 0 0 1 2 2 1 18 3 1 3 4 0 1 0 0 1 0 1 0 0 1 1 1 0 1 0 4 0 0 0 3 4 6 0 1 0 7 2 19 17 90 10 260 1 4 3 17 1 1 0 0 0 3 1 11 0 4 0 13 2 2 0 4 0 1 1 9 1 14 0 40 22 56 3 37 4 5 1 9 0 1 0 2 2 4 2 12 33 29 1 10 1 3 1 13 15 18 1 15 11 42 8 85 0
20827 52 32 32 39 10 21 174 38 10 10 11 13 7 29 185 32 1 4 3 7 0 4 8 32 5 2 3 59 2 42 31 39 3 8 2 5 0 3 6 8 0 0 2 4 1 1 6 25 2 1 3 6 1 1 8 73 5 3 5 83 4 28 11 37 11 4 6 1 1 2 14 8 2 2 2 3 1 2 15 4 1 1 0 1 1 0 2 5 0 0 1 2 2 9 3 21 5 3 9 1 1 2 7 12 2 0 2 2 0 5 16 51 6 3 5 5 2 4 29 65 9 2 8 26 4 9 57 52 41 8 51 12 3 14 172 14 4 2 7 2 5 0 75 5 4 0 0 0 1 1 17 3 3 0 1 1 2 3 25 7 6 1 3 1 2 1 4 0 1 0 2 1 1 0 5 9 0 0 2 2 1 2 10 2 2 1 3 1 2 2 22 33 58 5 56 2 4 5 35 2 2 0 0 2 2 3 21 8 0 1 7 0 0 1 9 3 4 0 2 1 13 4 27 31 53 6 25 3 6 3 19 2 1 0 3 3 5 5 23 55 15 2 12 8 3 11 50 17 15 1 21 12 27 15 155 21317 14 11 16 17 3 27 199 61 6 1 10 29 4 33 203 15 2 1 0 2 0 1 4 16 1 2 1 34 1 71 36 27 3 0 2 0 0 0 1 4 0 1 0 3 0 1 1 8 3 2 2 5 1 1 10 28 5 0 0 20 1 14 17 14 2 0 0 1 0 1 5 5 0 0 0 3 0 3 6 5 0 0 0 0 0 0 4 1 0 0 0 2 0 2 2 14 0 0 0 2 0 0 3 4 0 0 0 2 0 1 6 90 2 2 3 2 2 7 55 161 13 1 12 23 2 13 80 52 18 3 20 4 6 5 180 19 1 0 4 2 0 2 93 4 3 1 0 1 0 0 11 3 0 0 3 0 1 0 10 5 3 0 1 0 0 0 3 0 0 0 1 0 0 0 2 5 1 1 0 0 1 0 8 4 0 0 1 0 0 2 14 15 23 0 16 0 4 1 16 2 0 0 2 1 4 0 15 3 2 0 2 1 1 0 1 2 3 0 1 1 9 1 12 31 66 1 18 2 2 2 21 4 0 0 1 0 3 1 14 122 14 0 10 5 3 9 83 58 12 2 5 21 11 2 116 20712 32 28 31 21 4 20 74 61 5 9 7 23 2 43 93 50 4 3 0 7 1 4 4 35 4 5 0 56 4 76 21 56 8 10 0 4 1 3 1 5 2 0 0 3 0 1 1 40 1 3 0 5 1 5 3 48 1 3 1 42 5 33 14 39 10 4 3 0 0 1 6 3 2 2 0 2 3 8 15 10 0 2 0 1 0 0 0 10 2 4 1 12 2 10 4 43 6 3 3 3 0 0 5 6 1 1 1 4 0 3 10 199 5 4 5 8 2 10 34 159 10 6 9 35 6 28 58 61 29 3 37 2 4 1 65 10 4 0 0 4 1 1 25 11 2 0 5 0 0 0 6 6 0 0 2 5 0 2 9 7 8 1 2 1 0 0 0 2 1 0 1 1 2 2 1 12 3 0 0 0 1 1 7 5 3 0 2 5 5 1 11 30 71 8 36 1 2 0 20 2 2 0 4 0 5 3 8 8 5 1 5 1 1 1 4 4 5 0 3 10 17 1 14 41 83 4 36 4 9 1 10 4 2 0 2 2 3 4 13 196 48 3 23 23 5 6 50 75 16 4 28 26 41 31 122 21267 10 33 12 12 1 18 102 53 1 3 4 19 5 34 155 19 0 0 2 4 0 6 0 18 1 2 1 37 1 43 19 13 1 5 1 3 0 3 0 3 1 1 0 0 1 2 3 12 2 0 2 0 2 1 3 23 1 1 2 72 1 23 11 10 2 3 2 0 0 1 1 5 0 1 1 2 0 4 8 5 0 0 0 1 0 0 1 3 0 1 0 2 0 3 5 21 2 1 0 0 0 1 3 6 1 0 1 2 3 1 11 231 7 5 7 9 3 12 49 180 4 3 7 28 4 17 66 41 19 3 25 3 4 2 71 16 1 1 1 3 3 2 51 7 1 2 1 1 0 0 5 5 1 0 2 0 0 0 20 4 1 1 1 0 1 0 0 2 0 0 0 0 0 1 1 8 3 1 2 2 0 0 5 4 2 0 0 1 0 1 5 19 46 1 51 2 2 2 11 3 0 0 1 0 1 0 16 4 4 0 1 0 0 0 5 4 0 1 3 1 14 2 21 30 41 0 22 1 3 3 10 3 0 0 0 0 3 0 6 206 25 2 16 16 3 11 64 114 15 5 12 15 16 9 105 0
20192 59 70 57 42 13 45 72 27 6 8 5 48 7 47 68 21 4 16 3 9 1 10 5 40 3 18 1 181 8 233 45 81 13 16 5 8 1 3 2 2 0 0 0 9 0 4 8 31 6 3 2 2 0 7 4 39 2 3 0 92 5 58 26 38 12 10 2 7 4 4 6 2 0 2 1 1 0 2 3 5 0 0 0 3 0 0 0 4 0 0 0 9 1 11 8 34 4 4 2 1 0 1 5 2 1 0 0 2 0 1 2 44 2 2 1 5 0 3 7 39 2 1 1 39 13 9 19 38 57 5 54 7 4 2 98 5 1 1 1 6 5 2 38 6 2 0 4 0 1 0 5 4 2 1 2 5 15 3 29 6 13 1 5 0 0 1 2 0 0 0 0 0 0 0 5 3 1 0 2 0 1 0 3 2 4 0 2 1 3 3 13 38 179 13 162 1 12 3 58 4 2 1 7 0 4 2 28 1 12 0 6 1 1 0 3 4 6 0 8 8 42 9 69 46 184 2 59 1 24 1 21 3 6 0 5 1 17 2 19 46 39 1 17 1 5 2 18 15 15 1 14 23 77 11 118 21728 30 38 26 13 2 23 79 16 5 2 5 13 3 23 81 26 3 2 0 0 0 0 6 22 0 3 4 58 7 52 29 34 0 12 0 5 0 2 3 3 0 0 0 7 0 3 0 30 0 3 1 3 0 0 1 33 2 0 0 102 6 17 9 23 5 6 1 1 0 3 3 1 0 0 0 2 1 5 7 3 0 0 1 2 1 0 0 1 2 0 0 3 1 5 5 23 1 1 2 1 0 0 5 4 2 0 1 1 0 0 1 39 1 0 2 2 1 2 20 47 2 0 4 19 2 12 25 16 26 3 48 2 5 4 95 2 1 0 1 2 2 1 46 4 2 0 4 0 0 0 2 1 2 0 1 1 2 2 21 1 1 0 2 0 0 0 3 1 0 0 0 0 0 0 1 3 0 0 1 0 0 2 4 1 0 0 2 5 5 0 9 36 105 9 121 3 7 2 47 1 2 0 3 1 2 0 22 2 5 0 12 1 2 0 2 1 8 0 4 3 31 1 38 33 45 2 47 1 3 1 13 2 2 1 2 1 2 2 10 34 28 0 8 2 2 4 27 17 17 2 12 8 29 11 76 20029 44 57 37 39 4 22 55 33 9 9 10 36 3 62 54 64 3 6 4 11 4 6 5 45 6 12 2 157 17 97 43 64 5 19 1 8 2 5 2 12 2 0 0 11 0 3 2 48 6 2 2 11 1 9 6 54 5 4 2 233 11 60 13 60 13 10 7 12 0 5 7 7 1 2 2 6 1 9 11 14 1 0 2 3 0 0 2 6 3 1 1 10 2 14 6 38 7 4 7 5 2 1 3 14 2 2 0 8 2 4 4 81 7 4 5 5 1 4 3 78 6 5 3 49 7 19 27 55 42 3 43 5 4 3 51 7 2 0 3 2 0 3 25 10 5 2 7 0 2 1 1 4 3 0 3 2 6 4 22 11 10 2 4 3 1 0 3 0 3 0 0 0 0 0 1 9 8 0 2 1 2 1 8 7 1 0 3 3 8 6 17 60 149 11 110 6 5 6 34 2 2 0 2 4 3 1 23 3 9 1 14 3 2 0 5 4 8 2 7 8 51 7 60 64 162 8 54 2 4 3 21 4 3 2 4 1 7 4 19 80 52 4 25 10 7 5 16 23 20 5 26 21 55 23 146 21866 21 39 33 21 3 13 41 26 2 6 0 21 2 21 30 19 2 5 2 5 0 0 5 23 1 5 0 50 1 50 20 30 0 17 6 2 0 0 0 7 0 0 0 1 0 1 0 23 1 1 3 4 0 1 1 43 5 2 0 75 4 31 6 14 4 1 5 0 1 1 0 4 0 1 1 2 0 5 5 6 1 1 2 0 1 0 0 1 0 0 0 7 1 2 5 15 2 3 1 1 0 2 2 5 0 0 0 2 0 1 1 48 3 1 4 3 4 2 16 60 7 0 2 39 3 16 14 24 27 4 18 3 3 6 48 7 2 0 3 2 3 0 24 2 2 0 4 0 0 0 3 0 1 0 1 1 2 2 8 2 7 1 2 0 0 0 2 0 0 0 0 0 0 1 0 4 3 0 4 0 0 0 1 1 1 1 2 2 8 1 14 15 95 4 50 3 5 2 31 1 1 0 0 1 4 3 13 3 7 1 2 1 0 0 2 3 4 0 5 5 25 3 36 28 124 2 36 4 6 3 11 1 1 0 1 0 9 5 15 80 25 2 17 2 5 3 20 36 16 1 19 16 41 12 81 0
20348 29 24 28 32 11 39 256 67 5 6 10 34 8 40 248 35 5 7 2 9 0 6 12 32 0 3 4 34 7 68 38 38 3 11 1 3 1 2 6 9 0 1 0 1 0 3 4 43 6 1 0 3 1 3 6 65 3 2 3 55 2 26 24 37 10 7 7 1 3 1 13 7 0 1 1 2 0 2 10 15 2 0 2 3 0 1 2 3 0 1 1 8 0 9 8 29 4 1 4 4 2 1 7 5 0 0 0 2 0 1 8 141 8 0 7 6 1 6 37 130 6 2 3 28 6 24 49 51 17 2 28 2 5 11 250 22 1 0 3 5 0 6 119 5 2 0 2 0 0 1 7 2 2 1 0 2 2 2 17 2 5 0 3 0 1 0 8 3 0 0 1 0 0 0 6 8 3 0 2 0 1 0 4 6 2 2 4 0 1 2 29 13 66 8 76 4 7 0 39 4 3 1 1 0 1 1 23 3 8 0 14 0 0 0 8 1 3 1 8 7 16 3 28 47 44 2 43 4 3 1 21 1 4 4 5 1 4 1 21 90 19 5 18 6 3 7 36 52 21 3 17 11 40 18 118 21394 19 17 19 33 7 20 158 52 4 9 1 23 4 28 115 25 0 4 1 3 0 4 6 28 1 3 2 38 4 50 20 17 3 3 2 0 0 1 3 9 1 2 2 5 0 1 1 40 1 0 1 3 1 0 4 41 2 1 3 39 1 18 9 19 3 2 0 1 0 0 7 0 0 0 1 3 0 3 2 6 0 0 0 1 0 1 1 4 1 0 2 7 0 3 3 31 1 0 0 1 0 1 5 1 0 2 0 2 0 1 9 115 8 4 6 7 0 2 54 103 21 1 14 11 6 7 69 35 19 6 11 2 4 5 225 12 4 1 4 3 1 3 112 4 1 0 1 0 0 1 11 6 1 0 1 1 2 1 16 1 0 0 2 2 1 0 3 0 0 0 0 1 0 0 1 5 0 0 0 0 0 1 10 4 0 0 0 3 2 6 10 22 32 0 18 1 3 1 18 3 1 0 1 3 2 0 8 5 2 0 1 1 0 1 5 2 1 0 2 1 7 2 19 26 81 1 24 1 5 2 14 2 0 1 0 2 2 1 14 75 12 0 10 6 4 6 72 32 3 0 3 12 11 9 133 20646 35 37 39 28 5 32 147 62 2 7 5 33 4 49 122 19 1 4 0 12 1 2 7 24 1 4 1 46 4 54 27 16 4 9 1 2 0 2 0 3 0 1 0 5 0 2 0 25 3 2 3 3 0 1 3 28 1 5 1 59 4 29 10 25 8 1 3 4 1 0 6 5 1 0 0 2 1 5 5 10 2 0 0 0 2 0 1 4 1 1 0 3 0 7 1 26 4 1 1 0 1 1 4 3 0 0 1 1 2 3 6 211 10 2 9 10 3 8 38 249 11 2 11 34 5 24 67 64 22 8 45 5 6 6 124 30 1 4 7 2 0 8 61 3 2 0 4 0 0 2 3 3 2 0 0 3 2 0 11 6 8 0 4 0 1 1 1 2 1 0 0 0 0 1 4 8 2 2 0 1 0 0 6 3 1 0 3 2 4 3 15 19 27 3 40 3 7 1 19 2 0 0 5 1 4 3 23 3 3 2 4 0 0 1 6 3 2 0 0 2 13 4 33 36 41 2 28 1 7 0 16 9 4 1 4 1 3 3 7 218 40 3 15 6 8 9 64 118 15 4 13 18 23 20 123 21432 18 17 27 19 4 23 143 50 2 4 3 34 5 41 116 25 1 0 1 7 0 4 6 20 2 2 1 44 1 39 20 16 0 2 1 1 0 1 1 3 1 0 1 4 0 3 2 14 3 0 0 1 0 3 5 27 1 1 0 58 3 20 12 18 3 1 1 0 1 1 5 2 3 0 2 1 1 4 11 6 0 1 0 0 0 1 1 3 1 0 0 4 2 4 6 13 4 0 4 3 1 0 4 4 0 0 1 0 0 3 8 151 5 3 4 8 2 8 57 126 2 4 5 16 3 13 66 35 25 4 34 4 5 4 101 16 2 1 1 2 1 2 43 8 1 0 0 0 0 0 6 3 1 0 1 2 5 1 7 3 0 0 1 0 0 0 3 1 0 0 1 0 0 0 2 6 0 0 2 1 0 2 5 1 2 0 0 0 2 1 5 13 40 1 36 0 3 0 11 5 1 0 0 0 3 1 4 3 1 0 4 0 1 0 3 3 3 0 4 5 11 3 16 23 19 0 23 1 3 2 7 3 1 0 0 0 0 1 6 226 11 1 9 5 3 8 63 92 6 2 10 14 25 16 125 0
20087 51 106 48 45 9 42 76 26 2 4 3 47 3 73 70 36 1 17 4 11 1 4 1 46 0 18 3 204 8 325 34 110 14 22 5 8 1 0 0 5 0 2 0 6 2 1 1 41 3 6 1 3 0 3 1 38 3 6 2 117 8 68 9 38 7 8 2 3 0 1 2 1 0 0 1 0 1 4 1 6 0 1 0 0 0 0 0 1 0 0 1 13 2 18 6 37 1 3 1 2 0 0 0 2 0 0 0 2 0 1 2 43 5 0 2 0 0 1 3 31 3 1 2 23 3 9 14 23 36 3 59 3 5 4 62 3 0 0 0 1 2 0 24 2 1 0 4 0 1 0 1 0 1 1 0 1 8 5 19 6 16 0 7 0 1 0 2 0 0 0 1 0 1 0 2 0 0 0 0 0 0 0 2 1 3 0 0 3 8 4 10 38 185 4 177 1 14 0 34 3 0 1 2 3 11 3 17 1 7 2 12 0 2 0 6 1 3 4 13 12 85 13 142 44 213 1 58 1 12 2 12 0 3 0 0 2 17 1 18 33 22 0 8 3 3 0 9 8 12 0 13 23 96 19 165 22014 19 38 21 28 2 25 48 19 2 1 5 23 4 31 66 11 1 5 0 4 2 2 5 24 1 1 1 65 3 56 32 26 1 11 1 3 1 1 1 2 0 0 0 9 1 6 2 23 1 1 1 4 0 2 5 31 2 3 4 94 9 33 13 13 2 6 5 3 1 2 5 2 0 1 1 1 0 1 4 2 0 1 0 0 0 1 1 1 0 0 1 2 3 3 5 30 3 3 2 4 1 2 5 2 2 0 0 0 1 2 3 31 2 2 0 3 0 2 13 18 2 1 3 10 5 5 17 15 14 2 36 4 1 4 36 7 2 0 0 0 2 2 35 1 2 0 1 1 0 2 3 0 2 0 1 2 10 0 15 2 1 0 1 0 1 0 1 1 0 0 0 0 0 0 1 2 1 0 2 0 0 0 2 0 2 0 1 2 11 1 11 25 69 4 91 2 4 2 19 0 0 1 2 1 6 1 8 1 7 2 12 0 0 1 4 5 4 0 11 0 39 3 61 28 39 1 34 1 5 0 13 0 3 0 1 2 3 1 10 26 8 2 6 1 1 0 23 10 12 0 11 6 44 9 110 20090 69 72 39 53 6 38 53 26 5 4 4 38 6 60 57 67 1 11 3 4 1 3 3 33 2 7 2 169 6 137 25 85 8 26 3 12 2 3 0 7 0 0 0 12 1 4 0 48 2 2 0 5 0 0 2 71 5 1 3 188 7 63 11 66 7 16 4 3 0 3 2 7 0 1 1 4 0 2 5 13 2 3 0 2 0 1 0 5 0 2 1 10 2 14 2 58 2 1 1 2 0 0 4 4 0 1 0 4 1 3 1 86 5 2 4 4 1 1 8 73 3 1 3 45 5 19 18 29 43 4 39 3 1 1 58 4 0 0 1 0 3 4 15 2 1 1 4 0 0 1 4 0 4 1 5 2 5 2 18 6 12 1 2 0 4 0 1 0 0 0 0 2 1 0 0 6 4 1 5 1 0 1 1 0 0 3 1 0 6 1 13 65 242 14 146 1 8 3 29 2 0 1 2 3 2 4 20 5 11 3 18 1 1 2 3 1 10 2 18 9 56 8 60 73 167 1 73 4 11 1 12 2 3 1 2 2 5 4 17 67 50 1 14 8 8 6 16 27 19 2 17 18 65 20 133 22232 11 41 10 16 3 17 53 23 1 5 0 20 3 32 30 11 2 3 1 3 0 5 3 9 0 1 1 68 7 72 12 21 2 11 4 5 0 5 2 5 0 1 0 3 0 0 0 10 3 2 0 3 0 2 0 32 2 2 1 51 4 29 8 10 6 4 3 0 1 1 4 0 0 0 1 0 0 1 3 4 1 0 0 0 0 0 0 1 2 0 0 6 1 3 4 16 4 1 2 0 0 1 2 1 0 0 0 0 0 0 3 28 1 3 6 2 1 4 15 64 5 0 2 22 2 9 13 24 18 3 22 1 2 1 44 6 1 0 2 1 1 3 19 2 1 1 1 0 0 0 6 0 0 1 2 0 4 1 13 0 3 1 2 0 0 0 2 1 0 0 0 1 0 1 0 1 3 0 3 0 0 0 4 3 0 0 0 2 3 0 14 11 62 1 64 0 3 2 9 2 0 0 1 1 1 2 7 1 3 0 3 1 0 0 2 4 3 1 2 5 57 5 42 19 64 0 40 1 3 1 5 1 1 0 1 1 2 0 11 39 20 0 9 5 1 3 23 21 12 1 7 8 45 10 90 0
20171 52 81 38 49 11 36 86 34 2 6 7 51 5 42 90 40 4 14 2 8 2 3 4 48 5 24 5 183 8 239 51 88 19 18 2 6 1 2 0 4 1 2 0 9 1 7 5 38 2 3 1 5 0 4 7 44 4 3 1 106 2 54 14 42 13 12 6 2 5 2 3 2 0 0 1 4 0 2 3 1 0 1 0 3 1 1 0 3 1 1 0 8 3 13 5 29 6 0 2 1 0 1 2 0 0 0 1 0 1 1 3 45 1 3 1 2 1 3 13 40 2 0 1 37 4 21 20 32 49 5 49 0 5 1 102 2 3 0 3 3 4 1 44 1 2 1 3 0 2 1 5 3 1 0 4 5 11 1 20 8 9 0 5 0 4 0 2 1 1 0 2 0 2 0 0 4 1 0 0 0 1 0 3 0 5 0 3 1 2 5 9 45 204 8 172 3 8 3 58 3 2 1 4 3 9 4 16 4 11 1 4 0 2 0 1 2 5 1 4 11 48 8 61 43 198 4 55 4 19 0 16 2 1 0 3 5 9 1 16 48 27 1 12 0 4 1 26 13 24 1 8 22 74 15 107 21738 22 43 18 18 4 17 65 19 6 1 6 20 2 27 90 24 3 4 0 4 1 1 4 22 3 1 1 60 3 59 29 41 6 4 0 6 1 1 0 4 0 0 0 8 0 0 0 26 1 0 0 3 0 2 2 38 3 0 1 113 7 27 7 27 4 8 4 3 0 0 5 1 1 0 0 0 1 1 4 3 0 0 2 2 0 0 0 0 0 1 0 4 0 4 2 30 3 2 2 2 2 0 3 4 0 0 1 1 0 1 3 55 2 1 2 3 0 1 18 31 3 1 2 15 3 7 23 21 22 3 43 4 5 1 104 0 4 0 1 0 1 1 31 3 2 0 3 2 0 1 1 2 1 0 1 1 3 0 21 2 4 0 1 0 0 0 2 0 0 0 0 0 0 0 1 2 2 0 0 0 0 1 3 2 1 0 2 2 5 1 6 31 103 12 137 2 7 1 44 1 3 0 3 0 3 2 18 0 9 1 9 0 1 0 3 2 2 0 9 2 27 2 46 41 61 1 24 1 3 0 15 2 0 0 1 0 2 3 5 33 18 2 3 4 3 0 27 19 10 1 10 12 40 4 71 20033 41 58 37 36 7 31 54 46 4 11 9 36 2 68 52 62 9 8 6 9 2 4 8 50 3 9 6 155 6 150 34 50 6 20 8 13 1 3 2 7 0 2 0 13 0 5 2 44 5 4 1 6 2 7 2 58 3 5 1 235 9 63 17 58 10 15 6 8 3 4 8 9 0 1 1 5 0 8 10 15 4 2 0 1 0 2 0 5 1 2 0 10 4 14 5 44 7 5 6 7 0 3 4 12 0 1 0 4 2 4 5 89 6 4 2 5 2 5 6 85 1 5 1 35 8 21 21 60 30 2 32 6 5 9 43 7 3 0 4 3 0 2 26 6 5 0 5 0 0 0 2 0 1 0 1 4 8 3 16 10 14 2 4 3 0 0 4 0 0 0 0 2 0 0 3 8 8 0 2 3 1 0 3 2 3 1 5 5 6 1 17 41 141 11 92 1 7 4 27 4 6 0 1 0 5 5 17 13 13 2 14 5 0 1 4 2 6 1 12 6 45 9 74 69 159 8 43 5 8 2 13 2 5 4 6 3 13 5 16 93 47 4 22 5 17 5 20 44 28 6 24 23 57 27 136 21898 18 30 20 16 4 18 56 17 0 3 3 24 2 15 27 16 1 3 1 2 2 4 1 17 2 3 0 55 3 39 22 30 5 11 6 0 0 2 0 2 0 0 0 1 0 0 2 24 1 2 1 0 1 3 4 39 3 2 1 76 4 29 12 18 7 1 5 4 0 3 2 5 0 0 0 0 0 4 6 3 0 0 1 0 0 0 0 4 1 0 0 5 1 4 1 16 4 2 5 2 0 0 1 4 0 0 0 0 0 1 1 60 2 0 3 1 1 3 18 56 12 1 5 44 3 7 17 21 25 2 26 5 0 7 42 6 3 0 2 4 1 2 26 1 1 0 2 0 2 0 2 1 3 0 0 2 1 1 11 4 7 0 1 0 1 0 1 0 0 0 0 0 0 0 1 3 3 0 1 0 0 1 1 2 2 1 2 1 2 0 12 28 119 2 70 1 6 3 20 0 0 0 2 2 4 2 13 3 9 0 5 0 0 0 0 3 0 1 2 3 21 3 25 39 107 3 43 3 2 4 11 4 3 1 1 4 8 1 11 56 35 2 16 1 1 1 19 39 18 2 12 17 47 7 92 0
19585 45 64 32 42 7 39 38 25 1 5 1 36 4 56 59 38 4 8 1 11 0 2 3 36 2 12 0 213 13 378 46 89 14 9 4 12 1 2 0 7 2 0 0 11 0 2 0 30 5 5 0 4 0 3 1 54 4 1 3 297 21 84 13 50 8 9 8 5 1 3 3 1 0 0 0 2 2 0 3 2 0 1 0 1 1 1 0 1 0 1 0 8 1 16 2 30 9 3 4 4 1 0 3 2 0 0 0 3 0 0 5 26 0 3 2 2 1 2 8 31 4 3 0 28 5 18 12 26 40 5 46 4 0 3 54 4 1 0 0 2 2 0 21 1 2 0 5 0 0 0 2 0 2 0 4 3 5 3 18 3 12 0 2 0 0 0 3 0 0 0 0 0 1 1 4 1 4 0 2 0 0 0 1 1 5 0 5 4 13 2 16 54 222 23 306 2 10 1 53 0 2 0 4 3 8 1 19 7 8 0 20 0 2 0 4 4 4 1 14 6 54 13 85 69 357 1 101 5 12 0 11 1 5 0 3 9 10 4 13 33 30 1 11 4 5 4 26 8 25 2 28 30 82 14 139 21057 21 38 31 12 1 21 42 26 1 1 2 18 1 42 89 29 0 6 2 4 2 2 4 23 0 6 3 62 4 138 35 52 4 5 0 9 0 1 1 5 0 2 0 4 0 2 1 30 1 2 1 2 0 1 2 50 4 0 2 231 7 39 20 23 3 4 2 4 0 3 5 1 0 0 0 1 0 5 3 4 0 0 1 0 0 0 1 3 0 0 0 4 1 14 4 27 1 5 0 2 1 0 4 4 0 0 0 4 1 2 4 35 3 1 1 3 0 1 10 63 6 1 3 37 3 18 29 27 14 1 39 4 0 3 67 7 2 1 3 0 1 5 29 1 2 0 1 1 0 0 8 0 3 1 1 3 3 2 22 5 6 1 0 0 0 0 0 0 0 0 0 0 0 0 0 0 1 0 0 0 0 0 3 1 1 0 2 3 9 1 19 25 73 6 239 2 3 1 52 1 3 0 4 1 2 0 23 2 5 2 12 0 3 0 4 0 2 0 2 2 22 6 59 38 147 8 35 3 13 4 25 1 2 3 0 2 12 2 14 48 31 1 22 4 4 1 41 25 31 1 15 15 56 14 96 19526 47 107 34 50 4 38 37 46 2 6 5 48 1 54 50 54 2 9 2 8 0 4 7 50 1 14 2 171 11 257 54 78 15 18 3 15 0 1 5 3 1 0 1 19 2 7 4 28 4 3 1 5 0 5 5 71 4 7 3 249 12 65 29 51 10 13 7 2 1 2 7 6 2 0 0 4 0 4 2 4 1 3 0 0 0 0 0 10 2 3 0 6 2 11 7 33 3 3 6 0 4 0 3 6 0 1 0 4 0 2 3 32 4 1 4 1 1 7 17 86 8 2 5 57 10 29 48 52 39 7 62 3 2 5 70 9 0 0 4 7 5 0 26 6 4 0 2 0 0 1 8 0 4 0 3 8 10 5 22 3 15 1 5 1 0 1 3 0 0 0 0 0 3 0 2 9 5 0 6 2 0 0 2 2 1 0 4 5 18 2 20 41 143 16 256 1 12 4 55 1 5 0 2 3 8 5 37 2 4 3 9 2 2 0 11 4 6 2 6 5 34 17 73 46 191 3 84 5 19 2 16 2 3 0 3 0 9 4 16 88 45 0 30 5 5 4 42 22 26 0 23 17 57 16 199 21553 26 32 24 12 1 22 27 32 5 4 13 20 2 22 63 13 1 5 3 5 1 3 3 16 0 8 4 68 2 125 24 34 7 2 3 5 0 1 3 3 0 0 0 10 0 0 1 20 3 2 0 2 0 0 2 29 6 6 2 110 12 42 11 26 1 2 2 2 0 2 4 2 0 1 1 0 0 3 8 1 0 0 0 1 0 1 2 2 0 0 0 5 2 10 5 23 4 0 1 1 0 1 4 2 0 1 1 2 1 0 2 44 3 0 4 2 0 4 15 48 4 2 2 48 3 16 28 22 22 3 44 2 1 1 71 5 0 0 2 0 0 1 14 4 1 0 4 0 1 0 3 1 1 0 0 3 2 1 15 4 5 0 1 0 1 1 2 0 0 0 0 0 0 0 1 4 2 0 2 0 0 2 3 2 2 0 3 2 9 4 13 21 60 9 162 1 5 1 26 1 3 0 1 1 4 1 17 1 1 0 15 0 1 0 6 1 1 0 6 4 21 7 50 36 90 0 37 0 8 2 18 0 4 1 1 3 5 1 15 67 41 2 19 7 6 3 26 36 16 0 13 13 37 13 91 0
19629 43 90 43 46 7 29 35 38 2 5 3 41 3 100 68 66 1 7 7 14 2 4 1 46 3 20 4 162 8 293 64 78 12 13 2 4 1 2 0 12 0 1 0 12 3 3 3 32 3 4 3 3 1 2 3 52 7 5 0 143 17 78 10 62 15 7 4 3 1 4 2 2 1 3 0 2 1 7 2 8 2 0 1 0 0 1 0 3 0 3 2 9 2 17 5 48 4 1 3 1 0 0 2 13 1 0 1 4 0 5 5 74 4 2 0 3 0 2 9 64 7 0 9 24 3 18 23 37 44 6 37 1 4 6 74 2 2 2 1 3 4 1 30 0 1 0 5 1 1 3 9 3 3 1 2 2 6 3 15 15 14 3 1 0 1 0 1 0 0 0 2 1 4 1 5 7 2 1 3 0 0 1 5 2 3 1 7 2 18 8 28 51 153 5 221 2 6 5 41 1 5 0 5 1 9 3 21 2 6 1 14 0 1 1 8 5 3 2 12 5 46 16 99 81 255 2 87 12 21 1 23 1 3 1 3 4 14 3 20 64 58 3 17 6 4 2 21 22 8 5 12 19 78 20 172 21290 33 48 16 16 1 19 34 23 2 4 4 21 2 37 60 35 3 8 1 6 0 3 7 24 2 6 3 90 4 98 23 36 3 6 2 5 2 2 0 10 0 0 0 8 1 3 2 28 2 1 2 3 0 4 1 61 4 2 2 131 15 47 18 34 7 6 6 7 1 2 2 4 1 2 1 2 0 3 11 5 1 3 2 1 0 0 1 3 0 1 0 8 2 5 6 30 0 1 0 6 0 1 3 7 1 1 2 0 0 3 8 33 6 2 3 2 0 2 6 60 5 1 5 30 5 22 41 26 22 5 27 7 4 4 48 1 1 0 2 3 1 1 26 2 2 2 4 0 0 0 9 1 2 0 2 3 1 2 15 10 8 0 3 2 0 0 5 1 1 0 0 1 0 0 3 8 2 0 3 2 1 2 7 3 6 2 4 1 12 2 18 23 45 6 152 2 3 2 31 0 3 1 3 1 4 3 22 2 7 1 21 0 0 0 6 2 4 2 10 7 21 11 44 39 69 5 28 3 12 3 11 1 3 1 3 2 7 7 12 47 20 5 8 8 3 4 25 22 16 1 19 15 54 15 155 19737 59 73 30 74 7 30 47 67 13 12 11 44 4 59 52 58 7 7 3 12 0 7 4 39 1 10 0 157 9 148 52 58 6 22 2 8 2 4 3 3 2 1 0 9 1 5 3 32 1 2 1 3 1 2 3 38 3 6 4 224 12 90 22 56 15 13 8 4 0 1 8 9 1 1 0 4 1 6 5 5 0 1 0 0 0 1 4 3 0 3 1 3 1 15 7 25 6 2 5 2 2 6 3 7 2 3 1 2 2 1 11 50 12 3 5 12 0 2 12 70 8 2 4 66 16 25 42 70 40 7 44 9 9 11 70 10 2 3 3 4 3 3 37 8 4 3 4 0 2 2 10 3 3 0 1 3 3 8 23 8 7 1 3 1 2 1 4 0 1 1 0 0 1 3 6 9 5 1 3 4 0 1 5 3 6 1 7 6 9 6 33 36 122 11 163 1 4 4 43 3 2 2 4 0 4 4 14 6 5 3 20 2 2 2 3 4 4 2 13 7 26 10 52 55 177 5 65 6 9 3 30 7 4 0 2 3 4 11 19 70 55 1 26 7 9 8 53 42 28 2 24 27 70 22 176 21818 25 35 18 17 6 17 31 36 4 1 8 15 1 24 45 11 4 4 3 4 0 4 4 14 3 2 4 74 1 83 22 28 4 4 3 0 0 0 1 2 0 0 0 1 3 2 2 14 2 1 1 5 0 2 2 33 2 1 7 76 10 37 13 17 3 1 2 1 0 3 3 3 0 0 0 2 0 4 3 1 0 0 1 0 0 1 1 1 1 0 1 1 2 13 5 7 4 1 1 5 0 0 2 4 0 0 0 3 0 0 3 31 3 2 3 1 0 1 10 77 4 1 2 32 5 12 24 25 32 0 30 2 1 5 36 6 3 0 4 4 3 5 18 1 6 1 3 1 1 4 5 1 0 0 3 1 1 0 14 7 4 0 1 0 0 0 4 0 0 0 0 0 0 0 1 2 2 0 1 0 0 2 3 2 3 1 1 2 3 1 15 11 66 3 94 3 4 4 26 1 0 0 2 0 3 2 13 0 2 1 5 2 0 0 3 0 2 0 3 3 14 14 39 32 158 2 44 3 7 2 13 2 1 0 3 0 7 2 14 49 27 2 9 5 3 3 27 18 7 2 15 15 50 21 93 0
18761 83 95 35 69 11 39 49 60 15 9 20 38 2 62 119 92 14 15 5 16 2 8 6 55 0 15 5 183 9 162 32 90 13 19 3 11 3 1 6 8 2 2 0 15 3 2 3 52 2 4 3 8 1 4 8 83 4 8 2 173 14 72 23 93 16 9 12 3 0 5 8 10 2 2 2 1 2 4 11 8 3 2 3 0 0 3 6 3 1 1 3 7 5 22 14 53 9 6 4 3 0 4 8 4 1 0 1 1 2 1 9 234 5 4 2 10 1 8 18 136 6 4 7 28 8 15 38 71 71 7 47 7 3 8 47 14 3 0 5 6 4 5 22 9 5 2 8 1 1 1 12 3 3 1 2 2 8 7 22 8 15 0 5 5 3 3 5 1 2 1 5 1 1 0 4 4 4 1 1 2 6 4 8 8 3 0 5 8 14 5 33 54 221 15 205 4 9 5 32 3 2 2 6 2 7 4 31 4 14 4 7 2 2 1 7 1 4 0 12 6 54 16 80 69 177 4 85 5 12 2 26 3 1 0 4 1 9 5 24 100 26 2 23 10 1 12 35 36 14 5 31 24 87 29 260 19938 50 54 34 49 0 31 55 52 1 3 2 52 4 70 49 65 3 4 0 10 0 0 5 54 0 4 2 255 6 177 22 64 1 11 2 4 0 3 5 5 2 1 1 6 0 4 4 55 1 0 1 3 0 1 1 62 3 2 3 127 9 58 16 88 6 1 0 3 0 1 7 4 1 0 1 4 0 1 6 13 0 0 0 2 0 0 0 1 1 0 0 4 0 6 5 53 5 3 4 2 0 1 1 6 0 0 1 0 0 3 10 204 2 1 0 5 0 2 18 68 3 0 6 24 3 20 33 36 44 9 67 6 0 3 108 3 2 0 4 0 3 3 28 4 1 1 3 0 1 0 9 4 1 0 3 1 4 2 18 3 9 2 8 1 2 0 4 0 0 0 1 0 1 1 2 4 2 0 2 1 0 0 3 1 2 0 3 0 14 3 13 46 215 11 178 2 4 1 34 3 0 0 6 0 3 0 22 2 8 1 14 0 0 2 3 0 8 0 13 7 63 3 66 83 86 5 40 2 7 3 16 1 1 0 2 3 4 0 20 145 24 1 13 15 2 5 34 51 10 3 12 9 57 11 160 19954 78 59 30 81 5 46 75 61 9 10 6 61 3 72 97 91 2 15 3 10 0 8 3 56 6 19 5 159 0 133 14 74 13 14 2 11 0 0 1 7 1 1 3 8 3 4 2 39 7 4 2 7 2 3 5 39 6 3 1 105 8 39 18 72 10 9 1 8 0 3 8 4 0 4 5 2 1 4 7 16 1 4 3 1 0 3 2 9 0 1 2 8 0 10 4 45 9 3 4 4 2 1 8 11 2 3 3 4 6 3 9 69 9 4 4 4 4 7 13 51 9 7 11 22 4 30 50 61 52 4 44 4 5 4 43 7 4 5 2 0 3 4 19 15 2 3 4 2 0 0 7 2 0 1 2 1 3 2 12 5 10 0 2 2 3 3 0 7 1 0 1 0 0 2 5 14 4 3 5 4 4 0 5 8 2 1 1 6 10 2 19 35 152 8 176 3 2 1 13 2 3 3 5 3 3 4 8 9 4 2 4 1 0 2 6 3 7 2 9 6 29 12 54 37 99 4 32 11 9 3 12 3 5 0 6 5 9 3 15 106 22 4 11 8 10 8 29 33 18 5 19 22 72 37 235 21314 43 47 38 41 10 35 84 33 2 2 5 38 2 39 70 20 0 5 2 6 0 3 4 18 1 3 5 134 2 109 13 29 8 4 1 2 0 2 0 3 0 0 0 8 2 1 3 15 0 0 1 5 2 0 0 31 2 3 2 90 5 27 15 23 3 6 3 0 0 2 3 3 1 1 0 2 0 3 4 1 0 1 0 1 0 2 0 2 0 0 0 2 0 2 2 20 3 2 5 2 2 0 1 1 1 0 3 1 0 1 2 44 3 1 2 4 0 1 31 60 5 2 4 15 6 8 24 40 37 8 71 3 4 5 61 9 0 1 4 1 3 5 46 1 1 0 3 1 0 1 4 3 0 0 6 1 1 1 9 3 7 0 5 0 0 0 2 1 0 0 0 0 3 1 3 2 1 0 0 0 1 0 8 3 1 0 1 2 6 3 11 30 149 4 105 0 5 1 15 0 1 0 3 0 3 2 12 2 2 1 6 0 2 0 8 0 4 1 3 1 24 3 44 25 113 4 35 1 9 1 11 0 0 0 1 0 5 5 21 52 12 1 4 4 5 3 38 23 10 4 9 8 38 5 147 0
19532 33 92 37 54 2 32 46 36 4 9 8 41 3 59 78 70 2 12 6 9 0 7 3 42 4 13 3 171 12 205 55 90 7 20 1 25 3 6 1 12 1 3 1 23 1 5 0 39 2 6 1 10 0 6 4 73 7 10 4 218 25 70 25 61 12 11 9 3 3 2 4 4 1 0 1 2 2 5 5 6 1 0 1 1 0 0 0 5 2 1 1 8 3 15 5 55 8 6 3 3 2 2 0 5 0 0 0 5 0 2 3 75 3 1 2 4 0 4 5 72 5 1 6 34 9 14 30 56 38 8 46 2 1 3 65 2 0 1 2 3 3 2 19 8 3 1 4 2 0 0 5 2 3 0 2 4 7 5 16 3 8 3 3 2 1 3 1 0 0 0 0 1 1 0 3 4 2 1 3 1 0 0 5 2 8 0 6 2 20 3 23 44 142 30 217 3 11 7 35 2 4 0 7 0 5 5 16 6 15 4 22 1 1 0 6 3 9 3 14 3 45 20 82 67 178 4 89 8 9 2 21 2 3 0 1 7 12 7 18 76 39 3 23 6 9 2 33 21 21 2 22 18 90 25 215 21198 25 47 21 23 2 20 34 35 2 2 6 18 3 28 46 33 4 10 3 2 0 4 0 29 0 10 0 77 2 125 18 66 9 9 0 9 1 2 3 4 0 0 0 5 0 1 3 40 2 4 0 1 0 2 3 40 5 1 0 109 14 45 17 54 4 4 4 1 0 0 8 1 0 1 0 0 0 2 3 4 0 1 1 1 0 0 0 2 0 4 0 8 1 17 6 25 1 1 2 2 0 0 3 3 1 1 0 0 1 1 1 56 3 1 5 4 0 4 11 68 3 0 5 23 7 26 38 34 15 4 45 2 3 5 39 7 0 0 1 2 4 0 20 3 4 0 4 1 0 1 5 1 2 0 6 0 5 1 15 3 13 0 1 0 2 0 1 0 0 1 1 1 0 0 2 3 4 0 1 0 1 1 5 2 3 0 4 0 4 3 15 33 74 10 123 1 1 2 20 1 3 0 4 2 6 3 15 6 4 1 9 0 1 0 10 3 6 4 6 3 27 8 57 65 92 5 28 4 10 0 12 5 3 0 0 2 18 1 14 95 26 4 13 6 3 4 27 23 12 0 21 8 73 23 144 19935 50 65 41 55 6 28 84 62 4 7 8 41 0 71 92 56 4 10 1 11 0 10 3 47 3 7 3 115 9 163 32 58 7 15 6 4 2 0 1 7 0 1 0 10 0 4 6 39 3 4 3 12 2 4 5 54 2 3 2 177 12 51 15 44 4 7 5 2 0 4 6 9 1 1 2 2 0 7 10 3 0 0 1 0 0 1 2 3 0 2 0 8 1 14 5 26 2 4 0 2 1 1 2 7 0 1 1 4 1 4 6 64 7 5 7 5 0 3 9 75 1 1 6 34 8 32 28 50 42 5 79 3 4 6 84 14 3 0 2 5 5 4 35 6 3 0 7 2 0 0 1 0 3 2 2 1 8 2 21 6 8 1 1 0 0 0 0 1 1 0 1 0 1 0 1 11 2 1 5 0 0 0 3 2 3 1 8 3 11 4 22 45 124 7 229 6 7 4 44 1 0 0 1 4 11 2 21 6 7 2 29 0 1 2 6 2 10 0 17 5 36 13 77 57 98 4 54 4 15 4 22 6 2 0 4 4 9 7 23 87 38 2 28 11 10 7 39 28 20 2 19 19 49 33 186 21788 34 53 33 35 4 31 52 32 1 3 4 33 3 43 65 15 1 4 1 4 0 2 5 14 0 2 3 49 3 82 22 33 4 5 0 3 0 2 3 5 0 0 0 5 0 0 3 17 2 0 2 2 0 1 4 28 2 2 3 46 5 29 22 21 1 4 3 3 0 0 3 4 0 0 0 0 1 6 5 2 0 0 0 0 0 0 0 2 1 0 0 4 1 6 4 16 1 0 2 0 0 1 1 4 1 0 0 2 1 0 4 27 4 1 4 5 1 0 12 41 14 0 5 15 6 10 27 25 22 4 52 1 5 6 59 5 2 0 5 0 5 2 25 0 1 4 6 1 3 0 8 0 0 0 0 4 7 3 16 2 5 0 3 1 0 0 3 0 0 0 1 0 0 0 1 2 1 0 0 0 1 0 10 0 1 1 4 5 6 1 13 26 70 8 93 0 3 1 26 1 0 0 6 1 2 5 19 1 3 0 9 0 1 2 7 1 2 1 4 4 30 3 44 26 66 4 20 1 7 0 16 1 0 0 1 1 5 1 14 36 7 1 16 4 2 5 22 20 9 2 13 16 44 15 124 0
19090 51 84 33 54 10 44 54 48 4 12 7 64 4 56 78 71 3 5 2 12 0 3 3 46 4 14 3 253 13 500 60 75 12 20 4 7 0 2 2 7 2 0 0 9 4 3 1 52 2 5 1 6 3 3 2 54 2 1 1 134 9 77 13 60 9 3 5 7 3 1 7 7 0 1 1 2 3 4 5 5 1 0 1 0 0 1 0 1 0 0 1 15 1 14 10 35 7 5 5 1 0 2 4 3 0 1 0 1 0 4 3 57 3 2 3 5 2 4 6 59 8 2 5 34 4 22 28 42 46 8 47 4 4 6 87 4 1 0 1 2 3 5 38 5 3 1 2 0 0 1 8 2 1 1 4 3 6 2 33 6 11 0 4 0 2 0 1 1 2 0 0 0 1 0 4 5 2 1 2 2 0 0 4 0 2 0 1 5 12 0 18 65 283 8 300 5 8 2 63 0 1 0 2 2 9 3 27 2 9 1 13 2 1 1 9 1 3 0 5 7 29 6 80 67 366 3 61 0 11 0 25 1 3 0 4 1 6 2 19 66 46 0 16 7 10 4 24 20 19 1 18 27 66 18 134 20230 29 52 49 42 3 35 94 42 3 7 7 31 2 78 134 32 2 7 5 3 2 6 12 23 3 6 1 142 9 153 44 41 6 6 3 5 1 4 2 5 0 0 0 3 3 0 3 36 0 4 1 7 1 3 4 69 3 0 1 186 5 41 15 41 6 5 4 4 2 1 10 3 0 0 1 1 0 2 3 1 1 0 0 0 0 0 1 4 0 1 1 9 0 9 6 43 3 3 1 3 1 2 1 1 0 0 0 2 1 1 5 74 4 3 5 5 1 0 19 94 5 3 1 31 8 17 25 44 37 6 43 3 4 2 98 3 2 1 0 2 5 1 41 5 5 0 2 1 0 0 8 3 2 0 7 3 7 2 20 13 6 2 3 2 1 0 3 1 0 0 0 0 0 0 2 7 3 0 3 0 0 1 3 0 2 0 1 4 1 1 14 30 154 12 241 5 17 3 39 5 2 0 6 2 7 2 38 4 9 0 13 0 2 1 7 1 2 0 8 7 52 5 67 55 124 1 55 4 11 4 22 4 0 1 0 2 9 3 25 73 31 0 10 3 6 6 28 17 19 0 17 20 45 12 127 19954 68 78 25 74 14 27 39 60 3 8 3 55 3 85 75 73 2 4 4 15 0 3 12 65 2 11 3 148 10 185 49 69 9 10 1 3 2 2 2 4 1 2 1 18 2 2 0 48 5 2 1 6 0 8 5 40 0 3 2 184 8 55 14 64 21 6 6 5 0 4 4 9 2 0 2 4 0 5 4 12 2 0 0 1 0 1 1 3 1 3 1 17 4 11 3 37 9 5 2 1 0 1 4 7 1 0 1 3 0 3 2 64 10 2 4 6 1 7 14 73 5 7 3 53 1 25 33 61 55 2 43 8 1 5 32 6 1 1 1 3 1 3 22 4 1 2 1 1 2 1 3 0 1 1 1 4 4 5 16 4 13 1 3 0 1 0 4 0 0 1 1 0 1 1 4 7 2 0 3 1 0 0 2 3 1 0 5 7 12 6 8 45 187 14 177 1 3 4 19 4 4 2 3 0 4 1 13 5 3 2 6 0 2 1 2 0 4 1 5 9 31 7 42 61 213 2 47 4 13 0 16 4 3 1 7 3 4 7 20 81 51 3 17 8 7 4 22 29 8 6 18 32 58 25 125 21393 24 21 30 23 3 24 67 30 4 0 4 30 0 37 56 25 2 2 1 1 1 5 2 31 3 2 1 98 2 85 17 31 4 3 0 4 1 1 1 7 0 0 0 7 1 0 2 26 3 2 0 3 0 4 4 38 3 4 1 94 4 28 13 17 7 7 1 1 0 1 5 1 1 0 0 1 0 2 4 4 1 1 0 0 0 0 1 3 0 0 1 8 2 6 1 23 4 2 3 2 1 1 3 2 0 1 0 2 0 0 5 77 3 0 8 7 2 2 24 103 4 1 5 32 6 16 31 34 22 3 62 1 4 4 94 7 0 1 2 3 3 2 15 3 2 0 3 0 0 0 5 0 4 1 2 0 3 1 10 0 4 0 0 1 1 0 0 0 0 0 0 0 0 0 1 3 0 0 3 0 0 1 2 2 3 0 3 3 2 0 13 28 105 10 124 1 2 1 43 2 2 0 0 0 6 1 10 3 8 0 10 0 1 0 5 2 4 1 7 3 22 0 33 31 78 1 54 0 2 0 10 1 3 0 4 0 1 3 3 78 28 4 27 4 1 0 36 39 24 0 15 17 49 9 81 0
19181 53 80 34 61 10 44 82 73 8 10 10 44 2 68 135 64 10 10 0 10 3 3 8 39 4 7 11 171 15 283 62 72 7 21 3 13 0 2 3 8 0 0 0 13 4 5 1 39 3 5 0 2 2 0 5 51 4 4 2 158 15 83 26 45 16 8 7 3 2 4 5 2 1 0 4 4 1 11 16 6 0 3 0 0 1 0 0 5 0 0 1 10 1 12 9 33 5 4 3 1 0 1 1 8 0 0 1 2 0 5 8 78 6 1 4 6 1 5 33 62 4 5 4 40 4 25 45 60 28 7 62 9 7 4 101 12 2 0 3 3 3 6 42 8 5 1 3 0 2 0 8 3 0 0 4 3 4 4 26 7 7 1 3 1 6 1 4 0 0 0 2 0 1 1 11 12 3 0 3 0 0 1 5 1 2 0 7 2 17 4 22 30 138 20 222 7 9 0 51 1 5 0 8 1 9 1 40 3 3 1 17 0 1 0 6 5 7 3 13 5 44 9 76 76 203 3 79 6 10 1 41 3 5 1 7 6 6 5 29 125 48 1 26 12 7 6 44 23 16 4 15 28 65 24 207 20876 32 40 19 18 0 16 53 31 3 3 4 23 1 35 79 24 5 9 6 4 0 2 5 32 3 13 2 98 7 135 34 40 10 6 1 4 0 1 2 5 0 0 1 7 1 1 2 24 2 0 2 5 1 3 3 41 8 2 3 112 10 55 15 54 8 3 2 2 0 3 6 10 1 0 2 3 0 3 8 4 0 0 0 0 0 0 1 2 2 0 0 1 0 10 12 28 4 0 2 4 1 0 0 13 0 0 1 2 0 4 7 65 6 5 2 5 1 2 20 79 9 3 14 25 10 28 43 56 25 3 48 5 2 6 67 8 3 0 4 0 1 5 18 5 0 0 5 2 0 0 5 2 2 0 3 1 2 0 26 5 8 0 2 1 0 1 4 0 1 0 2 1 0 0 2 7 2 1 5 0 1 5 9 2 2 0 2 2 7 3 22 43 90 7 136 1 7 5 38 1 2 1 3 3 8 1 16 1 9 0 9 1 1 2 6 5 7 1 6 5 20 7 48 60 82 0 43 6 9 3 19 3 5 0 2 2 9 2 15 81 20 4 13 7 9 5 51 26 17 5 20 16 47 15 143 19549 50 83 30 56 5 44 55 94 11 11 10 50 1 48 94 39 6 9 6 12 2 8 8 46 2 10 1 81 7 81 29 70 14 11 5 11 1 3 2 9 4 2 0 9 2 3 3 40 8 9 3 6 3 4 6 35 5 4 5 140 15 43 34 55 8 9 3 2 0 3 5 22 5 2 5 2 2 3 16 9 1 3 2 0 0 1 4 9 0 3 2 9 1 19 8 26 6 4 5 3 1 0 9 33 1 0 3 5 0 5 12 70 12 4 5 10 5 7 38 130 20 2 19 34 13 21 89 104 48 12 46 15 3 18 81 27 2 1 4 1 8 4 14 11 1 1 10 5 1 1 18 4 1 1 7 2 5 3 22 9 15 0 3 1 3 1 3 1 2 0 3 1 2 0 7 24 2 0 1 3 2 4 13 4 2 3 7 2 14 6 25 25 64 20 104 4 4 8 26 2 4 0 5 3 4 2 22 6 5 4 19 0 2 0 11 4 8 2 15 11 37 13 67 56 108 6 39 5 16 7 33 5 10 2 7 5 16 6 23 89 37 1 15 15 10 13 76 40 19 1 34 30 78 42 288 21361 34 39 24 18 3 19 52 29 5 2 9 25 3 52 64 21 2 6 1 4 2 2 4 16 1 5 5 46 4 90 26 43 1 8 2 6 2 1 2 5 0 0 0 1 1 3 3 19 2 3 1 2 0 1 2 40 2 1 2 77 14 25 7 30 7 2 4 2 1 1 7 3 0 0 0 0 1 5 8 8 1 1 1 1 0 0 0 1 0 0 1 6 3 12 4 25 5 1 2 0 2 0 1 6 0 0 1 5 1 0 4 53 7 1 9 4 0 1 17 60 5 3 2 28 5 16 36 47 28 5 39 5 4 4 75 8 1 1 4 3 2 3 21 4 1 1 5 0 0 0 4 0 1 0 2 1 2 2 17 0 4 2 4 1 1 1 7 1 0 0 2 0 1 0 2 4 2 1 1 1 0 0 2 3 2 0 2 2 9 3 16 18 67 7 81 2 4 0 26 2 2 0 5 1 4 2 27 4 6 2 9 2 4 1 3 1 6 0 11 3 32 10 32 29 141 4 32 5 15 1 19 2 3 2 4 3 9 1 22 62 30 0 17 7 2 1 40 31 18 5 30 14 39 18 125 0
20666 42 63 38 30 3 24 59 43 4 10 7 16 1 32 70 60 2 5 5 10 0 9 7 36 9 11 6 37 2 171 32 47 9 8 5 5 4 2 3 9 1 1 1 7 1 3 4 43 5 4 3 5 0 3 4 54 9 6 4 74 3 30 23 65 8 13 6 6 0 4 7 10 0 0 0 1 0 4 7 5 0 1 0 0 1 1 1 7 1 0 0 4 3 15 6 36 7 3 3 3 1 0 4 7 1 0 1 4 3 5 6 73 4 1 6 3 1 2 15 90 8 3 6 36 9 17 35 45 27 7 73 4 6 6 102 6 1 0 0 3 1 2 30 7 4 0 7 2 0 0 8 5 4 0 1 3 2 4 17 11 8 1 4 0 0 1 7 0 1 0 0 1 6 0 6 8 4 0 1 1 0 0 12 2 5 0 8 1 5 7 21 39 65 9 116 3 5 2 49 3 3 0 1 1 8 2 28 4 5 3 8 1 1 0 5 2 0 0 9 5 26 9 81 46 106 5 32 4 11 3 22 2 4 0 2 1 14 2 21 45 18 2 22 5 3 5 35 15 13 0 20 13 36 15 157 20733 27 30 22 41 1 29 98 38 1 2 2 39 3 73 104 61 3 5 1 2 1 6 7 40 3 7 4 59 4 118 56 29 5 1 1 2 0 3 1 10 0 1 0 6 0 2 2 57 3 0 1 3 0 2 2 85 8 2 2 105 15 25 31 45 5 3 1 5 0 2 2 3 0 0 0 3 0 7 10 5 0 0 1 1 0 0 0 7 0 1 0 2 0 9 5 35 3 0 1 1 0 0 2 6 2 0 1 3 1 1 7 125 6 0 7 5 2 1 18 78 10 4 8 43 8 16 41 37 25 4 69 1 7 7 113 3 1 0 2 3 0 2 43 5 0 2 4 0 0 0 5 2 0 0 2 1 2 4 18 11 0 0 4 1 0 0 1 0 0 0 1 0 0 0 1 8 3 0 0 0 0 0 3 2 3 0 4 2 5 2 34 24 53 8 72 0 2 2 57 2 1 0 1 4 0 2 20 2 3 0 6 0 0 0 4 1 2 1 4 1 13 5 27 88 101 2 22 8 6 6 12 4 2 0 2 1 6 6 14 94 38 3 17 14 3 6 49 32 18 0 17 27 27 21 143 20092 67 51 56 62 6 48 64 41 9 13 8 49 5 59 85 29 3 8 3 9 0 5 3 50 6 6 4 147 12 167 16 89 13 16 5 10 1 5 2 7 0 0 0 8 0 5 0 33 3 6 1 3 0 1 1 30 4 8 4 118 7 57 14 38 12 10 4 2 0 5 5 3 0 0 3 6 0 8 12 7 2 2 0 1 0 0 0 4 0 0 1 4 4 14 6 36 4 1 2 5 0 2 3 3 1 1 1 8 1 7 6 54 3 0 1 2 2 3 18 51 3 2 6 42 3 23 55 46 38 6 55 6 6 3 64 3 3 1 2 5 1 1 22 7 7 0 7 1 1 0 4 0 3 0 7 6 1 4 11 5 10 1 3 0 2 0 2 2 0 0 0 0 0 1 1 8 4 0 6 1 0 0 4 4 4 0 1 6 9 2 22 42 149 10 98 1 8 3 23 0 4 1 0 3 6 1 12 4 8 0 9 0 0 0 7 3 6 0 8 6 39 2 49 45 179 2 61 4 9 5 7 8 4 0 1 3 9 4 17 119 57 3 20 10 5 13 48 48 30 1 15 36 107 20 182 20679 32 32 33 58 5 47 107 43 3 10 8 35 3 97 97 39 3 3 4 6 1 3 7 31 0 6 2 77 4 112 45 35 0 6 0 4 0 1 0 2 0 0 0 8 0 5 3 27 6 4 1 4 0 2 8 57 2 2 4 84 14 42 18 35 3 1 7 3 1 3 7 2 0 1 0 0 1 14 6 4 1 1 0 0 0 0 2 4 0 0 0 11 3 5 5 18 3 1 2 3 0 0 5 6 0 0 1 3 0 4 7 71 3 2 2 6 0 6 23 84 5 2 3 51 9 16 45 40 36 7 99 4 4 6 112 2 1 0 2 1 1 6 26 2 2 0 6 0 0 0 9 2 0 1 3 4 4 2 23 3 5 0 2 1 0 0 2 0 0 1 0 0 1 0 2 5 3 0 3 0 0 1 11 4 1 2 5 3 5 5 30 34 44 3 111 0 4 2 50 3 3 0 1 0 2 3 29 1 3 0 10 0 0 0 9 1 2 1 2 2 14 4 25 66 91 1 19 2 7 2 16 2 4 0 1 5 3 5 21 97 52 4 12 8 1 6 46 33 19 1 27 33 27 27 156 0
21149 74 52 30 75 9 35 45 33 8 5 3 55 3 56 42 53 12 6 3 13 1 5 1 46 12 4 2 201 14 119 37 44 4 0 1 14 2 1 2 4 0 2 0 8 3 3 0 19 4 1 0 5 4 0 1 23 3 3 2 95 9 61 6 51 7 8 6 4 1 4 2 3 1 0 1 3 0 6 1 5 1 1 1 0 0 0 1 3 0 0 2 8 1 12 4 15 7 3 2 9 1 3 1 0 0 0 1 7 0 4 2 7 0 3 0 0 2 1 4 10 3 0 1 17 4 12 17 35 42 4 43 3 2 7 41 3 3 1 2 2 1 2 24 6 12 1 3 1 2 2 3 0 3 0 7 1 7 4 14 6 7 1 5 0 0 0 1 0 0 0 1 0 2 0 1 2 4 0 2 0 4 0 4 3 4 0 6 2 11 3 7 35 143 8 135 4 8 3 35 0 1 1 5 1 2 6 15 3 8 2 8 1 1 0 2 0 3 1 3 5 24 2 49 27 71 5 48 8 4 3 9 2 2 1 6 3 6 0 8 5 18 2 13 2 6 4 16 4 9 0 13 15 33 11 104 22946 14 6 9 16 1 4 58 8 2 4 1 8 2 7 48 3 1 2 0 2 0 0 2 7 0 4 0 27 1 55 11 6 1 0 3 1 0 0 2 1 0 0 0 0 0 0 1 9 0 0 0 0 0 0 3 9 1 0 0 18 1 14 8 6 2 1 3 0 2 0 4 0 0 0 0 2 0 1 0 1 1 0 0 0 0 0 3 1 0 0 0 0 0 5 2 7 1 2 2 0 0 0 4 1 0 0 2 0 0 1 0 16 0 0 1 0 1 1 5 8 3 0 3 5 1 3 13 9 19 0 12 1 0 2 40 0 1 0 1 1 1 2 27 1 0 0 0 0 0 0 4 2 0 0 1 0 0 1 11 0 4 0 0 0 0 0 1 0 0 0 0 0 0 1 3 1 0 0 2 0 0 0 0 1 2 0 1 0 0 1 5 17 117 2 50 0 3 0 19 1 2 0 0 0 3 0 6 0 5 0 3 0 1 0 5 0 3 0 1 2 13 4 17 10 54 2 24 1 5 1 5 0 0 0 0 0 5 0 4 31 8 0 5 2 1 2 17 4 5 1 6 5 16 3 39 20500 51 60 19 50 3 22 13 30 6 4 2 35 5 33 21 65 16 5 9 16 2 1 2 52 11 8 4 192 10 115 14 67 9 8 4 8 0 5 0 7 1 2 0 13 0 1 1 49 6 5 1 6 0 0 0 59 8 1 3 204 9 55 5 86 12 10 6 10 1 9 3 6 1 2 2 5 2 6 2 6 2 0 0 0 0 0 0 5 3 3 2 7 0 7 5 48 5 5 0 15 2 4 0 6 0 0 0 12 1 9 2 29 4 0 3 5 1 3 3 35 5 0 3 47 9 14 7 29 31 3 30 5 0 1 11 0 0 0 4 0 3 1 7 4 10 0 7 0 2 0 2 2 7 0 6 4 2 1 12 10 11 0 2 1 1 0 0 0 1 0 0 1 1 0 0 6 18 0 3 1 0 0 2 1 9 0 7 1 13 2 13 67 139 14 126 5 9 5 24 2 5 0 5 1 6 5 11 8 14 2 17 3 3 0 8 1 5 0 20 1 37 5 70 70 145 8 65 8 4 11 13 0 2 1 3 3 3 9 18 54 46 4 18 1 8 5 8 14 33 1 28 25 71 18 133 22848 6 13 4 8 1 9 35 8 1 0 1 5 0 11 20 3 4 5 2 2 1 1 3 10 1 4 0 28 0 62 14 9 2 1 0 0 0 0 0 2 2 0 0 0 0 0 0 3 1 1 1 1 0 1 1 10 1 2 1 42 3 18 4 9 3 1 2 2 0 0 0 1 0 0 0 1 0 2 0 1 1 0 0 0 0 0 0 1 0 0 0 0 0 5 3 5 2 1 0 0 0 0 0 1 0 0 1 0 0 0 1 39 1 0 3 1 3 2 13 56 2 0 2 17 1 7 5 10 9 0 13 2 1 3 35 4 1 0 1 1 2 3 18 0 0 0 0 0 0 0 1 0 0 0 1 1 0 0 5 0 8 0 2 1 0 0 0 0 0 0 0 0 0 0 1 0 0 0 1 0 0 0 2 0 0 0 1 0 4 0 6 7 77 0 34 2 6 0 10 0 2 0 1 0 3 1 4 0 2 2 3 0 0 0 1 2 2 0 2 1 18 1 23 19 103 1 31 3 8 4 7 0 0 0 1 0 6 1 6 36 17 1 8 4 0 1 7 17 1 1 6 4 33 6 45 0
20560 30 76 32 48 8 25 42 27 7 4 3 33 0 36 63 66 5 7 2 6 0 7 4 49 3 14 2 136 8 151 31 69 9 9 1 11 1 1 1 4 0 1 0 9 1 2 2 38 0 1 2 6 0 0 3 52 6 2 2 189 9 73 17 29 7 12 6 2 1 1 1 2 1 0 1 2 0 1 3 3 0 0 0 2 0 2 1 0 1 1 1 13 2 10 4 32 4 2 4 3 0 3 3 1 0 1 0 3 0 4 3 31 4 0 1 3 3 2 8 39 3 3 7 26 3 19 25 30 32 7 47 2 7 7 49 5 1 1 1 1 0 1 18 5 3 0 2 0 1 2 9 0 0 1 2 0 8 3 26 5 8 1 2 0 2 0 3 1 0 0 1 0 1 1 1 4 1 0 2 2 0 1 7 0 2 0 4 4 10 1 28 26 118 12 135 1 11 3 42 4 7 2 3 2 6 3 23 1 10 2 14 0 1 0 8 5 8 2 8 7 55 12 86 32 165 1 67 4 13 1 19 2 2 0 3 4 12 3 17 34 30 0 18 1 4 2 20 10 23 2 18 25 87 16 159 21984 26 31 16 21 2 21 49 27 1 4 2 16 2 21 42 23 1 5 5 5 0 1 4 22 0 10 3 47 4 52 18 31 5 6 2 2 0 1 1 3 1 2 0 2 0 2 2 21 1 3 1 1 0 3 4 38 2 4 1 68 9 33 19 31 10 3 4 2 0 1 0 4 0 0 0 3 1 1 3 2 0 1 1 0 0 0 4 3 0 1 0 2 0 8 3 22 1 4 0 0 0 0 2 2 0 0 0 2 0 4 1 43 4 1 2 2 1 5 8 57 3 0 0 25 4 10 19 26 18 5 39 4 0 5 72 3 0 0 1 0 0 3 37 0 2 1 1 2 0 1 3 1 1 1 6 0 1 0 16 4 9 0 2 0 2 0 1 1 0 0 0 0 0 0 1 1 2 0 0 0 1 0 0 1 1 0 2 2 4 2 20 33 49 4 33 1 5 5 31 2 0 0 0 1 4 1 13 0 4 0 7 0 0 1 5 1 2 1 4 3 15 9 57 33 88 3 25 6 11 0 12 1 2 0 1 3 14 0 12 26 19 1 9 1 1 1 21 15 10 2 14 15 34 9 101 20311 52 63 33 56 5 35 72 44 4 10 5 36 3 89 72 45 4 4 3 7 2 6 2 35 3 8 1 108 5 173 35 78 7 8 4 1 5 3 2 4 0 0 0 11 1 4 1 26 2 2 1 6 0 0 2 47 8 5 1 90 12 50 17 64 3 9 8 1 0 1 5 3 1 0 1 2 0 8 2 7 0 3 2 0 0 1 0 2 0 2 1 10 3 14 5 25 1 2 6 2 0 1 0 2 1 0 0 4 0 1 8 60 3 6 5 4 1 3 7 76 4 2 1 36 7 33 33 31 43 4 54 6 6 2 53 3 0 0 4 1 2 1 15 2 1 0 10 0 0 0 5 2 2 0 1 1 4 3 28 7 8 0 5 0 2 1 3 0 1 0 1 0 3 1 2 10 1 0 5 1 3 0 3 4 3 0 1 1 13 3 7 46 165 12 125 2 4 1 30 2 4 2 2 2 4 0 14 2 9 0 17 2 0 0 3 2 1 3 11 5 41 9 76 67 166 2 66 4 7 1 20 2 3 0 2 5 17 7 21 75 39 1 19 5 7 4 26 27 23 4 14 32 101 20 152 22093 41 27 25 18 3 30 36 26 1 3 2 24 0 27 24 15 1 5 0 4 1 5 1 13 0 6 4 50 3 50 18 24 3 8 4 4 0 4 0 5 0 0 0 1 0 3 0 9 1 3 0 3 0 4 1 36 4 5 4 82 7 28 15 23 3 5 2 0 0 0 1 2 0 0 2 2 0 1 2 1 0 0 1 0 1 0 0 0 0 0 0 3 0 6 5 16 2 0 1 1 0 1 2 3 1 1 0 3 0 2 2 39 4 4 1 3 3 6 6 50 4 2 3 22 4 14 22 24 23 5 47 3 2 3 51 3 0 0 3 3 2 1 16 3 0 1 3 0 0 3 6 1 0 0 2 1 2 1 11 4 5 2 0 0 0 0 0 2 1 0 0 1 0 0 2 7 4 0 2 0 0 0 4 2 1 0 4 2 1 0 10 17 42 7 84 1 1 2 28 1 1 0 1 3 0 3 9 0 3 0 11 0 0 1 3 4 3 1 6 1 22 2 35 19 41 3 32 1 6 1 10 2 0 0 0 4 5 3 8 22 20 0 11 5 2 0 25 23 21 0 7 14 48 22 112 0
18754 102 74 50 79 12 53 66 52 8 9 2 53 9 57 131 64 3 7 1 13 2 12 7 44 4 14 3 324 12 327 56 87 6 32 5 7 0 1 1 6 1 2 1 3 0 6 1 40 0 3 0 6 1 2 4 58 6 3 2 188 7 119 17 68 18 10 8 4 0 4 3 6 1 2 0 5 0 4 7 8 1 0 1 0 0 0 0 2 2 1 0 11 2 13 7 39 6 5 1 0 2 2 3 2 1 1 0 3 0 2 6 78 7 3 4 5 2 0 19 47 5 4 6 47 4 18 33 52 69 5 83 7 3 9 66 11 1 0 1 4 1 3 34 6 3 0 4 0 1 0 5 3 0 0 0 2 8 1 18 7 4 4 1 0 0 0 4 0 0 2 2 0 3 0 3 10 2 0 4 1 0 2 4 1 5 1 3 3 5 2 16 69 379 9 305 6 13 4 53 2 2 0 6 4 6 1 21 3 8 1 9 2 2 0 4 1 1 1 7 10 73 3 63 44 245 7 99 4 8 3 23 1 4 0 0 1 3 4 20 103 48 3 19 7 2 5 45 31 19 0 18 19 64 18 143 19474 60 80 37 52 7 38 82 47 4 8 7 59 7 56 70 41 6 7 3 5 1 12 5 47 5 9 4 253 15 213 66 68 6 21 6 8 0 2 4 3 1 3 0 7 2 2 1 34 5 3 2 7 0 5 3 61 5 3 2 185 8 74 19 51 7 13 8 5 1 3 6 10 3 0 0 2 0 4 5 8 1 0 0 2 0 0 1 4 2 2 1 4 1 6 9 53 4 3 5 1 1 3 5 5 1 0 0 4 0 4 1 81 6 1 3 6 1 6 19 94 8 2 9 30 3 19 26 49 49 8 64 3 9 11 101 2 5 1 3 2 4 4 55 2 6 1 5 1 0 1 6 3 0 0 7 3 10 4 37 20 11 3 3 1 1 0 2 0 1 0 0 0 1 0 3 6 3 0 4 0 2 0 8 2 2 0 3 1 4 4 16 52 231 10 181 4 7 3 54 1 0 0 3 3 10 3 31 5 16 0 11 2 3 1 3 3 7 0 2 7 57 7 88 45 185 3 73 7 9 5 34 3 3 1 6 0 7 3 21 38 38 0 17 3 7 3 37 26 19 2 18 17 79 7 158 19875 73 50 30 70 5 39 48 46 7 8 6 47 2 40 29 87 2 9 3 13 0 5 4 58 0 8 3 239 8 171 21 105 7 23 2 6 0 2 0 8 0 3 0 7 0 6 0 63 0 2 2 7 0 3 1 55 0 5 2 294 14 67 13 77 24 8 2 1 0 5 4 5 0 0 0 2 0 3 2 18 1 1 0 5 3 0 0 7 3 0 0 15 0 9 5 61 5 5 2 2 0 0 0 7 0 1 0 5 0 3 2 85 9 1 2 2 0 2 4 69 2 3 1 51 3 14 13 37 48 5 62 3 4 3 31 7 2 0 2 1 2 2 6 4 0 0 2 0 0 0 3 3 3 0 1 4 9 2 5 10 4 5 1 0 2 0 0 1 0 0 0 0 0 0 0 9 3 1 2 0 0 0 1 3 0 1 1 3 9 2 6 48 204 14 233 1 6 1 16 1 4 0 2 0 8 2 6 6 14 0 13 1 9 1 2 8 6 0 13 5 42 9 65 41 193 6 41 2 7 1 10 2 2 2 3 3 3 5 8 72 45 4 11 5 5 3 21 34 26 1 18 25 81 21 116 20987 19 28 28 46 4 34 103 29 1 4 0 50 3 60 94 16 1 2 2 5 1 2 6 19 3 2 4 164 4 135 25 27 4 6 1 0 0 1 2 4 0 0 0 2 0 1 0 18 3 2 2 4 0 1 1 38 3 1 1 109 6 31 15 17 7 2 4 0 0 3 1 1 0 0 0 3 0 1 3 5 1 0 0 1 0 0 0 1 0 0 0 1 0 1 2 20 3 1 0 1 0 0 1 1 1 0 2 2 0 0 1 62 0 1 1 3 2 1 9 116 4 1 1 28 4 17 25 19 43 1 62 3 4 3 104 3 1 0 2 0 4 3 24 2 2 0 5 0 0 1 6 0 2 0 0 2 6 2 9 3 3 1 2 0 0 0 0 0 0 0 0 0 0 1 0 1 0 0 1 1 0 0 3 1 1 0 1 0 5 0 8 22 219 3 153 2 4 2 36 0 3 0 0 0 2 1 11 1 6 0 11 0 2 0 5 3 8 0 2 1 36 3 30 24 170 6 71 1 3 1 17 1 2 0 1 0 3 4 8 73 28 0 19 6 3 2 23 45 21 2 11 16 38 5 88 0
19995 70 65 58 55 10 42 82 21 2 4 3 44 6 49 68 39 5 8 3 9 0 6 8 48 2 2 3 251 8 231 37 62 8 19 3 7 1 4 6 6 0 1 0 7 2 0 1 33 2 2 2 1 1 3 0 29 2 5 2 126 5 56 14 48 7 6 11 5 0 2 6 3 0 0 0 2 0 4 6 6 2 1 0 0 0 1 1 3 0 2 1 10 0 11 6 48 4 1 5 5 1 0 2 2 0 0 0 4 0 1 2 53 10 5 3 3 1 2 13 45 4 0 1 21 2 19 18 40 50 6 73 2 5 3 82 2 2 0 4 1 0 1 28 3 0 0 4 0 0 0 3 1 3 1 1 3 5 2 20 4 11 1 3 0 2 0 3 0 1 0 0 2 1 1 0 5 5 0 1 0 0 0 3 2 1 0 3 3 1 4 12 46 286 6 255 3 13 3 60 1 4 1 3 1 10 0 21 4 13 1 9 0 2 0 5 2 8 0 7 1 66 8 61 47 181 1 100 4 5 1 23 4 3 0 1 3 5 1 5 40 40 1 14 1 7 1 21 26 14 0 15 21 65 11 91 21471 23 46 24 41 3 36 40 26 0 2 1 42 3 48 47 17 2 3 0 5 0 6 1 35 5 8 3 151 15 118 41 36 2 10 3 8 1 3 0 6 0 0 1 9 0 2 2 22 1 3 1 5 0 1 4 45 2 3 3 135 9 63 23 19 2 3 6 2 0 1 2 3 0 0 0 1 0 1 2 1 0 1 0 0 0 1 1 3 0 0 1 6 2 12 1 18 2 2 3 1 0 1 2 0 0 0 0 1 1 2 4 30 3 0 0 1 0 0 15 29 1 0 3 42 2 14 24 22 31 2 34 1 7 3 45 7 2 0 1 2 2 1 23 1 1 0 2 1 0 1 2 0 3 0 1 1 8 2 13 6 6 0 3 0 0 0 0 0 1 0 0 1 1 0 1 2 3 0 2 0 0 1 1 1 3 0 0 2 6 1 12 27 109 9 78 2 8 3 32 1 5 0 4 0 3 3 16 1 7 1 10 1 0 0 10 2 5 1 12 5 30 5 50 20 74 3 46 2 2 2 12 2 3 0 3 2 2 2 9 36 13 0 9 0 3 1 22 11 13 0 8 15 48 11 105 20376 49 46 23 33 4 27 21 26 1 3 3 36 3 53 26 80 1 1 5 6 0 4 2 59 2 2 1 177 10 112 26 62 5 10 3 6 0 4 2 3 0 1 0 8 0 2 1 65 3 2 0 5 0 0 2 71 1 3 3 182 10 51 12 98 8 6 7 5 0 1 5 6 1 0 1 3 0 2 4 16 2 0 0 1 0 2 0 11 2 0 0 11 1 7 3 73 7 1 3 2 0 2 3 7 0 0 1 3 0 1 0 124 6 1 5 8 2 5 6 112 7 3 4 53 1 18 21 35 42 4 27 1 2 0 16 4 0 0 0 1 0 2 11 6 2 1 4 0 1 1 1 2 3 0 2 1 4 4 13 4 6 0 2 2 1 0 0 0 0 0 1 0 0 0 1 3 2 0 1 0 0 1 1 4 2 0 1 1 6 1 7 57 197 12 197 4 5 2 13 2 3 0 2 1 1 2 9 9 9 0 9 1 2 0 2 4 6 1 7 1 45 10 40 77 175 0 51 4 2 0 9 1 5 1 2 0 2 1 10 119 60 2 20 6 2 4 16 36 23 3 10 27 45 16 93 22228 17 27 16 7 2 12 83 18 0 2 1 12 0 9 23 11 0 6 1 0 0 1 2 5 0 4 0 67 0 85 8 26 5 6 1 1 0 1 0 1 0 0 0 1 0 0 0 16 1 0 1 1 0 0 1 34 2 1 1 67 5 22 6 13 1 1 0 0 0 3 2 2 0 0 0 3 0 5 3 2 0 0 1 0 0 0 1 0 0 0 0 0 2 11 1 9 2 1 2 2 1 0 0 0 0 0 0 2 0 0 0 39 1 1 1 2 0 2 19 68 2 1 0 22 2 11 13 17 14 1 28 1 1 4 111 1 3 0 1 0 1 1 12 0 1 1 2 0 0 0 1 1 2 0 3 0 0 0 2 1 8 1 1 0 0 0 0 0 0 0 0 0 0 1 2 1 2 0 0 1 0 1 1 0 2 0 1 1 2 0 6 18 78 1 84 1 2 4 19 1 1 0 0 2 2 1 7 1 4 1 11 0 1 0 0 1 2 0 8 5 20 9 42 28 111 0 43 0 4 1 8 0 2 0 0 0 4 0 7 52 26 1 8 2 0 1 14 15 9 0 10 7 39 6 63 0
19915 39 112 44 44 7 34 95 27 2 5 3 34 2 79 68 29 2 18 2 2 1 3 6 31 3 16 2 247 12 370 35 89 17 17 3 4 1 2 2 4 0 1 0 5 1 2 2 29 5 6 0 3 1 1 5 34 2 1 1 142 8 65 9 32 7 7 4 2 1 1 3 5 1 0 0 5 0 4 5 5 0 0 1 0 0 0 1 2 1 0 0 9 1 12 5 33 2 1 3 2 0 0 3 1 1 1 0 2 0 0 6 32 4 1 1 5 1 3 13 26 3 3 3 16 5 11 14 28 40 6 62 5 3 4 72 2 1 0 0 1 4 0 25 0 2 1 4 0 1 0 2 2 0 0 1 3 10 3 25 7 15 0 4 0 0 0 0 0 0 0 0 0 0 0 0 2 3 0 1 0 1 0 3 1 1 0 1 1 5 3 6 31 259 9 251 2 12 4 42 1 2 0 2 0 14 2 33 2 9 0 9 3 4 0 3 1 9 1 8 7 108 13 95 56 166 3 72 4 18 0 22 0 3 0 0 2 6 1 21 45 28 0 15 6 4 2 16 13 18 0 5 21 84 9 131 21659 18 37 29 17 7 18 56 24 4 4 2 16 5 44 78 24 2 1 0 6 1 0 4 18 2 5 3 97 5 71 21 42 5 14 1 1 1 2 2 3 0 0 1 8 0 2 0 17 0 1 2 0 1 2 2 40 3 2 2 99 12 32 14 21 4 7 3 0 1 1 2 2 1 0 1 1 0 3 7 4 0 0 0 1 0 0 2 2 0 0 0 3 1 7 6 18 1 1 1 1 1 0 2 0 0 1 2 0 0 1 1 43 4 0 2 3 1 2 16 46 5 0 0 19 3 14 10 31 17 3 35 1 2 2 47 4 0 3 0 1 1 0 34 3 3 0 2 0 0 0 3 3 4 0 2 2 3 1 15 1 5 1 1 1 1 0 0 0 0 0 0 0 0 0 2 2 0 0 4 2 0 1 3 3 1 0 5 0 7 2 9 28 107 3 129 1 5 3 26 0 0 0 0 2 7 1 14 1 3 0 7 0 1 0 5 2 4 1 7 3 40 6 69 32 91 1 50 2 7 1 19 3 2 0 2 1 2 4 18 28 17 2 3 5 2 2 19 8 7 1 9 11 47 13 105 20155 43 59 26 50 8 41 32 36 2 5 2 34 3 35 19 67 5 11 3 9 0 0 6 50 3 9 1 272 5 136 21 81 4 25 2 11 1 2 0 4 0 3 0 5 3 3 1 40 0 4 1 5 2 1 0 55 5 3 3 301 9 57 10 61 8 13 4 4 1 1 3 2 2 0 1 2 0 1 5 14 1 2 0 1 0 0 1 9 0 6 0 14 0 9 4 35 6 1 3 2 0 0 0 1 1 0 1 2 0 0 2 86 1 0 1 2 1 3 5 107 2 0 3 47 5 16 24 29 28 8 29 0 1 1 25 3 1 0 1 3 2 1 14 1 1 2 6 1 1 3 4 1 0 0 0 2 3 0 11 6 4 1 3 0 1 0 0 0 2 0 1 0 2 0 3 3 3 0 1 2 1 0 3 3 1 0 1 3 3 2 21 53 214 7 154 1 9 1 19 2 4 0 2 1 5 4 13 8 13 1 10 1 1 0 10 1 7 2 10 5 68 16 61 45 266 0 61 1 7 1 12 0 2 1 1 2 4 5 15 94 42 4 19 5 5 3 17 33 14 1 9 25 61 9 95 21948 13 37 22 11 0 20 59 18 2 5 1 14 4 35 34 10 2 0 3 4 1 4 2 14 0 1 3 78 5 54 21 21 2 19 1 1 0 1 1 3 0 1 0 5 0 3 0 11 0 2 0 1 1 0 4 32 1 4 1 111 4 35 10 11 7 6 1 0 0 2 0 1 0 0 0 1 0 1 3 2 1 0 0 0 0 1 0 2 0 0 0 4 0 3 3 22 2 2 0 1 0 1 4 0 0 0 0 2 0 1 0 40 2 0 2 0 0 1 13 68 2 1 1 19 1 17 29 19 25 4 23 1 0 1 45 4 2 0 1 3 1 1 24 0 5 0 7 0 0 0 4 2 2 1 2 3 3 1 13 4 2 1 3 0 0 0 1 0 0 0 0 0 0 0 1 0 3 0 1 0 0 0 3 2 0 0 1 0 3 2 11 12 139 2 94 2 3 3 11 2 1 0 1 1 4 1 12 3 5 0 4 0 1 0 3 1 2 1 4 6 34 4 45 40 88 3 43 2 6 2 7 0 0 0 2 1 4 0 11 58 27 1 4 5 4 3 20 17 14 1 7 17 43 7 76 0
20124 38 93 30 41 8 44 62 29 2 11 1 38 4 70 84 39 4 6 3 5 0 5 5 19 3 12 2 159 6 267 48 83 6 12 1 3 1 2 3 3 0 0 0 3 2 5 0 38 3 2 1 4 0 2 5 32 10 2 1 103 17 65 22 33 4 9 4 7 1 4 8 5 1 1 1 4 0 7 5 4 0 1 1 0 1 1 0 5 0 0 2 6 5 17 6 45 8 4 6 2 0 1 2 2 0 0 0 4 0 3 1 33 1 1 1 3 0 1 7 41 4 1 3 22 5 11 22 23 35 4 63 4 5 9 73 4 1 0 0 4 2 1 25 4 2 1 8 0 0 0 6 0 1 0 6 3 14 1 18 9 13 0 5 3 1 0 2 0 1 1 0 1 0 0 2 3 2 0 3 0 0 0 3 1 1 0 8 5 6 2 28 39 157 14 214 0 5 8 43 3 2 0 2 3 6 4 11 1 9 0 17 0 0 0 8 1 4 1 19 8 62 9 99 43 235 1 71 4 10 2 13 2 3 0 3 6 10 9 28 24 31 3 15 6 8 1 18 14 15 1 17 18 96 16 170 21796 14 45 21 17 5 21 33 28 3 1 1 17 2 30 26 15 0 1 0 3 0 0 2 14 0 0 0 81 6 89 20 48 5 9 3 6 0 2 1 3 1 0 0 4 1 3 2 32 1 0 0 7 0 1 5 47 2 3 2 93 8 29 19 16 5 2 5 0 1 2 3 2 0 0 0 0 1 4 3 4 0 1 0 0 0 0 0 1 0 0 0 1 4 9 4 18 4 0 1 1 0 0 5 2 0 0 2 0 0 2 1 52 0 3 2 6 0 1 31 55 4 1 1 15 3 12 19 34 16 3 23 1 2 3 42 2 1 2 1 2 2 0 21 0 1 0 3 0 0 0 4 0 1 0 2 1 4 1 13 4 3 0 1 0 1 0 0 0 1 0 1 1 1 0 1 4 0 0 0 0 0 2 2 3 0 0 4 1 6 0 9 22 75 6 98 0 5 1 18 2 1 3 2 1 6 1 8 1 4 3 10 0 1 1 3 2 6 0 9 5 41 6 55 33 51 4 30 2 2 2 13 2 2 0 1 2 1 3 15 66 15 3 10 3 1 3 33 21 14 1 17 16 59 8 133 20261 35 64 26 49 2 34 28 43 2 6 4 30 5 36 25 51 3 10 2 9 1 3 5 33 2 4 1 159 7 125 22 83 8 16 4 9 4 1 3 4 2 1 2 12 1 6 2 35 4 3 3 8 0 2 2 51 4 5 2 201 12 56 14 81 11 4 5 7 1 1 3 2 0 2 1 2 1 4 5 15 2 2 3 1 2 1 2 13 1 3 1 9 3 14 4 52 3 5 5 1 1 4 3 13 2 1 0 1 1 2 1 83 5 2 4 3 2 3 15 70 8 6 3 31 11 21 23 49 28 3 26 7 2 5 29 8 2 0 1 4 3 3 14 2 1 1 4 0 2 0 6 2 0 2 4 5 7 2 14 6 5 3 2 0 0 0 4 0 0 1 0 2 1 0 4 8 1 0 2 2 1 1 6 4 0 0 5 5 15 3 20 43 101 9 146 3 7 2 17 3 1 0 2 2 7 1 17 12 14 2 23 0 2 2 4 2 14 3 15 12 66 12 86 58 178 3 52 3 8 2 13 2 6 0 6 7 7 2 15 90 37 4 16 7 7 9 27 31 24 0 30 15 82 22 161 22157 15 38 20 13 4 11 57 10 0 3 0 10 1 29 67 9 0 5 3 1 0 3 2 11 1 4 0 56 1 66 11 31 2 18 4 0 1 1 3 7 0 0 0 4 0 1 1 4 0 0 0 4 0 1 1 24 1 0 0 62 6 20 7 4 2 3 0 2 0 3 3 0 0 0 0 0 0 1 3 3 0 0 2 0 0 0 1 7 0 0 0 2 0 5 4 10 1 3 0 1 0 1 4 0 1 0 0 0 0 0 2 37 4 1 2 2 0 3 7 30 3 1 4 16 3 11 17 14 20 0 34 0 4 2 83 3 0 0 1 0 3 1 27 1 1 0 1 0 0 0 4 0 1 0 1 1 3 1 7 4 8 1 0 0 2 0 2 0 0 0 0 0 1 0 0 3 0 0 0 1 0 0 2 1 2 0 0 1 2 2 9 20 117 6 86 0 4 0 24 0 1 0 3 0 11 2 13 0 3 0 10 0 0 0 5 2 4 0 8 3 32 10 39 30 71 1 33 1 7 0 9 1 1 0 0 1 8 2 10 32 25 0 10 2 7 1 12 23 9 0 15 2 40 6 93 0
20790 58 21 34 71 8 53 214 66 5 4 11 42 3 28 123 85 2 2 1 15 0 2 5 31 2 3 5 70 1 44 30 46 3 9 0 3 1 2 2 12 1 1 1 2 0 3 2 38 0 1 2 3 0 2 2 41 1 1 3 59 7 25 11 80 11 7 2 2 1 0 3 5 1 0 0 1 0 0 8 11 0 1 0 1 0 0 1 3 0 1 0 2 2 0 2 38 2 0 4 3 0 0 4 14 1 0 0 1 0 0 4 149 5 3 5 5 3 3 34 103 12 6 7 18 8 8 51 58 40 6 43 6 3 6 84 18 3 1 2 2 2 3 51 12 0 1 2 2 0 2 9 3 0 1 2 3 3 2 11 2 3 0 1 0 0 0 2 3 0 0 0 0 0 1 3 5 0 1 1 0 2 1 8 2 3 0 3 0 3 2 19 40 84 3 70 2 3 4 32 1 1 0 0 0 3 0 15 5 2 1 3 2 1 0 2 3 1 1 2 3 12 2 25 44 50 2 41 2 2 1 7 3 3 0 3 0 4 2 10 78 20 1 12 4 7 8 39 44 15 2 20 13 19 16 139 21159 20 15 14 22 4 19 104 84 3 4 5 23 2 32 84 58 3 1 2 2 0 1 6 27 1 6 4 29 4 19 20 32 4 1 0 3 0 0 2 6 1 0 0 2 0 0 7 58 1 2 2 4 0 1 8 69 2 2 0 25 2 15 11 45 1 3 0 1 0 0 7 4 0 0 0 2 0 2 6 7 0 0 0 0 0 0 0 2 1 1 1 6 0 4 6 48 0 1 0 1 0 0 9 6 1 1 1 0 0 1 5 249 2 0 2 11 0 0 83 206 8 3 7 23 5 6 79 68 17 3 14 3 5 1 74 27 3 0 1 4 0 3 65 3 2 2 0 0 0 1 4 4 0 0 0 0 0 1 10 3 3 0 0 1 0 0 2 0 0 0 0 0 0 0 2 5 0 0 0 1 1 0 6 5 0 0 0 1 0 0 15 25 54 0 23 2 1 0 11 0 1 1 2 1 0 1 7 3 1 0 2 1 0 1 6 2 2 1 0 3 8 4 26 46 67 2 18 1 3 2 15 1 3 0 2 0 1 1 19 119 15 3 15 6 5 2 61 72 8 2 8 13 22 17 137 20955 85 42 60 81 16 38 171 65 15 6 7 39 3 28 83 75 4 4 2 13 0 4 4 49 0 5 1 102 0 60 8 24 3 9 1 2 1 0 1 1 0 1 0 4 0 0 1 30 2 0 4 0 0 2 3 36 1 1 1 64 1 19 10 77 13 2 2 2 0 1 6 5 0 2 2 1 0 4 10 6 1 0 0 0 0 0 0 5 0 0 2 3 0 10 2 45 3 1 3 0 1 0 5 7 0 0 1 2 0 1 9 79 4 1 7 2 1 1 23 84 6 1 1 30 3 5 35 60 43 7 47 13 3 6 105 24 7 0 5 4 5 4 46 10 1 1 1 2 1 4 9 0 0 0 2 1 1 0 8 9 5 3 4 0 2 1 2 0 1 0 0 0 1 1 2 13 1 0 0 2 1 2 10 2 2 0 3 0 5 1 9 49 58 6 47 0 3 2 20 3 1 0 2 1 1 1 20 3 3 2 5 1 0 0 5 1 1 1 6 0 19 4 16 45 59 2 30 4 4 0 10 4 2 0 3 0 4 5 9 60 34 1 13 4 3 9 43 36 6 1 18 6 31 6 130 21079 49 30 56 70 10 73 278 71 7 4 5 46 5 88 251 24 0 3 0 2 0 1 3 34 2 3 1 56 2 50 26 26 3 1 0 3 0 2 0 2 0 0 1 5 2 1 4 20 2 1 0 0 1 1 2 16 2 2 1 41 3 22 7 23 4 3 1 3 0 0 3 1 0 0 0 0 0 0 0 4 0 1 0 0 0 0 2 2 1 0 0 2 0 4 2 13 3 0 1 0 0 0 7 2 1 1 1 1 0 0 2 84 2 2 6 5 1 8 76 67 7 0 1 16 3 8 80 47 32 5 56 0 2 4 108 22 3 1 0 5 5 1 86 2 2 0 2 0 0 1 3 1 0 0 0 0 1 3 11 2 2 0 2 0 1 0 4 0 0 0 0 0 0 0 3 3 4 0 0 1 0 0 3 4 2 0 1 0 6 4 6 18 64 5 59 1 4 1 14 1 1 0 1 2 2 1 8 3 0 1 6 0 0 0 1 1 1 0 2 0 14 3 23 19 24 1 17 0 4 0 8 1 1 0 2 0 2 0 6 69 10 1 12 2 3 2 49 50 6 1 11 9 30 8 139 0
19895 55 82 31 67 6 35 66 34 2 14 3 67 2 75 68 88 1 11 0 15 0 8 0 57 1 17 4 217 5 265 36 84 8 17 8 12 0 4 1 2 1 1 0 15 0 4 2 36 2 4 2 10 1 4 3 40 2 6 0 132 7 72 14 63 13 11 2 1 0 1 1 4 0 0 1 1 0 3 5 7 1 0 0 1 0 0 0 2 0 0 1 4 2 9 8 35 3 6 3 2 0 0 1 3 1 0 0 4 0 1 6 67 0 1 1 1 0 0 7 68 2 0 1 25 3 17 14 22 54 4 37 3 2 2 46 0 1 0 0 1 1 0 26 4 3 0 0 1 0 0 1 0 0 1 0 2 4 2 13 9 9 0 2 1 0 0 0 0 0 0 0 1 1 0 2 4 0 0 1 0 0 0 2 4 5 1 2 6 8 2 7 59 295 11 194 4 4 0 24 2 3 0 3 0 3 2 14 3 4 0 4 1 0 0 2 2 3 1 1 7 70 8 88 64 226 4 98 2 8 1 10 0 5 2 0 1 9 2 15 64 25 2 9 2 4 1 18 18 13 1 13 13 68 12 176 21311 45 51 22 45 3 20 40 31 2 4 5 29 0 31 34 62 1 1 0 3 0 3 0 34 3 5 3 117 4 64 34 56 2 12 1 7 1 4 2 9 0 0 0 11 0 1 0 38 1 2 0 5 1 2 2 71 1 2 0 95 5 48 10 46 5 6 7 2 1 2 2 3 0 0 0 2 0 3 5 5 0 0 0 1 0 1 0 1 0 0 0 3 1 6 7 33 0 2 2 1 0 0 2 16 0 0 0 1 1 3 7 104 2 3 3 0 1 0 31 66 1 1 1 14 3 10 26 32 23 4 25 3 1 7 18 11 1 0 0 1 1 1 36 3 1 1 1 2 1 0 1 2 0 0 2 2 4 3 7 3 7 1 3 1 0 0 1 0 1 0 0 1 0 0 1 6 2 0 0 0 0 0 1 3 2 0 3 1 3 3 9 29 128 3 113 0 5 3 20 0 5 0 1 0 4 0 13 3 6 0 7 0 2 0 2 0 9 1 6 1 39 6 46 37 48 1 40 1 3 2 8 4 3 0 0 1 3 3 15 61 18 1 14 8 6 2 26 47 8 1 11 11 51 13 145 20016 77 58 33 77 3 28 27 47 7 19 5 53 4 50 44 138 4 11 4 16 1 6 5 68 1 5 1 173 4 117 19 77 11 25 3 10 4 3 1 8 2 0 1 10 4 0 1 91 4 4 3 2 1 1 4 96 3 6 0 127 2 63 11 94 18 13 5 5 0 4 4 7 0 0 3 3 0 3 5 17 1 1 2 1 1 0 1 8 1 2 1 8 1 10 3 66 5 1 1 1 0 2 2 3 1 1 2 4 3 4 4 107 4 2 3 5 0 1 8 107 4 1 5 30 4 15 26 43 54 9 48 2 4 2 24 1 1 0 1 1 1 0 9 2 2 1 1 1 0 2 7 0 1 3 3 1 4 2 7 6 12 2 5 2 3 1 4 0 1 0 1 0 2 2 5 11 3 1 4 3 0 2 6 3 1 1 3 1 12 2 20 61 157 15 151 2 4 2 16 4 1 2 1 1 3 1 15 7 7 1 20 0 0 3 2 4 2 0 14 7 52 11 73 71 88 4 53 4 5 2 9 5 2 1 12 1 2 3 21 66 27 2 6 10 5 10 22 29 16 8 21 20 57 19 190 21603 55 64 46 49 7 34 81 33 3 6 5 36 2 55 93 15 1 3 1 7 0 1 5 19 1 2 1 77 3 110 10 32 2 16 3 1 1 2 2 6 1 1 1 1 0 3 1 10 1 1 0 2 1 2 2 25 1 3 1 46 5 36 10 22 7 5 5 2 1 2 1 1 1 1 1 2 0 2 2 2 0 0 1 0 0 0 0 0 0 0 0 2 0 4 2 17 4 2 0 1 0 0 1 6 0 0 2 2 0 0 5 25 1 1 5 0 0 4 15 40 1 0 6 19 5 6 39 22 54 4 60 9 3 6 63 6 2 1 3 0 0 4 24 5 0 1 2 2 0 1 10 2 0 0 1 0 2 1 6 2 1 1 1 0 0 1 0 0 0 0 0 0 0 1 3 7 1 0 0 0 1 2 2 2 2 0 3 2 4 2 17 17 86 12 82 2 7 1 19 2 1 0 2 0 4 2 11 2 2 1 7 1 1 1 3 1 1 1 2 2 41 6 55 18 67 2 37 1 9 0 12 2 2 0 1 1 8 4 11 29 8 2 5 2 2 2 22 15 13 1 12 9 44 12 132 0
19032 52 53 22 55 3 25 57 58 1 9 4 36 2 47 69 92 4 8 1 11 0 3 5 67 4 7 2 216 8 115 32 128 6 27 4 7 2 1 1 5 1 2 0 13 0 2 1 82 3 4 2 4 0 6 3 129 3 2 1 311 8 85 20 112 7 3 1 1 1 1 5 3 0 0 0 0 0 0 7 12 2 1 0 1 0 0 0 4 0 2 0 9 4 6 4 89 5 5 0 1 0 0 0 5 0 0 1 3 0 1 2 225 4 3 0 6 0 3 24 161 11 0 3 51 4 19 44 54 24 7 31 4 5 0 49 2 0 0 2 1 1 2 19 1 2 1 2 0 0 0 3 1 2 0 1 2 8 2 12 14 15 0 1 0 0 0 2 1 0 0 0 0 0 0 0 10 2 0 3 0 1 0 5 3 2 0 3 2 13 0 17 74 200 6 111 1 3 4 19 2 5 0 1 4 3 1 14 3 7 0 18 0 3 0 9 4 4 2 11 8 77 11 70 145 291 3 86 2 9 1 13 2 0 0 2 2 5 8 10 204 53 2 10 3 7 6 38 52 21 1 20 21 97 19 170 15842 42 78 63 56 1 67 253 94 10 6 1 76 6 119 275 94 1 4 2 9 0 4 10 98 3 6 1 386 8 220 59 122 1 50 3 6 3 3 3 8 0 1 0 2 0 7 2 106 2 11 3 4 0 12 14 145 2 4 2 292 3 162 31 82 13 8 11 1 0 2 7 5 0 0 0 0 0 0 5 7 0 0 1 0 0 1 1 10 0 1 1 6 7 8 2 97 7 8 21 3 0 1 16 4 0 1 0 0 0 2 6 353 5 2 8 4 3 15 99 222 7 1 8 60 4 24 92 116 75 4 98 3 6 5 228 30 2 1 4 11 3 3 150 4 0 2 1 0 1 0 10 5 6 0 1 8 12 5 32 10 7 1 1 2 0 0 3 2 0 0 0 0 0 0 0 6 3 0 0 0 2 0 8 6 1 0 2 1 2 1 16 94 444 3 229 3 10 1 76 3 8 0 4 1 7 2 37 6 16 1 7 1 4 0 6 10 19 1 3 9 134 1 146 175 302 8 184 3 7 1 25 7 1 0 3 1 3 2 16 230 54 4 20 2 9 3 120 122 34 4 10 28 139 10 266 19031 113 108 101 117 14 74 240 52 5 11 8 61 7 144 253 40 2 10 1 10 1 5 4 28 0 4 2 199 5 312 58 54 6 27 2 10 1 3 1 5 1 0 0 7 1 6 5 20 1 5 0 2 1 8 2 27 3 2 3 123 11 87 19 67 2 11 6 4 3 1 7 2 0 0 0 3 0 5 7 4 1 0 0 2 0 0 1 2 0 0 0 4 1 12 4 27 3 2 5 1 0 1 4 2 1 0 0 3 0 0 12 66 2 0 2 6 2 7 22 49 2 1 5 37 4 17 37 53 71 15 123 2 4 8 199 5 3 2 4 0 1 2 50 1 0 0 5 1 0 0 6 0 2 0 0 1 7 2 19 4 6 0 5 0 0 0 1 1 0 0 0 1 0 2 3 4 0 0 1 0 1 1 1 1 2 0 5 2 8 2 18 34 187 7 279 2 4 3 57 2 2 0 1 3 8 0 13 5 6 4 8 0 1 1 5 0 5 0 6 1 83 5 71 43 85 1 73 1 8 1 18 2 1 0 4 3 6 5 20 60 42 4 12 9 2 5 25 17 19 1 19 8 54 12 179 15584 59 138 95 88 17 119 444 110 5 13 4 85 7 187 249 55 1 5 1 6 0 8 8 93 2 4 2 360 6 262 72 71 6 37 7 2 1 7 3 10 0 1 0 6 0 3 2 62 0 5 4 3 0 5 6 131 2 3 0 270 11 142 34 50 11 3 3 2 1 3 9 3 0 0 1 2 0 2 1 2 0 0 0 1 0 0 4 3 1 1 0 6 0 6 7 67 3 3 8 0 1 1 5 5 0 0 0 1 1 0 3 326 4 2 9 5 2 5 83 245 5 0 2 113 4 42 85 111 117 9 192 3 4 9 259 26 5 2 4 3 12 3 133 5 3 0 3 0 0 1 8 5 2 0 1 3 11 1 42 8 1 3 4 0 1 0 2 0 1 0 1 0 0 1 3 5 2 0 0 1 0 1 1 2 1 0 1 3 6 4 10 95 375 5 314 1 10 2 92 4 8 0 2 0 12 1 41 8 13 0 6 1 5 0 3 4 10 0 5 4 112 8 120 147 220 3 156 2 5 0 36 5 2 0 1 1 6 0 12 283 109 2 60 2 6 4 110 180 51 2 12 38 102 13 184 1
19415 59 56 26 49 7 26 45 48 7 11 3 32 3 34 42 89 2 6 3 10 0 5 5 50 2 5 5 216 7 71 49 113 7 22 2 7 0 4 0 10 0 1 0 6 1 5 3 62 1 4 1 6 0 3 1 108 2 4 1 297 4 82 26 90 6 7 4 3 2 3 3 5 0 0 0 3 0 2 8 7 1 0 0 1 0 0 0 4 2 0 0 3 3 8 2 78 7 7 4 2 0 4 4 8 0 0 0 3 0 0 2 169 5 3 2 4 0 3 20 215 5 1 8 37 9 19 42 46 38 11 29 2 1 4 28 3 1 0 1 2 1 1 23 10 3 0 3 0 0 0 9 0 2 1 0 2 7 2 15 10 10 0 3 2 0 0 1 0 0 1 0 0 0 1 0 7 1 0 0 1 0 0 9 1 2 0 4 4 5 3 15 67 221 5 76 1 8 4 21 2 4 0 6 2 9 0 18 5 12 2 15 0 0 0 2 3 16 0 12 7 49 6 48 113 261 4 103 1 7 0 15 2 5 0 3 2 6 3 18 161 44 2 18 9 11 3 45 45 17 0 15 17 67 19 168 16376 38 90 55 31 2 65 249 92 4 6 3 55 6 117 254 74 1 3 1 6 1 3 6 75 2 3 2 300 6 192 82 132 4 36 7 5 2 7 5 8 0 0 0 8 0 3 3 104 2 7 2 5 0 3 12 132 4 5 1 314 6 122 36 85 14 9 4 1 0 2 12 6 0 0 0 1 0 2 4 11 0 0 1 0 0 0 3 7 1 0 2 11 2 5 8 97 4 9 7 2 2 2 6 9 0 1 1 4 1 2 4 333 1 6 5 10 2 6 68 220 11 2 3 71 9 37 80 81 70 3 136 2 3 6 246 18 3 0 3 4 2 2 143 5 5 1 4 0 0 0 6 6 5 1 2 5 6 0 37 9 8 2 1 0 0 0 1 0 0 1 0 2 0 0 2 7 1 0 1 2 1 1 5 4 2 1 6 5 6 5 14 100 348 6 232 1 8 3 76 3 4 0 1 1 12 0 48 8 10 0 9 0 3 1 9 5 11 0 8 11 87 3 142 161 345 8 154 2 5 3 36 2 2 1 1 0 6 0 11 234 58 0 27 5 10 2 85 89 35 2 20 32 146 17 207 19670 90 103 82 82 12 63 219 65 9 12 7 58 2 124 197 63 5 4 2 10 0 7 10 32 2 8 1 176 6 249 41 58 2 30 3 10 0 6 0 7 0 2 0 2 0 2 4 30 1 0 3 9 2 7 7 44 4 2 2 67 3 75 13 40 9 7 4 5 1 0 6 8 0 0 2 1 0 6 11 2 1 0 0 0 0 0 0 2 0 0 0 5 2 13 5 16 1 2 2 2 0 0 3 8 1 1 1 0 0 1 9 64 3 2 4 6 2 9 50 47 4 2 4 32 8 23 51 41 60 9 97 7 5 8 138 3 1 1 4 1 6 1 51 2 3 2 3 0 0 2 7 1 3 1 1 3 3 3 17 7 5 1 1 0 1 0 1 0 1 0 0 0 0 0 1 3 2 0 1 1 0 2 3 2 1 0 5 1 5 1 20 25 189 9 229 5 9 1 28 3 2 0 2 0 6 2 22 1 6 0 5 2 4 1 3 0 4 0 4 5 64 7 58 13 55 4 80 2 9 2 17 0 1 0 1 1 6 3 19 31 13 0 14 16 1 4 34 8 13 0 7 5 46 15 170 16273 65 143 83 64 16 94 298 100 4 12 4 95 5 151 206 45 0 4 2 5 0 3 4 93 0 7 1 319 7 236 62 118 4 33 9 4 0 3 0 11 0 1 0 6 0 2 1 57 1 3 2 6 0 8 5 137 3 2 1 217 5 115 24 67 15 2 5 2 0 1 8 1 0 0 0 4 0 1 4 7 2 0 0 0 0 1 1 7 0 0 0 15 0 2 2 98 6 5 7 0 0 1 8 6 1 0 0 4 0 2 6 232 8 3 14 4 5 9 61 244 3 0 7 93 6 35 118 101 91 7 149 5 7 5 249 18 9 1 7 3 12 8 126 3 4 0 2 0 0 0 8 5 2 0 0 5 8 4 35 8 5 0 7 0 0 0 2 1 1 0 0 0 0 0 2 1 2 0 1 0 0 0 8 5 0 0 0 2 2 1 13 100 411 1 241 0 8 3 65 2 5 1 5 0 12 0 37 5 16 0 5 0 2 1 10 10 11 1 6 16 93 4 110 138 258 6 132 1 3 0 37 4 0 0 2 2 7 1 9 259 117 3 51 4 5 3 97 144 51 0 15 44 106 5 197 1
19467 46 70 19 62 7 27 69 51 2 6 5 35 1 33 56 85 10 5 4 8 0 2 4 62 2 2 4 175 3 99 25 155 4 20 2 7 0 3 0 10 0 0 0 9 0 1 2 57 3 5 3 2 0 1 4 114 4 2 3 297 9 71 23 94 3 6 3 8 0 6 7 5 1 0 0 1 0 3 6 6 0 1 3 1 0 0 0 5 1 1 0 6 0 4 10 66 6 6 0 2 0 2 2 5 0 1 0 2 1 1 9 151 4 2 4 3 0 2 28 148 7 3 6 57 8 16 49 38 32 9 22 3 2 2 39 4 0 2 0 0 0 1 19 6 4 0 0 0 0 0 6 4 1 0 0 3 4 2 12 7 6 0 2 0 0 0 1 1 0 0 0 0 0 0 0 8 4 0 0 0 0 0 8 2 2 0 4 3 6 0 13 65 175 5 84 2 5 3 21 3 4 0 2 4 10 3 13 1 6 0 10 0 0 0 10 6 7 0 13 11 60 3 72 114 316 4 43 2 7 4 15 6 2 0 1 2 6 1 13 188 36 0 18 9 5 8 42 39 21 0 19 22 94 19 164 16290 37 96 53 34 8 61 270 110 2 12 1 59 2 90 267 78 2 5 1 6 0 5 6 80 3 6 1 306 10 183 51 165 10 62 6 2 0 8 6 11 0 2 0 4 0 4 4 94 1 7 3 6 0 11 10 122 1 4 0 284 3 119 26 80 15 5 4 1 1 3 2 4 2 3 0 1 0 0 8 13 0 1 0 0 0 0 3 8 0 0 0 11 6 3 8 88 6 6 14 2 2 2 12 5 1 2 1 2 0 0 2 327 5 5 12 2 0 12 102 213 5 1 3 53 4 18 99 122 75 7 107 3 3 2 266 26 6 2 7 2 9 4 146 3 1 0 1 0 1 0 3 11 7 0 2 6 9 4 38 8 3 2 5 0 0 2 3 4 1 0 0 0 0 0 2 9 0 0 1 0 0 0 5 5 2 0 0 0 1 0 13 101 354 3 232 1 2 1 70 4 4 0 2 1 7 0 36 3 13 1 4 0 5 0 10 6 13 0 4 19 157 6 138 141 244 11 150 1 3 3 27 7 2 0 5 0 1 3 13 250 46 5 29 4 10 6 110 96 35 2 9 32 146 18 286 19454 86 122 68 75 6 51 178 46 3 7 12 63 3 135 201 51 3 2 3 11 3 1 3 52 3 6 1 209 6 310 61 55 5 19 2 7 1 1 1 7 0 0 0 2 0 4 1 25 1 1 1 8 2 5 2 50 4 4 2 107 4 63 20 44 10 8 4 2 0 1 6 3 1 2 0 2 0 5 9 2 0 1 1 0 0 1 2 2 2 1 0 4 3 11 8 23 1 1 2 2 0 0 3 11 0 0 1 2 0 4 5 61 2 2 6 5 0 4 16 92 7 0 3 35 10 34 40 45 69 4 106 3 3 10 175 4 3 0 1 4 4 2 51 6 3 0 5 0 0 4 11 0 1 0 1 3 5 1 22 5 5 1 3 0 0 0 1 0 2 0 0 0 0 1 0 4 2 1 0 2 0 0 3 0 5 0 4 1 5 3 18 16 166 3 275 3 5 3 44 2 5 0 1 2 11 1 21 2 2 0 9 0 3 0 4 2 7 1 4 3 40 9 62 22 78 1 64 2 16 3 14 3 1 1 3 2 13 5 20 49 25 4 20 11 6 9 28 19 7 0 11 13 44 16 155 16180 64 127 86 59 10 100 393 81 1 8 4 80 4 147 215 32 2 7 2 7 0 6 3 58 0 4 2 325 7 252 52 81 3 39 5 4 0 7 5 5 0 1 0 4 0 7 3 64 2 6 3 7 0 2 4 157 1 7 3 223 7 120 31 37 4 5 2 2 1 2 3 0 0 1 0 2 0 3 2 4 0 0 0 0 0 0 2 2 0 0 0 4 3 6 5 69 7 5 2 0 1 1 15 4 0 0 0 1 0 0 1 289 12 6 13 4 4 13 65 258 6 2 3 101 6 38 83 91 95 5 160 4 8 5 264 30 4 0 7 11 10 2 136 1 3 0 3 0 1 0 4 10 3 0 2 3 19 0 37 3 4 1 4 0 0 1 2 2 1 0 0 0 0 1 3 2 6 0 1 0 0 0 2 0 1 0 1 2 5 0 10 98 328 7 295 0 8 2 61 4 5 0 1 3 8 2 24 2 5 1 5 1 2 0 7 4 8 1 4 7 131 2 133 176 253 2 119 3 2 0 42 1 0 0 1 1 5 0 9 344 109 2 43 5 7 5 88 140 46 1 13 45 112 8 200 1
19488 64 61 24 70 4 27 60 39 6 5 2 40 2 28 31 78 5 12 3 7 0 1 4 61 1 7 0 176 6 87 31 154 10 28 8 10 0 6 2 11 1 2 1 7 0 5 0 63 1 2 0 9 0 2 3 91 2 4 0 286 11 91 20 96 7 6 1 2 1 2 7 9 0 3 0 2 1 5 9 12 1 1 0 2 0 1 0 5 2 2 1 8 2 2 5 76 2 7 3 1 1 1 6 10 0 0 0 1 0 3 3 126 2 3 0 3 0 2 18 148 10 1 3 48 2 10 32 39 31 6 29 6 1 3 25 5 0 1 1 2 3 1 16 3 2 0 6 0 1 1 8 2 4 0 0 4 4 1 13 11 13 3 3 0 0 1 0 0 0 0 0 0 0 1 1 6 2 0 1 0 0 0 9 0 2 0 5 3 12 2 18 79 188 9 88 4 5 1 24 0 2 0 3 0 6 2 8 4 9 0 15 0 2 0 4 1 10 0 5 4 103 2 72 122 255 5 81 4 7 3 12 3 1 1 3 0 5 4 15 172 44 4 13 5 6 5 31 29 12 2 12 16 106 18 195 16121 45 84 58 36 6 69 298 105 3 5 4 62 6 114 231 77 1 5 1 7 0 3 10 96 2 4 1 296 9 216 77 166 3 25 6 6 1 4 6 8 0 1 0 2 0 5 2 117 1 5 1 3 0 9 11 166 3 3 0 276 7 107 38 104 9 3 7 1 0 1 9 8 0 0 0 1 0 2 1 19 0 0 0 0 0 0 3 7 0 0 0 13 2 5 5 107 7 9 14 2 0 1 10 6 2 1 0 0 0 0 6 367 5 5 5 3 3 10 89 233 4 1 10 96 6 21 102 133 80 4 123 1 1 6 234 20 4 0 7 9 7 2 143 7 3 1 4 0 1 0 7 6 0 1 1 5 11 2 30 4 7 0 2 0 0 0 2 1 0 0 0 0 1 0 3 3 1 0 0 0 1 0 7 5 2 0 0 3 5 1 15 92 353 5 211 1 10 1 80 10 4 1 1 2 8 2 26 10 10 0 7 1 3 0 4 8 6 1 10 13 96 5 115 173 341 3 120 2 5 1 35 8 1 0 5 1 7 1 9 253 82 0 20 3 8 5 132 124 40 3 14 41 132 5 184 19414 95 100 76 85 15 72 177 57 7 12 3 70 5 142 240 59 12 8 2 10 2 3 4 44 3 4 3 176 5 216 45 56 7 23 3 5 1 6 2 5 0 1 0 7 0 3 3 36 1 2 0 5 0 3 5 64 2 3 2 68 7 82 22 60 5 4 2 3 1 1 7 7 1 0 0 1 1 5 10 5 1 1 0 0 0 0 0 5 1 0 0 6 1 12 1 29 3 1 5 3 1 3 2 5 2 0 0 0 0 1 4 84 4 1 3 10 1 5 24 85 2 1 4 33 7 23 57 39 68 7 145 9 3 16 182 5 9 0 2 2 3 3 56 4 5 0 3 0 1 0 3 0 0 0 2 3 6 1 17 4 3 0 1 0 1 0 0 0 2 0 0 0 0 0 0 5 0 0 5 0 0 0 3 0 3 0 2 4 2 6 11 27 175 6 266 2 6 2 35 0 3 0 4 5 4 0 16 4 5 1 2 1 3 0 13 0 5 0 4 4 62 6 70 30 44 7 61 3 11 4 15 0 1 0 1 4 8 3 12 64 22 0 20 2 3 4 29 23 13 0 9 12 46 14 153 16050 72 114 79 65 5 83 420 108 5 9 2 88 7 183 221 47 1 3 2 6 0 4 10 77 2 3 3 377 12 247 74 58 3 20 2 3 1 5 4 7 1 1 0 4 0 6 2 70 1 4 2 6 1 7 12 167 1 5 1 237 11 99 30 53 5 1 11 0 0 3 10 5 0 0 0 2 0 5 6 8 0 1 0 0 0 0 1 2 0 0 0 8 0 8 2 77 6 2 7 4 1 0 14 8 0 0 1 2 0 4 7 335 13 2 10 10 1 11 83 280 8 0 7 84 9 43 87 131 94 4 186 8 6 4 248 19 6 1 10 3 6 4 116 2 1 0 1 1 0 0 11 1 4 1 3 6 10 2 45 6 2 2 4 0 0 0 2 1 2 0 0 0 0 0 1 2 4 0 2 0 0 0 4 3 3 0 3 2 5 1 11 94 325 6 308 2 11 2 86 4 2 0 3 0 10 2 32 3 6 0 9 0 0 0 7 6 6 0 6 12 67 3 88 154 236 1 103 0 5 2 40 5 4 0 0 2 5 0 7 280 84 1 55 5 5 9 101 143 40 0 17 37 84 7 206 1
17716 93 72 40 77 10 38 108 66 6 6 10 39 7 31 72 126 8 8 1 21 3 5 9 90 1 2 7 259 7 83 29 158 10 44 2 11 0 4 3 13 0 7 0 11 2 5 2 112 3 9 1 9 0 6 3 161 8 8 1 355 6 125 15 152 21 6 5 6 2 2 6 18 2 4 0 0 1 8 9 13 1 1 1 1 1 0 1 4 2 3 0 12 7 7 8 110 5 8 2 4 0 0 4 21 2 0 0 2 2 0 7 200 6 2 3 7 2 6 44 224 8 3 8 62 8 18 58 73 37 7 23 8 3 12 68 9 2 0 5 3 2 3 29 10 2 0 5 1 1 1 5 1 0 1 1 5 7 4 16 16 12 2 5 0 0 3 4 1 0 0 0 0 0 1 2 18 3 0 4 0 0 1 8 4 0 0 7 6 5 4 24 89 293 8 94 6 10 3 20 3 6 0 3 0 6 2 7 6 14 7 6 0 6 0 8 4 12 1 8 6 95 9 52 146 376 7 141 10 5 5 14 3 5 0 11 1 10 6 15 218 63 6 9 5 11 9 51 53 34 2 23 30 75 14 239 14000 51 123 56 62 6 78 394 161 5 10 7 72 3 103 287 113 0 4 0 16 1 8 19 96 2 4 2 359 8 250 94 212 3 77 12 14 0 8 13 11 0 2 1 11 0 5 3 154 1 7 0 5 0 8 18 164 3 5 1 331 12 152 44 97 16 4 10 1 1 3 15 10 0 0 0 2 0 2 12 33 1 1 1 0 0 0 2 17 1 0 0 20 5 7 14 142 3 8 13 2 1 10 20 7 0 1 0 0 0 1 9 473 11 11 9 13 7 12 123 277 6 6 6 94 9 22 139 170 91 8 115 6 5 4 225 56 10 3 8 6 1 4 212 8 3 0 0 0 0 0 6 11 8 0 1 6 13 2 56 9 7 7 2 0 0 1 6 0 0 0 0 0 0 0 1 12 3 0 1 0 0 1 4 10 1 0 3 7 5 2 24 87 461 4 239 5 13 2 108 6 10 1 0 4 14 1 40 8 17 1 8 0 5 0 11 10 24 0 9 13 134 11 137 191 401 7 191 2 8 1 51 5 2 0 6 1 8 2 14 291 108 2 27 3 8 9 132 157 56 1 22 57 146 20 292 17824 142 135 92 124 18 94 251 88 10 15 14 84 4 180 266 102 5 10 2 14 2 14 6 45 3 12 2 241 13 332 61 54 7 34 5 6 1 3 4 10 2 2 2 8 1 3 2 58 2 4 2 5 1 7 6 65 9 1 1 82 7 120 23 85 29 8 10 5 4 1 5 6 2 0 0 4 0 5 8 7 3 1 0 0 1 2 4 4 3 1 0 3 6 7 6 39 4 2 7 3 1 1 4 7 3 0 3 3 2 2 6 122 12 0 1 9 1 6 34 119 1 2 9 41 3 33 66 67 88 15 142 14 7 18 226 7 2 0 1 4 3 3 67 9 2 0 8 1 1 0 7 0 0 0 2 4 12 0 22 12 10 3 6 0 1 1 6 0 1 0 4 0 0 2 2 10 1 0 1 2 2 0 5 2 1 0 12 2 9 5 20 53 276 20 286 1 16 4 48 5 5 0 9 1 10 2 32 2 4 1 8 1 4 0 4 0 6 0 4 2 80 10 70 36 56 1 131 6 9 3 15 2 2 0 12 3 9 6 18 59 22 0 20 14 7 8 45 17 6 1 20 13 54 19 191 13969 85 166 125 114 12 114 438 184 9 13 8 131 13 170 272 64 0 6 4 11 1 6 15 97 3 10 3 389 13 277 85 109 4 47 7 5 0 8 8 15 0 1 1 10 0 3 6 67 1 4 4 11 1 12 17 120 3 5 1 214 12 180 48 63 10 5 6 4 0 4 16 3 1 0 0 3 0 4 7 10 2 0 0 1 0 0 7 5 0 0 1 18 6 9 11 72 4 7 16 5 2 3 16 6 0 0 0 1 1 3 7 429 15 4 21 24 5 23 111 271 6 5 5 102 11 60 135 169 124 10 194 3 6 10 255 50 10 3 9 5 15 8 157 2 1 0 4 1 0 0 12 9 4 0 1 11 12 2 46 8 4 2 5 0 0 1 1 0 0 0 1 0 2 0 3 2 2 0 4 2 0 2 4 8 2 1 1 2 7 4 31 92 461 6 323 4 14 5 97 9 7 0 7 3 15 3 36 10 12 2 4 0 1 0 12 8 11 1 3 13 121 3 143 152 241 4 170 2 7 0 51 4 1 0 3 0 7 0 16 372 100 2 59 7 5 9 139 261 55 5 27 43 109 22 301 1
19488 66 57 28 61 1 32 32 68 5 6 6 23 5 27 28 91 6 2 2 6 0 3 5 43 3 4 1 147 10 68 35 125 3 26 4 8 0 0 5 9 0 1 0 8 0 2 1 72 0 7 1 2 0 2 3 96 1 5 5 227 13 65 20 109 6 5 2 6 2 2 4 10 0 0 0 2 0 2 8 8 1 0 0 1 0 0 1 4 0 0 0 8 1 2 5 99 4 4 5 0 0 0 2 12 0 0 0 4 0 0 5 192 6 1 0 1 1 1 32 158 7 0 11 44 5 18 41 60 37 7 26 5 1 4 30 6 3 0 1 2 0 2 12 6 4 1 4 0 0 2 4 1 1 0 1 6 2 2 19 12 9 1 2 0 0 0 1 1 0 0 0 0 2 0 1 17 1 0 1 0 0 1 9 2 0 0 4 3 4 7 17 77 173 9 76 2 7 4 38 5 5 1 4 2 6 4 22 5 7 0 15 2 5 0 12 4 11 1 6 13 78 5 70 134 242 1 62 4 11 0 18 1 6 0 2 2 3 3 16 167 39 3 29 10 6 8 46 35 21 3 26 13 70 15 208 16111 57 67 54 49 1 45 164 128 4 6 3 72 1 85 172 89 3 7 0 12 1 5 10 108 1 3 1 341 2 183 64 169 10 44 13 5 0 6 5 12 0 1 0 5 0 4 2 115 2 5 7 7 0 4 14 175 3 7 1 240 3 113 43 105 9 3 4 0 0 2 3 12 0 0 0 0 0 0 7 13 0 0 0 0 0 1 2 6 0 0 0 13 2 5 7 112 4 7 2 2 0 1 14 11 0 0 1 2 0 0 5 376 9 9 11 6 1 11 79 236 8 4 11 89 8 34 105 101 100 5 106 3 2 3 149 32 2 1 4 6 7 4 86 9 2 1 4 4 0 0 6 5 3 1 2 6 2 3 22 8 3 4 5 0 1 0 3 0 0 0 0 0 0 1 1 12 4 0 4 0 0 0 4 8 2 0 1 1 5 6 11 127 504 5 215 1 9 2 84 11 5 2 1 4 9 5 27 5 8 0 6 1 5 0 11 5 13 2 4 21 110 2 130 117 331 6 124 3 7 0 34 4 4 0 1 6 2 1 12 255 76 1 24 7 6 4 99 122 43 3 20 38 145 22 297 19594 102 140 94 91 13 73 315 56 5 11 7 53 6 82 169 58 5 15 2 4 1 5 9 23 0 13 5 145 3 196 46 49 6 15 5 6 0 4 3 3 1 0 2 7 1 5 0 30 7 9 2 3 1 1 2 31 1 2 0 70 6 51 19 41 3 7 1 3 0 3 6 4 0 0 1 0 0 5 6 7 0 0 0 0 1 1 2 2 2 0 0 3 1 12 5 20 2 4 1 2 1 1 5 5 1 0 0 2 0 0 6 73 3 4 4 5 1 1 14 46 2 1 2 38 6 19 35 42 67 10 111 12 2 14 251 3 1 0 0 3 3 2 44 4 4 2 2 0 0 0 10 1 0 0 1 2 11 2 16 3 5 1 3 0 0 1 2 0 0 0 0 1 1 0 1 1 2 0 1 0 2 1 4 1 1 0 4 2 4 4 22 17 143 10 220 0 8 4 52 1 2 1 1 4 13 0 23 0 5 0 6 0 1 0 5 1 2 0 9 6 57 9 93 12 45 1 43 1 10 2 15 2 1 0 3 2 9 5 19 47 24 1 17 8 10 6 34 16 22 1 13 17 77 9 174 15974 80 158 88 77 11 105 417 156 2 11 10 115 3 157 290 44 2 6 5 11 1 8 10 59 0 2 4 320 7 244 96 72 2 31 7 3 0 3 6 6 1 0 0 4 0 3 2 68 1 7 3 5 0 4 7 130 3 5 0 182 7 101 33 50 5 6 7 2 0 0 8 5 0 0 0 2 1 2 6 7 0 1 0 0 1 0 1 4 2 0 0 5 2 5 10 88 7 6 2 3 0 2 5 1 0 1 0 2 0 1 8 194 13 11 14 10 1 10 109 204 5 2 5 99 5 50 122 131 102 6 125 6 4 5 241 40 12 1 4 8 2 4 132 3 1 0 3 0 2 1 7 8 1 0 1 8 7 4 38 5 10 1 7 0 0 0 6 1 0 0 0 0 1 0 1 6 2 0 0 0 0 0 5 4 0 0 0 0 10 1 13 96 399 9 274 0 10 1 78 4 7 0 3 5 11 0 42 2 8 0 6 1 1 0 8 4 3 0 3 7 99 6 126 112 227 2 123 3 6 3 31 6 2 0 2 2 7 0 19 209 107 2 37 6 15 4 118 85 32 2 12 32 129 22 298 1
17098 72 123 74 77 10 68 260 84 8 6 4 58 3 70 161 78 6 5 5 7 0 6 10 65 4 7 3 159 5 234 73 143 6 26 6 5 0 1 5 8 1 0 0 8 1 5 2 87 5 5 3 5 2 2 6 126 7 3 5 177 12 77 32 81 9 2 3 11 3 4 14 5 0 0 0 9 1 4 7 11 1 0 0 1 0 0 1 5 0 0 1 6 2 15 5 99 4 4 5 2 0 2 9 11 0 0 0 4 0 0 4 330 11 3 6 4 0 8 79 278 9 2 10 73 5 28 90 101 71 7 103 3 6 9 194 10 2 0 2 6 3 1 66 7 4 0 10 0 1 0 6 1 1 0 4 5 3 2 22 10 9 1 2 0 1 1 3 0 1 0 0 0 1 0 3 7 4 0 3 0 0 0 6 2 1 0 8 1 6 0 11 65 221 7 195 5 8 5 107 6 8 2 1 6 14 2 48 4 5 1 6 1 1 0 6 5 7 0 8 5 88 9 146 144 249 3 76 9 17 3 49 4 1 0 2 1 7 6 19 229 74 3 29 8 9 5 83 76 26 0 16 32 109 18 204 13517 50 157 87 43 11 72 326 159 2 2 3 81 0 115 250 43 0 2 1 3 0 10 6 102 3 3 4 511 10 295 138 163 4 23 11 10 0 3 10 6 0 0 0 4 0 4 2 93 0 6 3 2 0 7 5 174 4 4 0 383 5 140 52 50 6 5 2 1 2 0 7 5 0 0 1 1 0 0 7 6 0 0 1 0 1 0 1 7 0 3 0 10 3 4 8 104 5 12 16 2 0 1 17 6 0 0 1 0 0 1 8 420 9 12 13 5 0 13 155 348 3 4 4 136 7 43 193 268 96 3 127 3 10 5 327 53 7 0 8 2 8 2 126 5 5 2 4 1 0 0 4 13 4 0 0 10 9 2 45 10 7 0 3 0 0 0 6 2 1 0 0 1 1 0 1 6 3 0 2 1 0 0 2 3 2 0 1 3 1 1 7 110 540 6 378 1 8 4 149 9 12 0 2 2 11 0 53 6 4 0 6 0 2 0 5 12 16 0 4 13 139 4 218 145 412 3 143 2 10 2 65 3 4 1 0 0 4 1 16 451 132 2 52 6 11 3 220 140 41 1 5 57 194 5 278 17085 83 247 112 89 4 100 208 80 9 11 10 84 6 148 175 40 4 4 4 2 0 9 8 53 2 7 2 194 9 269 83 105 5 39 11 2 2 1 6 9 1 2 0 2 0 1 1 57 5 9 4 5 0 12 7 59 6 5 5 210 15 92 39 62 7 7 6 7 1 3 4 5 1 0 2 5 0 6 10 7 0 0 1 1 1 0 1 5 1 0 1 6 2 13 5 59 6 6 9 3 2 1 12 12 0 0 1 3 1 1 11 94 9 2 9 12 2 8 67 97 15 3 9 59 5 38 86 78 85 11 175 7 6 7 187 7 6 1 5 6 7 2 49 4 3 2 8 2 0 1 10 2 5 0 4 9 15 5 31 9 7 1 5 0 0 0 1 0 0 1 0 0 0 0 1 3 3 0 4 2 1 1 4 3 6 0 4 2 5 2 24 61 268 9 324 4 11 6 84 1 11 0 3 4 20 3 38 4 12 0 16 0 4 2 10 2 12 0 4 8 122 6 182 78 216 3 138 5 8 1 32 1 6 0 3 0 13 6 19 112 68 5 45 8 6 5 66 44 34 2 15 30 141 20 269 13553 49 128 83 52 9 98 444 208 6 3 6 109 5 158 450 46 0 4 1 8 1 8 4 73 1 4 3 505 12 400 167 134 3 27 7 6 0 5 14 7 0 0 1 4 1 2 4 72 2 3 3 3 0 14 16 91 6 3 2 366 4 152 51 58 7 5 9 1 0 0 9 8 0 0 0 2 0 2 5 5 0 0 2 1 0 0 3 5 0 1 1 10 4 7 9 80 8 11 12 3 1 2 11 4 0 0 1 2 1 1 5 298 7 15 24 4 2 13 143 220 10 5 3 137 8 64 192 240 117 6 153 6 5 5 409 56 15 0 2 10 12 2 151 4 3 0 2 0 1 1 6 7 4 0 1 10 16 6 55 5 4 2 4 0 0 0 3 0 0 0 0 0 0 0 3 6 2 0 3 0 0 3 3 3 1 0 0 1 4 0 13 111 520 4 419 3 10 3 151 8 12 1 0 6 14 0 52 6 11 1 4 0 2 0 5 8 6 0 3 12 108 9 147 110 370 2 159 1 7 3 53 3 2 0 0 0 3 0 15 269 149 2 60 6 12 3 230 94 35 1 14 45 165 8 265 1
19358 43 40 20 33 8 22 57 53 0 9 1 30 3 31 38 116 2 1 7 13 0 1 5 74 1 7 1 173 7 98 37 125 8 19 2 12 0 2 1 16 1 0 0 11 0 1 2 83 3 6 1 7 0 5 1 122 3 3 1 255 8 108 16 111 11 6 1 3 0 3 1 6 0 0 0 1 0 3 7 11 0 0 1 1 0 0 0 7 2 2 0 12 4 5 0 78 3 4 6 3 0 0 4 10 0 0 0 2 0 3 9 194 4 4 1 5 1 2 22 210 15 1 13 52 7 12 59 46 29 6 22 2 2 3 38 7 3 0 1 2 1 2 15 9 1 0 5 0 0 0 9 3 2 0 0 3 3 1 14 7 12 1 1 0 0 0 0 0 0 0 0 0 0 1 0 16 3 0 1 0 0 0 11 1 0 1 5 1 9 1 21 62 157 4 91 0 7 0 27 0 4 0 3 3 8 1 16 6 8 0 15 0 1 0 4 2 11 1 14 5 65 11 46 109 245 3 72 7 10 4 17 2 0 2 2 4 3 3 13 162 42 1 20 15 3 14 51 50 27 2 18 25 67 16 194 15974 46 101 41 46 1 59 211 94 0 9 0 67 7 87 227 75 8 2 4 3 1 4 10 80 3 8 8 284 7 210 78 195 7 33 7 2 0 7 3 8 0 0 0 6 0 4 2 111 6 6 7 2 1 5 11 123 2 5 3 323 4 120 38 112 9 6 4 3 0 5 9 7 0 1 0 1 1 4 8 15 2 0 0 0 0 0 4 6 1 1 2 10 2 11 6 120 7 4 6 3 0 2 12 5 1 1 0 3 0 2 6 348 10 3 7 9 1 6 58 206 5 5 10 71 12 31 84 119 73 5 107 5 2 6 218 28 4 0 4 6 4 0 101 2 7 0 3 0 1 0 13 7 5 0 3 1 7 1 38 14 7 1 3 1 1 3 5 1 1 0 0 1 0 0 1 8 2 0 4 0 0 0 8 4 5 1 2 3 2 0 17 100 422 8 223 6 10 2 83 6 8 0 3 5 12 4 47 9 14 0 9 0 0 0 7 11 13 0 6 15 103 11 156 198 361 7 144 8 10 2 38 3 2 0 2 2 4 1 13 236 103 6 27 4 14 2 107 115 50 1 13 42 154 11 227 19455 110 130 94 112 18 91 264 61 8 10 8 69 7 111 223 37 5 8 2 6 1 3 10 31 2 11 2 180 7 278 54 41 3 19 6 3 0 1 3 7 1 1 1 1 1 2 5 27 0 4 2 2 0 5 4 30 5 0 1 72 5 61 21 36 8 8 6 9 1 2 6 2 2 0 0 2 1 2 8 4 0 0 0 0 0 0 0 0 0 0 0 5 1 10 2 19 5 2 2 2 0 1 4 3 1 0 0 2 0 2 8 91 3 2 1 6 1 5 29 68 3 2 0 40 2 16 49 54 52 5 102 5 8 9 199 5 3 0 2 0 8 3 54 1 3 0 2 0 2 0 6 0 0 0 1 1 3 4 22 6 1 1 2 0 0 0 0 1 0 2 0 0 0 0 2 3 0 0 2 0 0 0 3 1 1 1 5 2 8 3 13 21 152 9 249 3 2 2 45 1 2 0 0 0 6 0 18 3 2 0 9 0 0 0 4 2 5 0 4 1 67 12 90 13 81 0 49 2 11 1 11 0 2 0 1 1 11 3 10 47 23 2 9 13 4 10 32 17 9 0 9 3 48 13 148 15918 82 159 106 67 6 97 398 115 5 12 3 84 5 131 225 39 1 3 3 7 0 8 11 79 0 3 3 308 13 321 80 80 4 34 7 4 0 3 7 12 0 1 0 8 0 5 3 49 3 3 3 4 0 13 7 129 2 5 1 237 4 98 23 52 8 2 3 2 0 2 8 4 0 0 0 4 1 1 6 2 2 0 0 0 0 1 4 4 0 0 0 9 0 3 6 68 7 4 6 2 0 2 11 8 0 0 1 1 0 0 3 267 9 3 8 7 2 9 62 293 8 3 5 118 7 39 78 112 88 5 211 5 6 7 278 22 2 0 8 3 9 7 149 2 2 0 5 0 0 0 4 3 0 0 1 6 7 4 43 6 8 0 3 0 1 0 0 1 0 0 0 0 3 0 1 2 2 0 6 0 0 1 7 1 3 0 2 1 4 1 16 92 314 3 327 1 11 2 109 1 2 0 4 4 17 3 53 5 14 0 6 0 5 0 10 5 10 0 9 8 99 4 118 133 185 2 133 1 3 1 37 4 5 0 0 1 3 0 11 310 115 6 37 9 4 2 80 141 61 1 19 34 103 15 183 1
19434 54 47 25 58 6 20 83 35 0 4 2 33 2 24 40 73 4 4 2 12 0 5 3 57 1 3 0 245 9 68 25 122 4 41 4 5 0 4 3 21 0 2 0 11 0 2 1 56 4 6 2 8 2 3 4 103 6 1 0 272 17 102 18 91 8 5 3 1 0 2 4 7 1 1 0 4 1 2 9 17 1 1 0 0 0 2 0 6 1 0 2 14 2 8 4 78 3 1 3 3 1 1 2 9 0 1 0 1 1 1 5 164 6 3 2 3 0 1 27 155 7 4 8 35 11 16 50 43 22 7 20 6 2 4 36 5 3 0 0 0 1 2 22 4 2 2 6 0 0 1 8 0 3 1 1 2 3 4 13 12 7 1 2 2 1 0 0 1 0 0 0 1 0 1 0 13 3 1 0 0 0 0 4 4 3 0 5 6 12 5 15 76 236 8 58 1 4 0 16 1 4 0 3 1 5 4 13 8 11 1 18 0 4 0 9 3 14 0 13 15 51 6 43 111 235 6 89 4 7 1 7 1 6 0 4 2 2 6 18 158 33 0 11 8 9 12 54 32 20 3 31 17 58 20 215 16122 32 83 51 29 6 49 293 111 2 9 3 77 4 100 264 80 2 5 3 9 0 4 9 93 1 12 2 269 6 222 71 175 5 35 6 6 0 2 4 8 0 2 1 8 3 2 4 110 0 8 2 6 1 7 13 188 1 7 3 263 12 112 40 84 5 6 4 1 0 4 13 3 0 1 0 4 0 1 5 13 0 2 2 0 1 1 6 16 2 0 0 8 4 10 10 97 3 8 17 4 1 2 11 12 0 0 0 2 1 0 6 336 9 4 10 6 4 13 81 192 6 2 3 58 12 15 89 104 55 13 115 4 7 2 203 26 6 0 4 7 5 4 161 3 0 1 4 0 0 0 3 7 1 0 0 4 12 5 43 11 3 1 5 1 0 1 1 4 0 0 0 1 0 1 2 5 4 1 4 0 0 0 9 5 4 0 0 3 5 0 16 83 344 4 201 4 11 6 80 8 5 1 1 8 15 3 33 8 13 0 10 2 2 0 12 5 15 1 16 16 116 7 119 183 341 4 143 2 6 2 30 4 1 0 2 1 5 3 19 212 64 2 31 12 11 6 104 122 34 3 15 47 145 17 256 19500 102 99 75 91 8 61 236 72 4 5 7 60 4 133 252 55 3 4 1 10 0 6 9 41 1 2 1 208 4 291 43 55 1 26 3 3 0 4 2 8 1 0 0 6 0 1 0 24 1 3 1 2 0 5 3 34 0 4 3 79 5 83 25 55 8 6 6 5 0 2 8 4 1 1 1 0 0 6 4 6 0 0 2 0 0 1 1 1 1 0 0 6 1 11 3 19 1 3 3 2 0 3 3 1 0 0 0 1 0 3 8 113 3 2 2 6 1 6 27 84 2 1 6 32 4 18 57 36 67 12 113 5 3 9 187 6 2 0 1 2 4 1 39 3 1 0 1 1 0 0 6 2 2 0 0 2 3 1 17 4 3 1 1 1 0 0 1 0 0 0 0 0 1 0 1 3 3 0 1 0 1 0 2 0 0 0 3 3 2 4 13 23 209 7 201 1 6 1 45 3 2 0 0 2 8 1 15 2 6 0 6 0 3 0 1 1 5 0 3 0 50 8 47 16 58 1 76 4 10 1 11 1 1 0 1 0 7 8 14 40 15 0 14 9 3 7 33 21 7 0 13 6 46 12 143 15998 77 130 91 67 16 94 412 105 5 11 4 79 3 175 237 57 1 3 1 8 0 2 5 82 0 6 0 306 11 242 82 77 3 31 3 9 0 4 6 6 0 6 0 4 0 3 1 67 2 6 1 4 0 8 2 123 2 2 0 229 1 127 25 38 5 6 4 2 0 2 9 3 0 0 0 2 1 3 6 8 1 0 0 1 0 0 0 5 0 1 0 14 3 7 2 64 5 3 6 1 0 0 6 4 0 0 0 2 0 1 4 328 13 7 11 5 0 9 94 256 3 1 4 98 8 25 101 105 78 8 165 5 3 6 260 25 8 1 4 4 9 8 143 2 0 0 3 0 0 0 8 5 1 0 0 7 17 3 35 8 3 0 5 1 1 0 5 4 1 0 0 1 0 0 4 3 4 0 1 0 0 0 3 5 1 0 0 0 6 1 11 75 401 7 309 2 6 1 74 4 2 0 0 2 10 1 33 7 18 1 3 1 1 0 6 7 8 0 10 11 104 7 110 166 227 4 119 2 6 1 25 7 2 0 0 1 4 2 7 303 116 2 37 3 3 2 104 167 34 1 7 39 96 11 185 1
17319 77 92 39 86 14 38 49 90 12 10 11 48 2 35 38 215 11 16 1 15 3 3 8 92 8 10 5 197 9 103 37 224 18 20 5 17 1 3 4 17 0 2 0 16 0 8 2 118 5 7 1 3 3 3 8 167 6 3 4 319 14 51 31 192 15 10 4 5 3 4 5 17 0 1 1 5 0 7 9 33 3 3 0 1 0 0 2 10 3 2 2 9 4 13 15 115 9 6 3 5 0 0 2 13 0 1 1 5 0 2 6 271 10 6 9 10 0 7 46 273 7 9 4 59 6 31 43 81 61 8 35 7 5 5 44 7 3 2 3 5 2 3 17 12 5 1 6 0 2 1 11 4 2 0 3 5 8 4 18 15 14 1 2 0 1 2 4 0 1 0 2 1 1 0 2 20 9 0 2 0 0 1 6 5 2 1 6 6 10 6 23 93 249 8 112 10 8 7 32 2 4 0 4 0 6 2 21 8 15 0 10 0 4 1 9 8 13 5 12 13 53 16 97 164 366 9 76 7 4 1 27 7 5 0 8 6 15 7 30 272 72 4 17 15 8 8 41 65 27 6 22 42 95 31 227 13970 114 97 94 89 9 101 327 160 5 8 8 108 8 136 223 131 4 7 1 18 0 8 17 130 6 5 1 480 21 211 98 167 8 35 9 10 3 7 8 10 1 1 1 8 0 2 14 138 3 7 2 13 3 6 11 161 2 4 3 331 5 147 45 128 18 7 9 4 3 2 13 13 3 4 2 0 1 4 11 19 1 4 1 2 0 4 8 7 2 1 3 18 8 12 20 125 5 4 8 4 2 4 11 8 3 1 3 4 2 6 5 434 6 9 8 20 4 11 106 231 14 13 9 91 12 42 106 163 124 6 102 6 11 5 254 38 7 2 4 5 8 3 160 10 7 1 0 2 1 2 9 12 6 0 0 11 9 5 37 14 5 2 6 2 4 1 5 2 0 0 0 1 2 1 10 11 2 1 1 5 0 1 4 10 2 0 1 9 11 6 30 132 608 7 216 2 19 5 82 10 9 1 9 2 10 2 32 8 27 1 3 2 1 1 10 13 13 1 9 12 111 2 113 180 304 6 132 2 15 5 47 9 5 1 10 1 16 8 34 264 93 8 37 10 14 7 105 137 40 8 23 55 125 50 343 17650 207 180 136 193 25 111 370 105 18 17 17 83 8 147 265 90 6 16 11 20 3 11 14 41 3 19 2 147 13 244 49 69 12 16 9 7 7 6 0 7 1 0 1 14 1 9 5 31 0 5 6 3 1 3 16 33 7 6 0 92 19 59 21 79 15 9 4 10 1 3 9 3 0 1 0 1 3 2 6 5 0 2 0 0 0 1 3 1 0 1 0 5 2 9 7 34 3 3 4 4 0 1 5 6 1 0 0 3 1 2 5 72 7 3 5 12 5 7 49 56 16 2 10 22 6 21 66 74 85 20 186 13 8 16 289 8 3 2 2 5 4 5 51 11 7 1 7 0 3 1 7 0 2 0 3 2 8 3 33 7 7 1 2 0 5 2 1 1 0 0 0 2 2 3 2 8 1 0 3 0 2 1 4 1 3 0 3 3 15 2 30 39 197 13 384 1 15 2 68 0 6 0 2 1 7 8 40 2 9 1 13 0 0 0 10 1 5 2 9 5 81 11 85 24 72 5 63 1 11 3 19 1 4 0 2 3 7 5 35 44 34 0 17 6 9 14 53 14 23 2 24 16 86 17 228 14087 136 153 133 147 18 136 543 156 11 17 12 122 6 198 310 86 3 11 3 8 0 8 14 122 3 7 6 490 15 323 90 79 9 14 3 9 2 2 10 5 4 1 2 9 3 5 8 71 4 2 0 10 2 8 12 120 2 3 2 231 15 113 53 102 13 4 11 8 1 3 28 5 2 1 1 5 0 5 8 9 3 0 1 0 1 3 6 8 1 1 1 10 2 7 8 73 12 6 3 7 1 2 20 6 0 2 0 2 2 3 15 311 14 7 12 21 6 15 137 255 10 4 7 97 22 50 117 155 145 7 165 5 9 8 318 36 8 2 2 5 11 6 150 7 6 1 5 1 0 0 13 6 2 4 7 5 8 4 51 11 10 1 3 0 0 0 6 2 0 1 1 1 3 0 9 4 3 0 3 0 1 1 10 3 1 2 2 5 14 1 37 101 479 8 265 1 10 4 107 10 7 2 6 2 5 1 46 4 10 2 6 0 2 2 9 6 9 0 14 6 93 4 114 122 240 4 101 1 14 1 45 3 3 0 1 5 3 0 31 265 85 1 58 9 11 8 142 157 35 10 29 25 99 19 296 1
19845 47 45 29 42 3 23 62 44 4 3 2 25 0 21 37 88 0 5 3 8 1 3 8 51 5 7 2 150 8 47 17 125 3 21 7 8 0 3 4 4 0 3 0 9 0 7 0 86 3 3 1 10 0 4 2 122 6 4 0 205 9 54 15 103 8 7 6 1 0 4 4 3 2 1 2 3 1 5 6 14 1 0 1 0 0 0 1 3 0 0 0 9 1 8 5 84 1 5 3 1 0 2 6 2 1 1 0 1 1 2 7 171 4 1 1 1 0 3 10 167 7 1 3 35 6 15 40 42 29 5 18 3 1 1 31 3 0 1 0 0 1 1 10 4 5 0 3 0 0 0 6 2 4 0 1 4 1 2 14 13 9 2 1 0 0 0 0 0 0 0 0 0 0 2 3 15 0 0 2 2 0 0 6 1 1 0 4 3 13 2 13 59 166 4 69 6 6 2 18 0 8 1 1 0 5 3 16 7 9 1 14 0 6 0 4 1 12 0 11 5 54 7 61 142 242 6 58 6 7 4 20 0 2 2 2 1 5 6 18 169 43 1 13 7 3 2 32 32 20 5 17 19 77 16 178 16856 36 50 30 43 3 59 186 113 5 9 1 85 2 101 171 88 3 7 4 12 2 6 6 97 4 9 0 433 3 193 66 145 3 21 3 10 0 5 6 13 0 2 0 4 0 1 3 110 1 5 4 2 0 6 12 189 3 5 1 274 3 94 41 76 7 11 5 3 1 6 10 5 0 0 0 2 0 1 6 11 0 1 0 0 0 0 2 4 2 1 2 5 1 4 8 101 5 4 10 4 0 3 12 7 0 1 0 6 1 3 12 284 6 8 10 12 3 9 110 211 5 8 6 53 11 26 98 96 84 5 105 3 5 3 170 14 8 1 2 1 3 5 88 3 2 1 1 1 1 1 7 1 8 1 1 6 4 2 27 10 4 0 2 0 0 0 4 0 0 0 1 0 1 0 1 8 5 2 0 0 0 1 6 7 1 0 1 5 3 5 12 87 308 7 168 4 4 0 57 9 5 1 2 1 6 3 27 5 11 0 10 1 2 1 9 7 13 0 5 7 94 6 114 177 211 4 102 3 10 2 31 2 2 0 1 4 5 1 18 196 63 4 22 4 8 1 108 99 28 3 17 23 135 18 262 19853 98 92 78 83 6 58 181 57 7 12 5 57 3 121 206 36 2 2 4 10 0 2 3 25 3 8 2 132 7 234 45 47 4 23 3 3 0 3 3 1 0 0 0 3 0 5 3 19 0 5 1 1 1 5 4 17 2 1 3 45 4 56 18 44 3 4 5 6 0 2 6 1 0 0 0 2 0 2 8 3 0 0 1 2 0 0 2 2 0 0 1 7 1 10 5 16 2 4 1 2 1 1 6 2 0 0 0 1 0 2 7 67 2 7 3 7 1 5 20 37 6 3 6 31 6 16 49 46 69 11 146 5 6 7 200 3 4 2 2 4 3 0 50 9 7 0 3 0 0 0 3 2 3 1 0 1 4 1 14 2 1 2 3 0 0 0 1 1 0 0 0 0 0 0 1 2 2 0 1 0 0 0 1 3 4 0 3 1 5 2 5 19 154 5 266 0 10 1 53 2 3 0 3 2 4 0 26 1 5 0 3 0 3 1 6 3 5 0 4 6 56 12 58 18 58 1 68 2 13 2 16 2 0 0 3 2 5 8 13 44 15 2 12 6 7 10 44 12 9 1 9 8 51 11 180 16701 97 131 104 78 9 127 419 90 7 10 5 99 4 201 210 58 1 1 1 8 0 6 8 79 0 3 3 350 9 278 81 56 3 28 5 5 1 6 5 8 0 0 0 4 0 5 5 60 3 3 0 4 0 3 4 105 0 2 0 184 8 105 35 43 5 8 5 0 0 1 12 6 1 0 0 0 1 1 5 2 1 0 0 0 0 0 2 1 0 0 0 10 1 10 14 72 2 6 2 4 0 4 7 3 0 0 0 3 1 4 5 203 9 6 4 10 2 11 45 158 4 6 5 95 9 40 75 78 112 7 206 4 6 4 235 12 4 1 4 8 3 5 110 2 3 0 3 0 0 0 7 2 2 0 0 7 13 1 34 5 3 0 4 1 1 0 3 1 0 0 0 1 0 0 4 3 3 3 1 1 0 0 8 8 2 0 0 1 9 1 16 83 304 1 278 1 6 2 80 6 4 0 6 1 3 2 29 2 6 0 6 1 3 0 6 0 9 0 5 6 98 11 112 114 163 7 78 5 7 2 30 3 5 0 4 0 11 1 12 153 77 2 43 4 7 3 79 104 37 0 18 27 98 15 248 1
19353 59 39 28 49 6 30 40 44 3 6 7 30 2 23 28 94 4 11 4 8 0 3 1 54 5 4 1 168 8 62 33 138 7 20 4 9 1 3 0 10 0 1 1 12 0 4 0 80 5 7 0 8 1 1 3 132 4 8 1 287 11 83 18 112 7 3 5 9 1 3 4 5 0 0 0 1 0 2 5 13 1 0 0 0 0 1 1 6 1 0 0 4 2 5 8 93 7 5 6 2 0 2 4 7 2 0 0 1 1 1 5 183 3 2 2 4 0 1 22 165 12 1 4 47 3 18 32 40 34 3 20 2 2 6 21 3 2 1 1 0 0 2 18 3 2 0 4 1 0 2 9 1 1 0 3 3 5 1 9 11 16 0 7 0 0 0 0 0 0 0 0 0 0 0 0 9 1 0 2 0 0 0 11 2 2 0 8 6 6 2 16 82 192 7 89 3 10 3 24 1 5 0 6 1 7 2 17 4 13 0 10 0 2 1 6 4 9 1 8 4 68 6 65 131 294 8 93 5 2 4 26 1 6 0 4 1 2 4 15 158 45 5 12 4 9 2 31 35 18 2 16 17 103 15 213 16211 52 64 59 39 6 53 239 124 4 5 2 68 5 94 179 71 0 1 3 10 0 2 7 85 1 8 2 348 6 138 67 156 3 51 10 11 1 13 7 11 0 0 0 2 0 6 0 102 6 11 2 5 0 5 15 145 3 5 1 249 8 126 31 91 7 5 7 1 0 2 7 6 0 1 0 1 0 1 6 9 0 2 0 0 0 1 2 7 1 0 0 6 3 7 6 97 6 5 6 1 2 1 14 8 1 0 1 1 0 0 10 351 5 5 11 5 3 13 103 219 3 1 2 60 5 34 110 94 99 7 99 3 4 3 204 30 5 2 6 5 11 7 138 7 1 0 2 0 0 0 3 10 2 0 1 12 10 1 34 8 5 0 2 1 0 1 2 2 0 0 0 0 0 0 4 3 0 0 5 2 1 2 4 3 1 1 2 4 6 0 21 128 426 6 190 2 11 1 84 9 15 0 5 2 7 1 40 7 16 0 6 2 3 1 13 6 12 1 7 17 98 6 111 132 286 9 124 3 5 3 28 6 3 0 2 0 9 0 8 250 59 1 38 5 11 3 107 124 43 1 23 44 148 18 323 19479 106 99 82 108 15 83 291 52 5 11 10 46 5 116 248 51 3 3 2 6 0 12 6 29 2 10 2 147 6 234 36 48 8 17 5 7 1 5 1 1 1 0 0 4 0 2 1 27 0 1 2 6 0 2 8 25 1 1 1 52 2 66 19 53 10 5 5 5 0 3 6 3 1 1 0 3 2 3 7 4 1 0 0 1 1 1 0 3 2 0 0 2 4 14 3 23 2 2 3 3 0 1 6 4 0 0 0 3 1 1 7 84 5 4 4 5 0 6 21 39 4 1 2 21 5 18 43 34 70 8 118 9 6 7 219 10 4 0 4 6 4 2 44 4 2 0 0 0 0 1 3 4 2 0 1 5 8 7 14 7 4 0 6 0 0 0 2 0 0 0 0 0 1 0 1 2 1 0 0 0 1 0 2 1 0 0 2 0 5 2 12 33 186 11 266 1 8 2 51 2 2 0 1 2 5 1 15 1 4 0 5 0 1 0 5 0 1 0 7 0 50 6 69 25 53 2 86 0 12 0 9 1 1 0 2 3 13 5 11 30 30 1 26 9 3 6 47 15 12 0 12 19 51 12 173 16135 89 133 88 72 9 108 459 117 4 18 7 90 4 136 249 45 0 8 2 5 0 6 4 56 1 8 1 327 15 234 77 76 5 45 5 6 1 11 6 6 0 0 0 3 1 7 1 55 1 8 1 4 0 6 10 89 3 3 0 172 7 128 28 52 7 5 5 3 0 1 12 4 0 0 0 3 0 3 7 6 1 0 0 0 0 1 1 4 2 0 1 3 4 12 11 58 6 8 7 1 1 4 9 3 0 0 0 2 0 2 8 291 12 11 9 9 2 15 88 184 6 4 4 72 7 45 83 101 107 11 148 4 8 4 244 33 10 2 8 9 7 6 142 6 3 0 0 0 1 0 6 4 4 0 1 9 7 2 33 12 3 2 7 0 0 1 4 2 1 0 0 1 1 0 2 6 2 0 1 1 0 0 3 8 1 0 0 4 4 1 26 83 367 0 236 0 7 3 72 15 15 0 4 3 5 0 36 2 8 0 1 0 3 0 11 1 17 0 5 9 109 9 112 107 188 4 115 1 5 2 35 3 3 0 3 0 11 3 17 231 76 7 36 5 8 8 98 176 42 3 23 36 122 14 307 1
19444 30 41 21 35 7 16 35 42 2 3 1 22 1 13 23 100 2 4 3 6 0 1 3 56 0 3 1 135 4 37 15 119 8 26 5 5 0 5 1 14 0 2 0 8 0 4 0 92 1 7 1 6 0 2 6 156 3 4 1 294 5 57 13 117 12 1 7 2 0 0 3 8 0 0 0 1 0 4 11 13 2 0 0 0 1 0 0 6 1 0 0 13 7 1 7 107 9 3 3 1 0 2 5 10 1 3 1 2 0 4 9 176 6 5 2 7 1 5 28 238 11 2 0 33 6 9 35 46 28 4 18 3 0 4 23 5 1 1 2 2 0 1 8 8 3 0 2 0 1 1 4 3 2 0 2 3 7 1 11 15 6 4 0 0 0 1 1 2 0 0 0 0 0 1 1 9 1 1 1 0 2 0 9 3 0 0 4 3 8 1 17 64 215 5 69 2 3 3 18 0 6 0 3 2 5 4 10 6 9 0 7 2 2 1 4 2 7 0 9 9 63 4 41 176 260 5 94 1 10 0 16 4 5 0 1 1 4 4 14 250 51 2 20 8 9 6 40 43 20 1 13 20 91 15 194 16250 34 45 44 43 1 50 225 108 1 6 4 71 4 76 201 82 1 10 2 15 0 4 4 107 2 3 0 400 5 159 78 158 5 26 2 3 0 6 8 8 0 2 0 4 0 1 2 131 0 10 2 6 0 9 13 142 0 5 0 333 3 128 19 97 17 3 9 1 0 0 7 5 0 0 0 0 0 2 5 8 0 1 1 1 1 0 1 9 0 0 0 5 8 5 7 120 7 11 9 1 0 0 14 2 0 2 0 1 0 1 4 463 10 9 8 6 1 7 99 257 2 4 2 69 13 19 90 107 90 5 87 3 6 2 215 24 4 0 3 4 6 3 98 4 0 1 1 0 1 0 2 10 5 0 1 6 4 4 19 5 7 1 1 0 0 1 4 1 1 0 0 0 0 2 3 3 1 1 3 0 0 1 1 5 0 1 1 1 7 4 9 119 413 8 186 0 8 0 73 3 5 0 0 0 7 0 31 4 21 1 4 1 7 0 9 7 11 1 7 17 94 3 82 191 292 6 118 2 4 2 30 3 2 0 6 0 2 1 10 280 73 3 19 2 10 2 93 132 39 1 17 49 130 13 211 19562 107 86 85 119 12 93 341 67 7 6 6 50 7 144 329 34 0 3 4 12 0 2 10 19 2 6 1 117 3 280 38 21 2 4 0 0 1 2 3 2 0 1 0 3 1 2 2 18 2 1 2 2 0 1 11 18 1 1 0 63 4 37 17 28 4 3 5 1 0 6 6 4 0 0 0 2 1 2 13 2 1 0 0 0 0 1 0 0 0 0 0 5 1 9 1 15 1 1 3 6 0 1 4 4 0 0 0 2 0 1 13 57 3 4 1 2 1 2 33 37 4 0 7 22 3 17 57 37 70 10 162 5 2 6 241 11 1 1 2 2 6 3 52 2 3 0 3 0 0 0 6 1 1 0 1 5 1 2 13 1 3 1 1 0 0 0 0 0 0 0 0 0 1 0 2 3 0 0 2 1 0 0 2 3 3 0 6 1 4 1 10 18 164 13 279 2 5 0 66 1 1 0 3 0 3 2 13 2 2 0 10 0 0 0 4 1 0 0 7 3 43 4 44 20 51 2 54 4 4 1 15 0 1 0 3 2 8 6 7 39 25 1 18 6 5 9 60 11 10 0 4 8 39 15 147 16250 96 138 119 100 11 137 375 86 3 12 8 115 5 156 300 41 1 6 4 17 0 7 10 84 2 5 0 367 14 312 108 72 4 19 5 7 1 9 5 3 0 4 0 10 3 6 3 62 0 6 1 6 0 7 9 89 1 1 1 178 6 119 38 47 9 5 3 0 0 3 11 5 0 1 0 2 0 3 8 1 0 0 3 0 1 2 2 3 0 0 0 9 1 4 7 42 4 5 4 4 1 2 16 7 0 0 0 2 0 1 8 243 7 7 11 10 1 8 52 186 4 5 4 87 11 42 67 89 112 6 182 6 7 5 291 15 6 1 3 5 7 5 113 3 1 0 2 1 0 0 2 2 1 2 0 9 18 4 57 4 6 1 4 0 0 2 4 0 0 0 0 0 0 0 5 3 0 1 2 0 0 0 6 5 1 0 1 2 5 2 21 88 336 4 301 3 11 0 83 4 8 0 1 1 23 0 43 7 6 1 3 0 1 0 10 1 6 0 5 8 81 4 155 77 137 3 108 1 3 0 26 0 4 1 1 1 2 0 13 227 97 3 32 7 9 5 88 113 24 5 14 34 97 15 223 1
19497 63 55 28 53 10 23 83 42 0 3 5 29 2 27 41 106 6 7 2 6 1 2 5 53 3 2 3 202 5 57 25 120 9 29 1 5 0 7 1 10 0 5 1 10 0 0 3 71 1 6 1 7 0 4 3 108 2 2 0 335 10 80 20 83 7 4 7 5 1 4 6 7 0 0 1 3 0 3 16 10 0 1 0 2 0 0 1 2 0 1 4 7 3 5 5 74 6 3 5 1 1 1 3 9 1 0 0 3 0 2 3 174 2 1 1 4 0 2 28 169 10 5 5 44 7 16 39 41 30 7 11 3 0 4 37 4 1 1 1 1 3 2 23 6 2 0 3 2 0 0 3 1 2 0 1 4 5 5 10 18 9 1 3 0 1 0 3 0 0 0 1 1 1 0 0 11 4 0 1 0 0 2 5 2 1 0 8 3 5 1 16 63 195 4 57 2 3 4 17 3 5 0 2 0 7 0 13 3 8 0 8 1 2 0 7 3 7 1 15 5 73 7 52 111 247 6 73 3 3 5 22 4 3 0 2 1 3 2 15 185 29 3 15 8 5 5 42 34 16 1 15 15 66 19 190 16089 37 97 50 46 3 61 286 111 5 5 6 60 3 112 288 85 4 9 0 3 0 11 10 94 4 8 1 296 5 184 69 149 3 43 6 5 1 6 4 15 0 2 0 8 0 5 0 122 4 3 3 7 0 5 6 166 3 5 2 303 7 134 28 80 8 7 8 2 1 1 8 9 1 1 1 0 0 3 2 15 0 1 1 4 0 0 2 4 0 0 0 6 1 1 6 117 8 3 6 4 0 2 12 7 0 0 0 0 0 1 5 357 3 5 7 9 3 7 84 203 6 2 7 67 6 19 99 90 70 13 116 5 4 3 223 24 5 1 4 1 8 2 144 8 1 1 1 0 0 0 5 6 6 0 3 4 6 3 28 14 6 0 4 0 1 0 1 0 0 0 0 0 1 0 2 6 4 0 2 0 2 0 6 6 1 0 4 1 4 2 16 77 368 5 215 3 11 1 78 7 4 0 1 5 12 2 43 7 17 0 14 0 3 1 8 9 12 0 12 12 125 5 125 185 350 4 145 2 7 5 27 3 1 0 1 3 4 0 19 221 62 1 21 2 11 5 113 97 59 5 12 31 148 10 216 19530 88 102 74 105 12 74 269 71 10 15 11 65 3 152 264 58 4 7 3 12 1 4 9 35 1 5 1 187 4 272 60 46 7 17 3 2 1 3 0 4 0 2 0 2 1 2 4 24 2 2 1 7 0 0 7 39 2 5 0 68 4 62 23 59 3 3 3 10 1 2 5 4 2 0 0 1 0 2 7 8 1 1 0 0 0 1 0 0 0 0 0 3 2 13 3 19 2 3 3 1 1 0 1 3 1 0 0 2 0 1 9 108 0 0 4 7 1 9 32 56 6 0 4 17 6 22 60 35 49 7 111 8 2 6 184 8 0 0 1 2 3 0 46 4 2 1 2 0 0 1 8 1 2 1 0 1 6 2 12 1 6 4 2 0 0 2 0 0 1 1 0 0 0 2 0 3 0 1 1 0 0 0 6 2 2 0 3 1 5 1 9 18 175 6 246 1 12 1 36 1 2 0 1 1 5 2 13 4 10 0 4 0 5 0 5 0 6 0 10 3 53 8 65 17 47 3 59 2 1 1 12 2 1 0 3 0 6 4 16 41 13 0 9 4 1 3 31 13 8 1 12 7 42 7 152 16024 85 120 83 84 8 88 415 96 3 6 4 76 6 168 244 39 3 5 0 10 0 4 5 73 3 5 4 290 9 279 55 86 6 31 5 2 0 6 4 6 0 0 2 6 1 2 1 57 0 2 1 5 0 5 3 121 2 2 1 226 3 108 15 61 12 4 3 1 0 2 11 3 0 0 0 1 0 1 5 9 0 0 0 0 0 0 0 2 1 0 0 8 1 4 6 90 2 8 5 1 0 3 6 4 0 0 0 1 0 1 5 323 4 6 10 8 2 6 102 257 7 2 5 76 10 32 103 109 100 6 194 8 4 9 271 33 5 0 1 3 7 0 139 2 1 0 6 0 0 0 7 7 3 0 2 2 12 3 35 4 2 1 8 0 0 0 2 3 0 0 1 0 0 0 3 4 0 0 1 0 0 0 3 6 4 0 0 1 3 1 7 93 401 7 299 0 12 3 66 2 4 0 2 2 13 1 36 8 18 0 1 0 3 0 8 8 14 0 4 9 78 2 115 156 204 1 107 2 4 1 29 3 2 0 0 0 7 2 11 303 93 3 38 7 9 6 117 177 48 0 14 25 105 9 197 1
19589 67 58 37 46 13 27 73 31 9 5 4 21 4 21 57 71 4 2 2 6 0 4 1 41 3 4 1 207 7 65 16 93 4 21 3 7 1 1 0 12 0 1 2 10 0 2 2 73 3 10 1 3 1 2 3 107 3 2 1 294 9 90 14 90 6 7 9 4 0 0 7 4 1 0 0 3 1 3 9 4 1 0 0 0 2 0 0 3 0 1 1 4 3 3 4 76 6 4 4 2 0 2 2 10 0 0 2 1 0 0 5 153 5 1 3 3 1 1 25 166 12 2 7 34 2 10 53 40 33 6 26 9 2 5 30 2 2 1 2 2 2 3 28 5 1 0 2 1 1 1 9 1 1 0 2 2 4 5 7 10 3 1 5 0 0 2 2 2 0 0 1 0 0 1 3 15 2 0 3 0 0 1 7 3 1 0 5 2 13 9 15 72 213 5 74 2 6 2 11 1 3 0 4 1 4 1 10 6 14 0 11 0 6 0 4 4 12 0 6 7 60 9 42 148 251 3 77 5 8 5 16 3 1 0 9 2 7 3 11 169 39 1 10 5 3 3 37 34 21 2 18 10 62 16 186 16244 48 85 66 44 4 66 217 98 2 6 1 85 4 115 235 75 1 2 3 8 1 3 7 91 3 3 0 358 10 206 62 166 5 30 0 2 0 3 2 8 0 0 0 4 0 1 1 100 1 6 3 3 1 9 13 153 3 2 2 295 4 128 38 91 6 7 2 0 0 2 5 4 0 1 0 2 0 2 2 9 0 1 1 1 0 0 4 6 0 1 1 6 2 4 9 111 5 4 10 2 1 0 10 4 0 1 0 1 0 4 2 428 9 4 13 11 2 6 84 255 5 7 4 70 8 17 67 92 74 2 101 2 4 1 179 21 6 1 6 6 4 2 114 3 2 0 4 0 0 0 9 4 2 0 1 6 10 4 29 7 3 0 3 1 0 0 1 0 0 0 1 0 0 0 7 5 0 0 2 0 0 1 6 5 1 0 0 3 5 1 7 95 340 3 227 2 9 1 81 8 9 0 1 1 13 0 41 6 6 0 13 1 2 0 6 11 11 0 9 17 97 8 104 198 311 3 127 1 8 0 28 2 2 0 1 1 5 1 12 311 83 3 24 2 5 6 93 135 32 4 19 31 136 12 213 19492 98 99 75 69 6 65 178 48 5 5 4 79 5 150 203 54 4 9 5 3 2 10 7 29 4 9 4 206 5 289 67 56 2 24 8 4 1 5 5 6 0 0 0 6 0 6 1 37 4 6 0 4 1 2 4 38 1 1 0 68 10 96 23 53 5 5 3 5 1 0 3 1 0 0 1 4 0 3 13 6 4 0 1 2 0 2 1 3 1 0 0 12 2 14 5 31 3 1 7 1 1 2 1 4 1 0 1 2 0 0 7 71 3 1 1 4 0 7 14 42 8 1 3 43 1 13 46 38 47 15 135 6 3 10 191 6 2 2 1 1 4 1 44 5 5 0 5 0 1 0 7 2 1 0 2 3 5 7 19 3 3 0 2 0 2 0 1 0 0 0 0 0 1 0 0 4 3 1 1 0 0 1 6 1 3 1 5 3 5 2 14 30 145 11 224 3 4 1 55 1 2 0 0 1 9 2 11 2 4 0 4 0 4 0 6 0 5 0 2 4 68 8 72 33 48 1 68 1 11 2 11 1 5 0 3 4 8 4 11 44 29 0 17 9 1 8 42 15 8 0 16 14 46 13 171 16158 75 128 88 58 12 106 368 104 5 9 10 78 5 171 247 56 2 5 2 6 0 3 9 85 2 6 1 332 4 232 74 89 8 14 5 3 0 3 10 5 2 0 1 4 1 11 3 75 1 1 1 4 1 4 7 129 4 3 2 153 5 93 28 49 4 4 9 0 0 1 12 3 1 1 0 3 0 3 6 3 0 0 3 1 0 0 1 4 1 0 0 14 1 5 6 84 2 3 4 2 0 1 11 8 0 0 0 1 0 3 4 314 9 8 11 4 8 13 94 244 1 2 3 79 4 42 115 104 107 6 180 6 4 4 288 24 7 0 8 7 8 7 138 4 3 1 3 0 0 0 5 2 1 0 2 5 11 1 38 12 8 1 3 0 0 0 3 0 0 0 0 0 0 0 2 5 5 0 3 1 0 0 1 3 3 0 0 2 6 0 15 91 276 6 286 4 8 2 89 5 3 0 1 1 14 0 48 1 7 0 8 0 1 1 7 6 11 0 6 10 75 4 90 170 200 2 102 2 4 3 40 3 3 1 0 0 5 0 9 299 112 2 48 3 8 7 110 154 53 2 15 41 93 15 195 1
17390 97 60 37 80 10 41 121 90 16 3 12 47 3 35 78 194 11 10 3 14 0 5 8 115 6 4 4 199 9 75 39 159 16 22 3 13 0 6 2 15 2 3 0 9 0 3 3 144 0 4 1 11 0 4 7 162 6 3 3 320 2 80 25 194 16 11 4 10 5 2 10 17 0 0 8 3 0 7 12 20 3 0 0 4 1 2 1 8 1 2 1 16 4 9 11 114 11 6 3 5 0 5 1 15 0 0 0 4 0 3 13 276 5 1 4 9 2 8 28 344 6 4 2 58 3 27 64 89 50 7 28 5 4 11 51 2 3 2 7 2 4 1 27 29 7 0 6 2 1 0 9 4 2 0 2 3 7 4 10 15 15 0 4 1 2 0 2 1 0 1 1 0 1 1 0 21 8 1 2 7 1 0 1 8 2 1 2 9 4 3 15 95 277 6 94 3 3 2 44 3 4 0 7 0 8 2 15 8 18 2 5 0 3 1 8 3 8 1 12 8 49 11 60 156 330 1 100 6 8 1 26 1 7 0 5 2 9 12 13 291 53 2 22 18 7 17 40 66 24 2 22 31 74 28 240 14053 78 78 74 93 10 89 312 170 2 14 3 117 6 117 204 128 0 5 1 13 0 15 19 138 1 7 0 471 14 227 113 200 8 55 9 6 0 9 14 16 0 5 0 6 0 9 2 144 6 12 3 14 1 6 13 171 3 6 1 317 3 196 66 132 20 4 10 2 1 2 17 7 2 0 1 2 1 4 7 15 5 2 1 1 0 0 6 14 2 0 0 16 6 8 11 160 10 15 13 1 2 2 10 9 2 0 0 2 0 1 5 442 6 8 8 10 5 5 93 245 9 4 4 92 8 41 123 126 117 11 117 4 6 7 223 37 7 3 8 5 14 13 154 4 4 0 2 0 0 0 6 8 1 1 0 14 9 3 43 8 6 7 2 0 0 2 9 1 0 0 2 1 0 1 4 3 5 0 2 0 0 1 5 7 1 0 2 5 4 5 23 121 461 5 220 4 11 3 87 9 8 0 9 3 12 2 43 13 21 2 10 0 17 0 9 12 16 2 5 19 136 3 102 205 291 8 187 0 8 4 49 5 8 1 9 3 5 1 25 291 118 2 30 3 13 4 112 169 49 2 23 58 146 24 351 17598 191 157 115 207 21 151 210 104 20 26 14 130 18 151 301 95 7 7 5 23 4 4 17 50 4 13 5 176 10 280 74 61 7 19 7 7 2 6 4 7 0 1 0 8 1 8 6 33 4 2 2 7 0 4 6 28 8 3 2 73 9 71 31 86 9 13 5 12 3 10 11 7 1 0 1 5 1 6 21 6 2 2 0 2 0 2 2 3 1 0 0 7 1 7 10 45 4 2 3 8 1 3 8 5 4 0 0 3 1 8 15 113 5 3 4 9 4 3 40 60 6 2 7 25 10 17 70 82 106 11 167 13 10 17 206 8 7 0 3 4 6 1 62 11 5 2 5 0 4 0 7 0 3 0 2 2 10 4 24 6 9 3 5 4 2 0 2 0 0 0 0 0 0 3 3 13 2 1 3 3 2 0 4 4 1 0 7 1 7 6 31 38 260 18 304 2 18 4 57 4 3 0 3 2 8 1 39 4 6 0 6 0 5 1 8 1 5 0 3 3 56 12 68 39 70 3 93 10 13 4 31 2 1 1 3 4 6 9 25 76 26 1 17 16 5 13 58 27 10 2 24 16 53 31 258 14003 116 156 139 136 17 150 445 149 6 8 8 140 6 179 269 82 3 8 3 15 0 9 16 104 2 6 2 414 13 262 120 86 3 27 7 8 1 8 10 9 2 2 0 12 1 4 3 74 1 5 1 6 0 6 11 124 3 4 3 321 11 169 55 74 20 13 8 2 0 3 15 5 1 0 1 1 3 5 6 8 0 1 1 0 2 2 8 5 1 0 0 11 7 12 10 89 9 7 13 1 0 4 14 2 1 2 0 1 0 2 4 325 18 6 15 15 8 10 130 248 1 5 6 105 9 56 135 158 155 15 200 9 7 6 279 46 7 4 7 7 8 11 173 9 0 0 3 0 3 2 5 5 2 0 1 11 16 1 56 12 12 4 3 1 1 0 6 1 2 3 0 0 0 0 4 8 0 1 3 0 0 1 9 5 2 3 3 2 14 3 34 111 457 12 394 1 14 1 140 4 13 0 4 1 11 1 59 4 13 0 13 1 9 0 13 7 15 1 12 8 95 4 141 89 182 5 172 1 8 0 44 6 2 1 2 1 6 3 16 207 107 6 45 13 12 10 130 191 48 3 15 49 92 18 314 1
19578 25 51 18 26 6 19 9 49 4 5 0 12 2 20 18 93 2 1 3 7 0 4 7 81 6 4 2 153 3 51 17 145 3 31 2 5 0 4 1 17 0 1 0 7 0 2 0 76 3 4 3 4 0 3 3 142 5 7 2 283 9 67 16 115 13 2 2 2 0 2 5 6 0 1 0 3 1 3 7 13 0 0 1 1 1 0 1 5 2 0 1 9 5 10 6 101 6 8 3 2 1 1 4 5 0 1 0 2 0 0 2 144 2 4 0 5 1 4 34 207 11 4 8 52 3 19 33 35 29 1 17 2 2 1 16 9 0 0 1 2 0 3 5 8 2 1 4 0 0 1 6 4 1 0 2 3 11 1 12 13 4 1 3 1 0 0 2 0 0 0 0 0 0 0 1 10 3 0 2 0 0 0 6 1 2 1 3 3 8 2 7 79 186 4 68 0 5 2 16 3 3 0 0 1 3 0 10 5 14 0 12 0 4 0 4 3 9 0 9 7 84 9 66 161 266 5 82 2 4 1 22 1 3 1 5 0 3 5 10 179 52 1 12 3 3 3 34 24 21 2 17 25 91 21 207 16315 43 74 56 38 5 67 187 119 3 4 6 76 5 102 215 78 3 5 3 7 1 5 9 88 2 11 1 247 9 167 76 163 5 24 5 9 0 8 9 11 0 1 1 10 1 2 1 119 4 7 6 7 1 2 10 202 6 5 2 265 2 83 33 88 8 9 9 1 0 4 9 5 0 0 1 5 0 6 10 10 1 2 0 0 0 1 1 3 1 0 0 3 1 8 16 139 7 9 3 6 1 5 18 9 0 0 1 1 1 4 8 373 8 7 11 8 1 4 77 227 9 1 7 64 12 29 99 140 84 8 126 6 2 5 156 22 6 1 2 4 8 2 91 7 3 0 2 0 1 1 6 8 0 0 0 6 3 2 25 12 9 1 4 0 0 1 3 0 0 0 0 0 0 1 3 14 6 0 0 0 0 1 10 1 1 0 4 3 4 1 5 90 287 12 167 5 4 3 76 9 8 0 4 2 10 1 30 9 11 1 7 2 3 0 7 13 13 0 7 7 77 14 133 206 298 2 69 6 13 3 35 3 3 1 1 3 7 3 14 285 91 7 41 5 9 7 129 106 48 3 18 37 160 19 292 19603 100 125 91 111 12 79 198 66 12 8 12 79 7 167 226 29 3 3 1 9 1 2 8 23 2 2 2 151 9 273 47 43 3 18 4 3 0 7 2 2 0 0 0 5 0 4 6 14 4 6 2 2 0 5 1 22 0 3 2 46 5 62 19 35 6 5 9 1 0 1 2 3 1 0 0 1 0 2 10 3 0 0 1 0 0 0 0 1 1 0 0 3 4 7 2 13 5 3 2 0 0 2 3 4 0 0 1 0 0 2 8 35 3 3 4 5 0 4 26 27 7 2 7 22 4 15 52 49 66 8 132 12 4 6 182 3 5 0 3 1 3 1 32 1 2 1 5 0 0 0 9 2 1 1 1 3 9 4 30 2 5 3 3 0 0 0 4 0 0 0 2 0 0 0 3 2 1 0 3 0 0 0 4 0 1 0 3 2 2 2 18 28 149 6 261 2 11 3 57 1 4 1 0 3 9 2 31 3 2 0 3 1 3 0 6 4 5 0 7 2 61 7 60 14 64 1 49 3 7 0 19 1 0 0 2 3 4 4 23 31 21 1 9 10 7 7 48 19 7 0 10 7 60 7 215 16377 90 129 127 71 10 128 373 123 4 10 10 101 4 174 305 34 2 4 4 5 0 3 4 75 0 3 2 243 3 244 84 53 9 19 2 4 0 10 7 10 0 0 0 4 0 5 4 65 2 2 2 3 1 6 12 111 7 2 2 130 5 73 28 44 7 2 11 1 1 4 8 4 0 0 0 3 0 4 10 3 0 1 0 1 0 0 5 4 0 0 1 7 0 1 7 83 6 4 1 3 0 3 14 3 0 0 0 4 0 4 6 216 10 9 8 9 0 6 98 221 4 3 5 66 10 31 139 135 152 7 218 5 8 5 292 33 6 0 2 8 4 5 128 2 2 1 3 2 1 0 6 7 3 0 1 4 12 1 33 5 8 1 2 0 0 1 4 0 0 0 0 0 0 0 1 1 3 0 1 1 0 0 10 7 2 2 1 2 8 1 11 101 281 4 304 1 12 2 77 7 7 0 1 1 7 2 30 2 9 0 8 0 1 0 9 3 9 0 11 8 67 5 123 122 149 1 80 1 1 1 47 1 4 0 2 0 8 1 14 218 87 3 34 6 8 6 108 94 22 0 15 22 126 11 268 1
19447 43 61 20 51 2 22 127 36 3 2 2 24 1 31 65 74 4 6 2 2 1 1 9 45 0 5 0 205 9 83 35 155 8 25 0 1 0 3 3 6 0 0 1 5 0 2 0 65 0 6 0 2 0 1 7 114 3 4 1 357 11 63 19 85 7 1 3 4 1 2 5 2 0 0 0 1 0 4 10 6 0 1 0 2 0 0 2 4 0 0 0 9 2 7 2 74 6 2 2 1 0 0 3 9 0 0 0 2 1 0 7 201 3 0 3 2 0 1 21 182 4 1 3 32 1 6 45 44 19 5 20 4 1 6 51 4 2 0 1 1 0 0 11 6 1 0 4 0 0 0 8 1 3 0 1 1 5 2 9 6 6 1 2 0 0 0 0 0 0 0 0 0 0 0 3 4 0 1 1 0 0 1 3 2 1 1 10 0 3 3 14 49 164 4 85 1 2 0 23 1 3 0 3 0 2 3 6 3 6 0 13 0 1 0 5 3 7 0 15 5 72 6 81 153 311 4 42 1 12 3 12 1 3 0 1 1 10 7 8 205 43 4 7 5 5 5 42 20 12 1 13 19 110 17 165 16165 31 84 50 33 5 57 327 81 2 6 2 71 6 105 286 74 0 8 0 3 0 3 4 84 3 2 3 358 12 222 89 185 7 35 3 3 0 6 5 5 0 0 0 7 0 0 1 106 0 5 2 3 0 4 6 161 2 4 2 299 5 99 36 92 9 1 2 0 0 0 8 3 0 0 0 1 0 0 4 15 0 0 1 0 0 0 0 5 0 0 0 9 3 8 3 108 2 11 8 1 0 1 12 3 0 0 0 1 0 0 2 347 8 4 7 8 2 12 80 209 10 0 3 77 6 13 64 87 68 6 132 3 3 4 257 25 3 0 1 5 6 2 130 5 1 0 1 0 0 0 6 6 1 0 1 4 9 3 32 4 4 0 1 0 1 0 3 0 0 0 0 0 0 0 1 2 2 0 0 0 0 0 6 0 2 0 2 2 5 1 10 79 461 2 279 2 8 6 107 3 1 0 4 5 8 0 30 4 12 0 5 1 6 0 8 11 14 0 8 15 115 2 131 191 320 2 102 2 4 1 34 2 1 0 2 0 1 0 6 241 88 0 34 1 1 1 89 76 49 0 14 34 142 5 182 19453 97 92 68 69 6 63 270 51 4 6 2 57 6 137 231 44 4 3 3 10 1 1 5 36 3 6 0 169 3 291 56 45 2 17 5 6 0 4 1 3 0 1 0 3 0 3 1 24 3 3 1 7 0 6 3 35 4 2 0 96 6 66 19 37 8 6 2 3 0 3 12 0 0 2 0 2 0 3 11 6 0 0 0 0 0 1 0 3 0 2 1 2 1 15 2 28 2 1 2 4 0 3 4 2 0 1 0 2 0 0 6 88 6 2 4 9 2 10 22 93 4 1 2 35 4 32 45 41 42 7 163 3 5 6 236 3 2 0 2 0 2 1 48 2 1 1 3 0 0 0 4 1 0 0 1 2 7 2 19 3 8 0 2 0 0 0 1 2 0 0 0 1 0 0 0 3 1 0 1 0 0 1 3 2 3 0 1 1 5 0 9 32 157 7 279 1 6 1 29 2 1 0 1 2 5 1 15 3 3 0 4 0 2 1 5 0 4 0 7 4 59 3 83 21 68 2 46 2 12 1 16 0 3 0 2 2 16 6 15 65 26 1 14 9 2 3 29 11 5 2 10 8 65 15 135 16183 71 119 88 67 9 81 438 109 5 5 2 88 2 160 271 49 0 1 2 8 0 5 8 72 3 1 2 323 8 249 60 66 3 16 1 3 0 4 7 7 0 0 0 6 0 2 0 45 1 3 2 1 0 7 10 130 3 3 1 239 3 87 22 54 10 4 6 0 2 0 3 3 0 0 0 0 0 3 1 4 0 0 1 0 1 0 1 3 0 0 0 7 0 6 2 86 9 5 10 1 0 1 6 3 0 0 0 1 0 0 3 307 7 2 16 6 2 9 122 285 4 0 3 83 4 30 123 144 96 8 182 2 5 2 279 36 6 1 2 1 6 3 105 2 2 0 2 0 0 0 2 1 0 0 0 3 8 5 29 7 5 1 2 0 1 0 0 1 0 0 0 0 1 0 0 2 3 1 0 0 0 0 4 1 1 0 1 2 11 1 9 97 381 4 258 1 8 2 72 3 2 0 1 2 9 1 33 5 9 0 5 0 0 0 5 6 10 0 4 18 95 3 92 141 217 5 78 0 0 0 20 2 3 0 1 1 4 1 3 335 100 3 50 7 4 5 135 127 52 1 9 43 97 10 163 1
19409 36 52 20 41 1 29 69 54 6 3 2 35 1 44 70 80 2 5 1 5 0 2 4 52 3 5 1 198 4 92 33 155 7 21 1 5 0 4 1 11 0 0 0 7 0 4 2 82 2 4 1 2 0 3 5 132 4 5 0 297 8 66 17 100 8 4 2 3 0 0 4 5 0 0 0 1 0 4 9 4 0 0 0 0 0 0 0 5 1 1 1 4 4 8 4 70 6 3 3 0 0 0 3 10 0 0 0 3 0 2 8 165 10 0 3 4 0 2 23 210 11 1 7 53 3 21 57 46 29 5 18 4 3 4 51 4 0 0 1 3 2 2 18 5 1 0 1 0 1 0 9 3 1 0 2 2 6 2 12 5 3 1 6 0 0 0 2 0 0 0 0 0 0 1 1 11 2 0 2 1 0 0 14 0 1 1 4 2 8 2 15 65 181 4 79 2 2 1 17 5 7 0 1 1 2 1 13 8 4 0 4 0 0 0 2 2 10 0 15 7 71 6 68 114 229 1 66 2 5 2 17 0 3 0 1 3 8 6 18 211 30 2 13 7 7 6 39 41 14 0 19 23 102 16 174 16394 35 99 37 43 2 59 229 99 5 9 6 73 4 94 186 71 2 1 2 13 0 5 5 92 4 3 3 337 6 180 87 157 3 64 7 11 1 9 2 10 0 2 0 3 2 6 7 103 0 7 4 8 0 13 9 101 3 5 1 283 7 152 31 73 7 2 3 3 1 1 17 4 2 0 0 2 1 3 5 4 0 1 2 0 0 0 1 6 2 0 0 15 4 5 5 98 2 11 8 1 0 5 12 8 0 0 2 1 0 2 7 317 9 6 6 6 3 6 89 226 7 2 2 65 6 35 90 95 69 1 83 4 3 3 191 21 8 0 6 6 5 3 121 8 3 1 0 0 1 1 6 7 6 0 2 6 19 1 31 10 2 4 4 0 0 1 0 1 0 0 0 2 1 0 1 7 0 1 0 1 0 0 3 3 1 0 1 2 6 4 20 96 332 7 217 5 17 1 59 4 8 1 4 5 11 1 44 9 12 0 4 0 8 0 9 9 20 1 13 21 135 4 135 157 335 8 161 2 0 2 37 6 1 0 2 0 4 1 10 243 67 3 29 5 8 5 90 95 36 4 16 31 126 18 252 19434 101 113 87 77 10 66 220 59 2 5 8 58 5 140 232 32 3 3 2 7 0 4 4 37 2 8 0 177 9 333 58 31 4 29 6 2 0 3 1 5 0 1 0 6 0 6 2 18 1 2 1 1 0 2 6 25 2 0 1 93 6 72 14 32 5 5 5 1 0 0 2 3 0 0 0 2 1 3 9 5 1 0 0 0 0 0 1 0 0 0 0 1 1 9 1 23 1 0 1 0 0 0 3 1 0 0 1 3 0 1 10 82 8 3 9 5 0 6 24 59 5 0 8 42 6 23 56 46 56 6 127 6 4 5 189 8 3 1 2 2 6 1 44 3 1 1 3 0 1 1 10 1 0 0 1 1 4 4 21 4 7 1 2 0 0 0 0 0 0 0 0 0 1 0 1 1 0 0 1 0 0 0 1 3 0 0 7 2 5 1 11 30 158 7 259 3 12 7 48 2 3 0 6 1 9 2 21 1 3 0 8 0 1 1 3 0 1 0 5 2 69 8 82 29 84 0 63 2 9 0 16 3 1 1 2 1 7 5 17 52 31 0 13 10 4 4 40 13 5 1 10 7 61 12 165 16296 84 153 103 73 3 105 345 111 4 13 4 94 4 133 231 57 1 6 0 13 1 8 9 69 1 5 1 270 11 222 85 99 4 30 8 6 0 6 11 9 0 0 0 5 0 6 2 63 1 4 3 6 0 6 11 109 1 4 2 179 3 122 35 52 3 5 4 0 0 2 7 2 0 1 0 2 1 5 7 3 0 0 1 1 0 3 9 3 0 0 0 5 1 8 6 65 8 9 10 2 0 5 10 4 1 0 1 3 1 1 5 240 6 2 16 6 1 11 102 201 3 5 3 99 14 42 93 121 90 6 173 5 7 6 241 27 4 0 8 5 16 6 123 6 3 0 2 0 0 0 9 4 2 0 1 7 15 2 44 9 6 1 3 1 0 0 4 0 0 0 0 0 2 1 1 5 2 0 0 0 0 0 3 5 0 0 0 2 4 3 17 76 293 7 261 2 14 1 96 3 7 0 2 2 18 3 51 7 12 0 4 0 1 0 7 13 12 2 4 15 96 7 135 127 188 6 117 1 6 0 36 2 3 0 0 2 6 0 9 260 95 2 47 10 9 5 83 128 56 3 15 36 119 10 245 1
20459 33 32 10 31 4 16 23 49 11 1 9 34 1 30 50 125 5 4 1 9 0 6 5 71 1 7 2 98 2 64 25 35 3 4 2 7 0 3 1 4 1 0 1 6 0 0 3 91 2 1 1 14 0 4 3 126 4 2 1 95 5 32 16 108 5 7 1 2 0 3 5 6 0 1 1 0 0 1 3 14 0 0 2 2 1 1 2 4 0 0 0 5 2 9 4 93 8 3 2 3 0 3 2 6 1 1 0 2 0 2 4 314 11 4 1 12 0 3 6 312 5 3 3 23 1 14 21 45 22 2 16 5 1 6 20 8 1 0 1 0 0 3 8 8 1 0 1 0 1 0 2 2 0 0 1 2 0 5 2 5 2 0 1 0 0 1 3 1 0 1 0 0 1 0 1 12 3 0 1 0 0 1 2 5 0 0 3 2 2 2 6 62 91 11 41 2 3 1 10 0 1 1 3 1 0 1 7 4 4 2 4 0 0 0 3 1 4 1 2 2 16 5 14 142 140 2 27 2 5 1 7 3 2 0 3 1 2 1 9 264 31 1 16 3 7 2 21 47 7 4 10 13 25 15 64 22105 23 11 15 16 2 12 26 27 2 4 5 14 1 22 61 65 1 2 0 2 0 0 2 21 0 2 1 41 0 27 3 25 2 4 0 2 1 1 0 3 0 2 0 2 0 0 0 50 1 0 1 3 0 1 3 50 1 2 0 77 2 8 5 71 8 1 4 3 0 0 2 6 0 0 1 1 0 1 1 6 0 0 0 0 0 1 2 4 1 1 0 3 0 0 1 44 2 1 1 1 0 0 5 5 1 0 0 2 0 1 2 126 2 0 2 2 0 1 10 92 2 0 3 16 3 8 18 20 13 4 36 4 4 3 56 4 2 1 1 3 0 1 4 4 1 0 0 0 0 0 1 0 0 0 1 1 0 0 3 5 1 0 1 0 0 0 0 1 0 0 0 0 0 1 2 4 1 1 1 0 0 0 2 1 1 0 1 0 4 0 6 41 57 4 41 2 1 0 11 3 0 0 2 0 0 0 4 2 2 0 5 0 0 1 2 0 3 0 1 1 8 2 8 95 91 0 14 2 5 2 5 3 2 0 1 2 2 0 9 88 22 1 5 8 3 4 12 26 1 3 7 7 8 6 67 20379 115 50 91 127 13 81 250 51 6 5 11 56 7 100 252 43 6 5 5 8 0 4 8 32 2 4 0 123 5 91 33 44 6 2 1 4 1 2 2 5 0 0 1 2 1 4 0 39 4 2 1 6 0 3 1 20 3 1 0 68 4 42 14 40 10 3 5 2 2 3 7 6 2 0 0 3 0 2 6 5 1 0 1 2 0 1 2 4 0 0 0 5 1 7 3 21 0 0 4 3 1 1 3 11 0 0 0 1 0 1 14 34 4 2 6 9 0 3 16 34 3 0 1 23 5 18 33 47 68 4 120 8 5 10 204 5 1 2 5 1 4 3 52 4 0 0 3 0 1 1 5 3 1 0 0 2 2 2 17 2 7 0 3 2 1 0 3 1 0 0 2 0 0 0 2 7 0 0 1 1 0 1 7 3 2 0 4 1 3 3 12 30 130 7 122 0 9 1 34 1 1 0 4 1 1 3 18 1 3 0 4 0 0 0 2 1 0 1 4 7 6 6 21 23 61 0 36 0 4 1 6 2 2 1 0 1 2 1 18 35 15 0 3 0 3 8 25 18 7 0 7 11 20 13 120 22105 80 18 44 44 11 43 129 39 4 4 6 17 0 40 109 18 2 4 0 1 0 4 1 6 0 3 1 38 3 77 24 11 2 3 0 0 0 1 2 2 0 0 0 2 0 3 0 7 0 0 0 0 0 1 4 16 1 1 0 18 3 7 3 22 7 2 2 0 0 1 3 4 0 0 0 0 0 1 3 1 0 0 0 0 0 0 0 2 0 0 0 1 0 2 1 17 4 0 0 0 0 0 1 4 0 0 0 0 0 0 0 33 1 2 1 0 0 1 7 76 4 1 4 8 1 3 9 27 38 2 101 2 5 7 98 6 1 0 2 1 1 1 15 5 1 0 1 0 0 0 6 1 1 0 2 2 2 0 1 5 3 1 1 0 0 0 2 0 0 0 0 0 1 0 3 7 1 0 0 0 0 0 2 0 1 0 3 0 1 0 12 18 54 6 76 0 1 0 28 0 0 0 5 0 1 1 4 1 1 2 2 1 0 0 0 0 0 0 2 1 5 3 12 26 33 0 12 2 5 1 7 0 1 0 1 1 4 0 17 83 15 0 9 4 1 0 8 13 3 0 8 5 14 8 61 1
18663 55 78 59 74 14 57 111 48 7 16 6 48 9 81 120 59 6 9 3 14 1 2 7 65 5 9 5 146 7 140 62 86 3 14 2 5 2 8 0 12 0 4 0 5 0 5 3 63 1 8 0 13 2 2 4 89 9 4 4 160 9 81 29 58 17 1 3 6 0 3 5 5 3 2 3 2 0 13 12 18 5 0 0 3 8 1 2 6 0 1 2 9 2 10 8 45 8 5 7 3 1 3 10 9 1 2 2 1 0 3 11 148 5 5 2 4 2 6 39 163 14 5 14 57 6 30 72 54 51 9 76 6 10 10 122 5 5 1 4 3 5 7 62 13 4 2 4 0 1 2 14 2 1 4 2 2 3 4 28 10 9 4 4 0 1 1 1 6 0 3 4 0 0 0 5 13 5 1 3 1 0 1 9 11 2 3 4 1 11 11 21 50 150 6 126 1 7 4 45 3 2 0 6 3 4 5 28 9 11 0 9 3 3 0 6 5 7 0 7 5 40 5 52 101 173 3 84 6 11 6 30 6 8 4 10 2 6 11 33 168 50 1 29 23 4 10 76 79 32 8 31 30 64 34 229 15445 44 153 73 70 8 83 292 127 5 15 6 89 9 150 255 35 0 6 3 9 1 8 11 68 5 9 3 258 12 288 129 168 8 32 13 14 3 6 7 12 0 1 0 19 2 5 3 61 6 9 7 10 0 7 22 151 11 11 4 232 22 104 59 36 3 13 3 2 0 4 13 4 1 0 0 4 1 4 8 6 4 1 0 0 0 1 2 8 0 1 1 15 5 7 13 73 4 4 7 1 1 5 17 9 0 1 1 6 1 4 4 239 11 5 14 13 2 11 90 187 6 3 2 114 16 59 111 105 77 13 156 5 10 7 305 34 9 1 5 9 10 5 163 8 4 0 3 1 0 1 13 6 8 1 4 7 20 5 72 11 5 4 3 0 2 0 2 1 0 0 1 0 1 0 2 7 6 0 6 0 0 0 8 5 4 0 2 3 5 1 37 75 272 12 310 3 17 4 120 9 7 0 3 2 24 1 75 9 11 1 15 0 3 0 14 8 22 2 7 26 122 6 183 146 196 7 101 6 12 1 62 5 3 0 0 2 10 2 22 207 85 4 39 11 11 5 117 120 56 4 22 52 144 21 251 18694 96 81 57 45 13 43 142 74 6 3 11 93 3 164 224 58 2 7 6 6 0 9 9 60 2 10 5 161 5 211 79 58 2 15 2 3 1 4 6 8 1 0 0 10 2 3 1 45 7 2 2 4 0 4 6 110 4 5 3 170 8 76 53 56 6 5 10 5 0 2 6 5 2 1 1 2 0 5 15 9 1 2 0 3 0 2 4 4 1 1 0 5 2 19 5 54 5 0 1 5 1 2 6 9 1 0 1 5 0 6 11 131 5 3 2 10 2 11 31 151 7 4 8 53 10 39 69 42 79 9 109 6 7 10 132 3 5 2 9 6 5 4 61 7 3 0 2 4 0 1 14 2 1 2 5 6 2 4 32 6 15 0 2 0 0 0 2 0 0 0 1 0 1 0 1 5 11 0 3 0 0 3 7 7 2 1 3 5 7 3 26 41 148 7 155 3 9 5 53 2 1 0 1 2 6 4 18 2 11 1 6 0 0 2 4 5 7 3 7 4 26 8 58 90 129 2 66 3 15 4 30 2 3 0 2 6 12 6 26 94 47 5 21 15 5 9 54 53 11 6 20 21 55 21 196 15326 51 93 73 53 8 77 348 128 4 6 11 99 7 122 264 33 3 6 3 8 0 5 14 77 0 5 2 217 2 179 83 134 4 23 1 7 1 5 10 10 1 0 0 6 0 3 1 70 3 5 4 4 1 4 14 167 0 2 4 318 5 89 59 32 1 5 7 0 0 6 16 7 1 0 1 3 1 3 2 5 0 1 0 0 0 0 4 6 1 0 0 13 1 9 8 87 6 1 10 8 1 2 19 6 0 0 0 6 0 1 7 347 15 7 16 15 3 20 88 355 8 5 7 155 15 50 140 179 86 6 144 5 4 6 315 42 9 0 9 11 13 3 140 7 2 0 4 1 0 0 7 6 2 0 1 6 5 2 44 10 5 2 5 1 0 0 8 4 0 0 1 0 0 0 4 6 7 0 5 0 0 0 5 8 3 0 1 3 8 0 21 86 199 7 183 2 3 5 102 8 6 0 1 4 8 1 39 7 12 1 15 1 1 0 18 13 9 0 7 7 67 7 92 196 309 8 86 3 11 3 50 4 6 0 1 1 7 1 8 379 165 5 60 12 10 5 165 175 75 4 28 57 163 22 238 1
18693 81 79 55 65 12 48 72 47 7 3 13 33 6 56 93 71 7 4 3 31 1 7 8 52 2 8 8 142 12 117 48 85 5 32 6 4 0 6 1 24 3 8 2 9 0 3 3 58 1 6 0 4 0 2 2 92 5 10 3 182 17 88 29 105 17 4 11 2 6 4 6 7 0 1 0 6 3 8 14 17 7 4 0 6 6 1 3 8 3 0 0 11 2 11 8 80 6 11 6 4 2 0 6 11 0 0 1 2 0 2 5 137 8 6 2 5 6 3 34 134 16 5 13 51 9 22 55 56 52 13 67 5 4 4 95 6 6 5 7 4 2 8 51 6 6 1 3 3 1 1 14 5 0 0 4 5 5 6 33 13 7 8 8 1 0 1 5 5 1 6 0 0 1 5 2 11 2 0 1 3 0 1 6 5 2 2 6 6 8 14 33 52 162 9 100 4 11 6 45 4 3 1 6 8 7 2 26 10 7 1 13 2 8 1 14 3 7 1 7 9 45 3 62 102 164 8 79 9 11 4 22 10 8 3 16 4 5 5 34 171 60 10 24 7 12 15 60 61 30 7 31 37 66 31 246 15472 39 144 76 38 3 63 300 105 10 12 12 71 13 151 298 40 2 7 3 5 0 6 13 76 5 8 4 314 15 279 126 171 9 47 5 11 0 4 5 5 0 0 0 8 0 5 1 68 6 2 9 6 0 6 14 137 2 5 2 240 13 92 66 36 3 11 5 3 0 3 16 13 0 0 1 6 0 2 8 5 0 0 1 0 0 1 2 3 0 0 1 9 6 13 9 60 7 6 4 3 1 3 14 14 1 0 0 5 1 5 5 237 16 6 22 8 3 15 80 228 4 1 4 99 10 52 108 116 83 12 136 3 3 7 328 34 5 0 6 3 6 5 175 8 2 1 6 1 0 0 9 8 6 0 4 11 27 1 68 12 5 2 2 1 1 0 2 1 0 0 0 0 0 0 0 8 5 0 0 1 0 0 4 5 6 1 2 2 11 0 26 69 265 7 255 4 21 11 137 9 4 0 4 2 17 5 67 9 5 1 8 1 2 0 18 9 17 0 10 15 132 4 169 153 224 6 94 7 10 3 66 3 0 0 3 3 9 7 13 287 100 2 66 10 20 7 120 126 46 1 17 56 142 20 232 18609 81 62 74 66 16 56 191 95 6 2 11 81 5 141 252 46 3 9 3 8 0 3 9 62 1 7 3 152 7 202 59 62 8 9 3 3 3 4 2 4 2 0 0 4 1 6 5 39 0 3 2 1 0 3 3 99 6 2 3 105 7 69 48 59 6 7 4 6 0 4 8 6 1 0 1 1 1 7 13 7 1 0 0 0 0 2 1 10 0 0 0 5 1 10 9 47 6 2 3 0 0 1 6 9 1 0 2 2 1 4 16 134 3 2 2 11 1 3 52 207 16 2 7 67 6 33 102 60 64 10 99 6 4 5 169 11 3 1 5 3 3 1 84 12 4 3 8 2 0 1 12 3 1 0 4 0 5 3 28 6 9 0 4 0 1 0 3 4 0 1 1 0 2 1 10 10 5 1 4 0 0 2 6 1 3 1 3 3 6 2 12 43 142 6 144 3 7 2 64 2 3 0 2 1 4 4 23 3 3 4 6 1 0 0 1 0 8 0 5 4 25 16 61 87 143 3 48 9 10 3 19 0 2 0 1 3 9 7 21 126 43 1 20 10 13 9 76 77 23 1 16 30 51 25 195 15334 49 91 78 61 11 75 348 148 5 17 11 83 6 126 274 39 3 5 1 4 2 5 9 66 4 5 3 216 6 176 80 119 6 21 3 5 0 4 4 6 0 1 0 9 0 2 3 107 0 4 6 4 1 8 19 167 5 3 1 304 9 103 55 41 5 4 3 3 1 1 13 6 0 0 0 1 0 2 8 6 0 0 1 0 0 0 7 9 0 0 1 8 2 5 14 102 4 2 7 1 0 3 17 7 0 0 0 6 0 2 4 333 13 6 17 18 6 18 102 319 13 3 6 132 10 47 131 148 84 10 159 6 10 5 297 49 4 2 3 8 7 7 153 5 4 1 2 0 1 0 9 8 5 0 4 3 11 2 39 9 9 0 4 1 0 0 4 0 2 0 0 0 1 0 3 9 4 0 4 0 0 0 12 3 2 0 2 3 6 0 15 81 250 13 178 2 10 2 86 4 9 1 1 2 12 3 43 3 8 0 8 2 1 0 12 10 9 0 5 17 72 6 87 212 345 3 109 2 7 2 44 9 1 0 1 3 6 1 22 346 130 2 64 10 6 7 147 189 53 4 17 67 173 18 263 1
19808 28 79 27 40 4 20 40 39 8 4 6 24 3 37 103 56 3 8 0 6 0 2 4 37 5 3 3 148 7 133 27 134 1 59 5 8 0 8 1 12 0 1 0 5 0 2 1 57 3 2 0 4 0 4 5 65 5 3 1 190 20 80 26 49 5 6 4 3 0 0 1 11 0 0 3 5 2 3 15 7 2 2 1 0 0 0 0 4 1 0 1 5 3 3 3 47 4 6 6 5 0 3 6 11 1 2 4 0 0 1 10 70 5 2 5 4 0 4 21 103 10 0 9 36 3 13 57 47 21 8 36 5 1 6 68 6 1 0 0 2 0 1 20 7 4 0 2 2 1 0 13 3 1 0 1 6 7 4 22 13 7 3 4 0 1 1 3 0 0 0 0 1 0 0 2 8 1 0 0 3 1 0 6 3 0 0 7 1 11 1 19 36 152 11 127 3 10 1 37 4 4 0 9 2 6 0 25 7 12 1 11 0 4 2 5 7 17 1 7 5 60 6 83 79 165 4 70 7 13 1 21 4 0 1 3 2 3 6 16 95 51 2 19 12 6 11 59 24 20 5 15 35 95 15 223 16789 29 81 52 34 3 59 306 145 4 7 3 55 6 78 253 42 0 7 2 4 1 2 11 51 7 5 1 215 8 166 88 92 6 26 6 8 1 4 4 12 1 3 1 11 1 6 3 42 0 2 2 9 0 5 12 94 5 3 2 236 9 107 46 36 8 6 5 7 0 3 7 6 0 1 2 3 0 2 6 7 0 4 1 0 0 2 4 6 1 1 0 8 0 4 5 70 3 11 10 6 2 6 17 9 1 0 1 2 1 4 3 267 11 8 13 10 3 10 97 232 9 1 4 104 11 44 146 158 52 9 86 3 3 6 297 56 18 2 9 8 13 4 150 12 3 1 4 1 0 1 10 12 6 1 3 3 11 3 49 17 6 1 5 0 0 0 1 1 0 0 0 0 2 0 3 4 3 0 2 1 0 0 6 8 3 1 2 3 2 0 16 53 167 10 157 1 9 3 109 7 5 0 2 1 9 3 37 8 8 1 11 2 2 0 13 11 11 1 7 9 64 2 126 101 171 4 110 4 5 2 56 2 1 1 0 1 6 2 13 286 109 1 38 9 6 5 134 126 48 2 28 38 115 17 234 19708 45 79 50 60 14 49 188 83 6 8 4 48 7 89 201 34 4 4 1 13 2 5 8 38 2 2 4 114 2 164 50 41 2 11 2 8 0 2 1 3 1 0 0 6 2 3 2 35 2 4 0 2 0 2 5 60 0 3 1 116 11 42 24 15 7 5 7 3 2 2 5 6 0 1 0 3 0 2 7 3 1 0 0 2 0 0 1 3 0 0 1 2 1 14 3 32 4 3 3 1 0 1 7 6 1 0 1 1 0 6 10 102 5 5 5 5 1 3 55 153 1 6 11 57 5 33 78 76 45 4 69 6 6 7 169 25 8 0 2 9 6 4 59 3 2 1 3 0 1 0 6 2 1 0 4 0 6 2 22 3 3 0 4 1 0 1 3 1 1 0 1 1 0 0 2 6 2 0 1 0 1 1 5 3 1 0 1 2 4 4 12 24 120 1 158 2 4 0 51 5 1 0 2 1 6 0 22 4 3 1 4 0 0 0 5 2 3 2 2 5 24 6 40 48 108 1 28 1 11 2 13 0 1 0 3 2 11 3 16 137 50 3 24 8 4 7 69 53 14 0 11 11 43 11 152 16794 49 95 59 58 13 65 425 133 6 4 12 67 6 88 303 30 2 3 2 3 1 5 13 37 1 4 3 199 10 181 83 61 3 7 2 3 0 7 8 11 1 0 1 4 0 2 6 39 2 6 2 4 0 5 9 94 2 4 3 161 9 61 31 39 2 4 5 0 2 2 17 3 0 0 1 3 0 2 4 7 0 0 0 1 0 1 3 9 1 1 0 4 4 9 8 55 3 5 4 5 2 5 8 3 0 0 0 1 1 0 1 373 7 10 13 12 2 12 96 346 8 3 6 95 5 41 116 151 47 8 118 7 3 6 331 54 6 2 7 8 10 8 176 7 1 1 2 0 0 0 6 10 6 1 3 5 5 5 37 2 4 0 4 0 1 0 4 0 0 0 0 0 0 0 1 4 0 0 0 0 0 0 4 10 1 0 2 2 7 0 24 66 208 2 184 0 4 4 68 7 3 0 4 1 2 2 28 12 6 1 5 0 2 0 7 7 7 0 8 5 56 4 79 90 159 1 78 0 5 1 32 5 1 0 6 2 8 2 13 327 93 2 39 3 6 5 114 179 36 3 10 29 102 6 217 1
19684 45 86 35 56 17 51 125 43 6 6 10 44 6 69 187 33 5 9 1 8 2 6 7 47 0 5 1 121 5 178 62 125 8 30 2 5 2 3 2 8 3 1 0 8 2 5 1 44 2 7 0 5 0 3 4 57 4 3 1 172 15 61 20 41 3 5 1 2 2 1 8 4 1 0 1 0 1 1 12 2 0 1 1 0 0 0 1 2 0 0 1 9 2 12 4 31 4 2 6 2 0 2 4 9 4 0 3 2 0 2 7 39 3 3 3 5 0 4 23 54 14 1 11 37 10 13 56 25 42 4 69 5 6 9 123 2 2 0 2 5 3 1 49 4 3 0 1 0 1 0 5 4 1 0 1 0 8 4 30 6 6 0 5 2 2 0 0 1 0 0 0 0 2 1 2 6 2 0 1 1 0 1 8 1 1 0 7 5 4 1 29 61 155 10 209 2 4 1 54 1 3 1 0 3 8 0 22 6 10 1 10 0 0 0 7 5 6 1 5 9 51 5 87 57 130 4 72 3 8 0 22 1 1 0 4 1 5 7 22 57 37 3 20 6 9 6 46 20 18 0 19 23 91 20 142 16854 34 133 59 30 3 64 295 86 4 4 4 64 6 107 244 44 5 8 6 6 1 7 9 63 2 11 1 266 12 241 104 107 2 28 8 2 0 3 7 13 1 1 0 8 0 3 2 74 5 8 4 5 0 4 9 129 5 2 1 200 5 97 41 37 3 5 7 1 0 2 7 8 0 1 0 5 1 0 10 9 0 1 1 0 0 1 2 7 0 2 0 14 3 7 9 66 3 3 7 5 0 1 11 2 0 0 0 3 0 2 4 253 15 6 11 11 4 11 86 210 7 5 4 96 7 34 94 92 71 4 83 3 6 4 230 20 10 1 5 6 9 8 136 9 2 0 1 0 0 0 5 7 2 0 2 13 8 1 41 10 5 2 6 1 0 0 3 1 0 0 0 1 0 0 2 6 1 0 3 0 1 1 3 9 3 0 1 2 10 0 17 82 277 1 200 3 10 1 93 7 5 0 2 1 13 4 46 8 11 0 6 0 2 0 7 5 9 0 6 22 86 11 130 124 229 2 101 6 13 3 39 5 4 0 1 1 4 4 18 191 81 1 45 12 7 8 100 137 41 2 16 47 101 17 199 19666 32 85 34 21 2 23 93 56 5 4 6 28 1 38 115 68 3 7 2 7 1 5 1 54 1 7 0 98 4 107 27 70 7 18 2 3 1 2 0 7 0 2 0 11 1 3 1 54 1 6 3 4 1 2 2 83 2 1 0 145 11 58 15 56 6 6 5 2 2 1 2 10 1 1 4 2 1 4 8 12 0 2 1 3 0 0 1 11 0 1 0 6 2 10 3 80 3 5 5 2 0 5 3 12 1 0 1 1 0 3 10 169 4 2 8 9 1 6 37 186 6 6 9 61 10 20 79 63 31 4 47 4 1 3 102 20 3 2 1 0 3 3 53 7 0 1 1 0 0 0 5 3 0 0 0 8 6 2 17 6 3 1 1 1 0 0 0 0 0 0 0 0 0 0 0 7 7 0 3 2 0 2 3 5 0 2 0 1 6 4 16 30 107 0 82 0 6 0 30 3 2 0 3 0 5 1 14 6 3 3 7 1 3 1 6 1 11 4 6 6 42 10 68 110 149 3 55 1 10 1 14 6 1 0 3 4 8 2 19 216 70 2 27 7 8 6 61 66 31 3 13 25 82 16 165 16851 37 99 84 39 6 80 278 105 6 7 8 63 8 108 263 30 1 4 2 2 1 5 7 50 1 3 2 232 9 180 73 67 5 22 9 4 0 8 5 7 0 0 0 7 0 8 6 55 3 6 0 6 0 8 9 97 0 6 0 220 7 115 64 29 3 9 6 2 0 2 11 3 0 0 0 1 0 5 13 5 1 0 0 2 0 1 3 7 0 0 1 10 3 6 9 56 5 4 4 2 1 1 9 4 1 0 0 2 0 1 5 306 14 6 17 14 2 15 65 250 7 2 5 113 13 49 102 105 70 5 137 8 3 6 267 30 8 1 7 3 11 5 132 7 0 0 1 0 0 0 12 6 5 0 2 5 15 1 52 10 2 3 3 0 0 0 3 2 0 0 0 1 1 0 1 2 2 0 1 0 0 0 9 4 1 0 0 6 7 1 21 69 245 8 181 2 14 0 92 8 4 0 4 1 5 1 62 8 11 0 9 0 3 0 4 8 16 0 3 11 72 4 96 89 171 2 125 0 6 1 49 6 5 0 2 3 3 1 19 270 107 5 54 4 13 5 99 158 46 3 17 44 84 14 204 1
21889 11 25 29 8 2 17 109 30 0 3 3 17 4 33 134 13 0 0 4 0 1 1 4 14 1 1 1 27 2 57 51 35 0 2 1 2 0 3 2 2 1 0 0 0 0 1 3 20 5 4 1 2 0 2 7 40 0 0 0 39 3 19 12 12 4 1 2 3 1 2 3 0 0 0 1 2 1 2 3 1 0 0 0 1 0 0 0 1 0 1 0 2 0 2 2 21 5 0 2 1 0 3 5 1 0 0 0 0 0 0 2 71 1 1 4 1 1 0 26 97 2 0 0 27 1 12 29 27 29 1 21 0 5 2 86 2 3 0 2 3 1 5 63 4 2 1 0 0 0 1 2 1 0 0 2 0 2 0 11 2 0 0 3 0 0 0 1 0 0 0 0 0 1 0 1 2 3 0 0 0 0 1 2 3 2 1 0 3 1 1 8 18 35 3 85 0 4 0 51 2 3 0 1 2 2 1 23 4 2 0 3 1 1 0 2 1 3 0 1 0 8 0 47 31 44 1 36 0 2 0 21 0 0 0 0 2 0 0 17 74 22 0 8 2 5 3 27 43 14 0 2 14 25 5 60 19900 23 58 33 17 1 40 121 49 4 4 4 36 3 56 112 17 1 6 1 1 0 2 4 45 0 3 3 202 5 171 74 75 4 20 7 2 0 5 4 5 0 0 0 0 0 6 0 35 0 6 3 2 0 3 2 77 1 2 0 157 4 70 28 15 4 1 3 2 0 1 3 2 1 0 0 2 0 1 0 1 0 0 0 0 0 0 1 4 0 0 0 6 0 2 7 39 6 6 3 1 1 1 4 1 0 0 0 3 0 0 2 107 4 3 2 3 2 1 30 108 7 1 1 52 6 29 52 52 30 4 38 6 2 4 89 4 2 0 0 3 1 6 63 1 0 0 0 0 0 0 3 5 2 0 1 7 6 2 34 8 5 0 1 0 2 1 2 0 3 0 0 0 0 0 1 0 0 0 0 0 1 1 1 2 0 0 0 2 2 0 4 38 185 5 168 2 14 0 67 2 7 0 2 3 12 0 26 2 9 0 4 1 3 1 5 8 8 0 4 4 42 4 79 68 165 1 84 4 4 1 21 2 0 0 3 2 1 1 9 103 59 2 30 0 4 2 59 54 34 1 8 29 87 9 131 21906 12 20 24 15 3 28 83 41 1 4 2 29 4 36 99 10 2 0 2 1 1 3 3 12 3 4 2 28 2 42 35 21 2 0 2 3 0 1 1 2 0 0 0 3 1 2 1 17 1 3 1 0 0 1 2 26 2 0 1 67 4 16 16 11 1 1 3 2 0 0 2 2 0 0 0 1 0 4 1 2 0 0 1 0 0 0 0 2 0 0 0 1 0 7 2 17 0 1 3 1 0 0 1 3 1 0 0 3 0 2 2 97 6 3 3 4 0 3 27 95 0 1 2 30 5 14 37 34 19 3 41 2 1 2 95 4 2 0 5 1 0 0 39 4 3 2 2 0 0 0 6 3 1 0 1 0 0 1 16 3 5 0 1 0 0 0 1 0 0 0 0 0 0 0 0 2 2 2 0 0 1 0 4 0 1 0 0 1 3 0 14 14 29 2 52 0 2 2 32 3 1 1 2 2 1 1 18 3 1 0 2 0 0 1 2 3 1 0 2 1 0 3 22 32 51 3 28 0 1 2 5 2 0 0 0 2 4 1 6 112 29 0 19 5 4 4 48 41 13 1 11 14 24 5 75 19943 17 78 44 21 3 48 91 52 4 5 0 71 2 70 111 14 1 9 3 3 0 5 5 37 0 4 5 140 6 184 79 67 4 13 0 5 0 5 5 2 0 1 1 6 1 4 2 22 1 4 0 2 0 7 6 47 2 0 2 161 10 84 50 14 5 6 3 0 1 4 6 5 0 0 0 0 1 3 1 2 0 0 0 0 0 1 1 6 0 0 0 5 1 8 1 24 2 5 9 1 0 0 3 4 0 0 0 3 0 1 1 103 3 4 4 3 1 6 26 77 5 5 2 79 6 22 60 48 61 3 46 1 4 4 93 14 7 0 3 4 1 2 48 2 1 1 0 0 0 1 8 3 1 0 2 2 10 4 38 3 13 1 4 0 0 0 1 0 0 0 0 0 2 0 1 5 0 0 0 0 0 1 4 3 1 0 1 4 5 1 7 34 131 8 151 1 3 1 56 1 5 0 4 4 6 1 31 1 7 2 5 2 1 0 5 5 11 2 2 5 45 6 95 55 130 1 95 0 6 0 34 2 1 0 3 0 4 0 7 75 71 3 20 3 2 3 64 56 20 1 12 26 81 12 140 1
20120 13 26 24 17 4 35 73 94 7 3 5 36 3 42 119 41 1 5 1 3 0 4 10 38 3 3 1 59 5 75 62 51 4 7 3 3 0 1 4 1 0 0 0 3 0 3 3 57 4 1 1 2 0 2 7 104 3 6 4 109 5 35 32 34 1 4 2 2 0 3 9 6 0 0 1 2 0 4 9 1 1 0 0 0 0 1 0 4 0 0 1 5 0 6 11 56 3 0 0 3 0 2 6 7 1 0 0 5 1 5 11 189 10 2 4 2 0 5 49 154 9 3 7 44 6 37 75 62 29 6 54 6 2 4 125 14 2 0 4 2 4 2 56 4 1 0 1 0 0 0 11 1 5 0 2 2 5 2 25 6 6 0 2 0 0 0 2 0 1 0 0 0 0 1 4 7 3 0 0 0 2 0 7 5 2 0 4 1 2 2 20 49 51 5 96 0 5 1 55 2 1 0 3 3 4 2 31 2 6 0 6 1 2 0 6 4 1 0 8 3 14 5 40 84 96 3 41 7 7 4 31 3 2 1 0 6 7 2 13 212 49 2 25 10 2 4 80 57 20 2 10 29 48 16 152 19657 32 52 45 25 5 39 95 52 3 4 4 44 5 62 143 50 5 5 1 6 0 4 8 43 5 8 6 83 3 148 83 61 1 6 3 3 3 1 3 10 1 1 0 9 0 0 4 58 1 6 4 3 0 2 6 88 4 6 3 138 7 60 39 51 3 5 2 4 1 0 3 2 1 0 1 5 1 8 18 10 0 0 0 1 0 0 0 5 0 0 0 4 1 18 8 51 1 1 0 2 0 3 5 11 1 0 1 0 2 1 7 155 7 1 3 3 1 5 28 148 10 1 4 43 3 27 54 48 26 10 72 3 1 9 155 6 5 0 1 0 0 0 67 7 4 0 8 0 0 1 15 4 1 0 5 4 8 2 40 5 4 1 3 0 0 1 0 0 0 0 0 0 1 0 1 4 1 0 5 3 0 0 10 0 1 0 1 3 5 0 11 47 81 5 128 0 6 6 88 5 4 0 2 0 3 3 42 4 4 1 5 4 0 0 8 2 7 0 10 4 23 7 50 104 123 1 55 7 6 1 35 2 2 0 0 2 6 6 19 156 42 2 33 8 6 4 63 47 32 1 20 26 65 18 139 19934 43 59 64 36 4 62 129 41 5 9 11 52 2 102 185 21 5 2 2 1 0 3 5 40 3 4 4 70 7 108 80 55 0 3 1 7 1 4 2 4 1 0 0 2 1 2 3 34 7 0 4 3 0 2 4 50 5 3 1 111 8 45 28 18 0 5 2 2 2 4 6 4 0 1 2 4 0 5 7 2 1 1 1 0 1 0 0 1 1 0 0 2 1 5 4 20 1 1 1 4 1 1 6 2 0 1 0 2 1 2 5 76 8 2 4 6 1 8 23 102 7 3 6 70 5 43 65 29 50 8 85 6 4 3 167 4 2 2 0 4 1 5 58 2 2 0 8 1 0 1 10 0 1 0 1 3 11 4 35 4 11 0 2 0 0 0 3 0 0 0 0 0 0 0 2 8 8 0 2 1 1 0 4 4 2 0 7 5 7 0 22 43 63 4 132 2 3 8 63 1 4 0 5 0 0 0 42 2 6 0 17 1 0 0 5 3 2 0 5 4 14 3 51 56 98 4 41 6 10 2 35 1 2 2 3 7 5 5 21 146 58 10 43 13 8 6 46 55 26 1 21 48 57 15 152 19715 53 58 53 55 4 68 105 61 7 7 7 48 3 87 145 27 3 8 3 3 0 3 5 35 3 9 5 77 2 136 57 51 7 6 2 4 0 6 4 5 0 1 1 2 1 9 2 51 3 2 1 4 0 2 3 63 7 3 4 156 16 38 37 28 11 5 8 5 1 2 1 6 0 0 1 3 0 3 16 3 0 0 1 0 1 0 0 6 0 0 0 5 0 8 7 41 1 0 4 3 0 0 6 4 2 1 1 10 0 5 7 81 7 2 6 11 0 11 17 87 9 3 4 75 9 49 48 52 50 6 75 11 4 9 132 10 1 0 2 3 2 3 39 7 5 2 9 0 0 0 12 1 3 0 2 1 10 2 25 8 8 0 3 0 0 1 5 0 0 0 1 1 0 0 3 8 8 0 1 1 1 1 5 3 2 1 4 2 8 1 18 43 71 7 141 3 6 5 46 3 1 0 2 1 4 1 26 0 8 0 12 0 0 0 8 5 3 0 3 1 16 6 64 56 133 3 61 5 5 4 26 4 1 0 2 2 4 4 16 117 78 2 45 20 7 6 64 55 46 1 36 39 75 30 156 2
14844 145 132 112 161 35 130 330 133 16 16 19 135 10 157 274 127 11 9 2 28 3 12 24 111 3 16 7 277 12 239 92 77 9 11 3 4 0 8 9 14 1 1 0 11 1 5 7 105 8 4 7 12 1 6 13 131 3 5 5 160 13 84 49 107 22 11 7 10 1 9 14 13 4 0 1 5 1 7 16 22 0 2 1 2 0 2 5 13 1 2 1 11 5 12 5 97 10 4 3 7 2 0 26 17 4 0 2 7 1 5 17 488 19 8 8 17 4 14 112 396 25 5 13 58 6 41 139 138 124 9 118 11 15 13 280 29 11 2 3 4 8 6 119 15 4 0 7 3 2 4 17 11 2 0 4 3 6 6 36 13 15 1 9 2 0 0 2 3 0 1 1 0 0 2 1 14 4 1 6 2 2 3 15 6 0 1 3 5 9 3 28 112 206 9 165 12 13 9 72 5 8 1 4 4 6 6 34 12 11 0 9 2 5 2 8 4 4 0 5 5 38 6 67 166 225 6 76 6 16 1 37 9 6 1 1 7 8 3 35 370 83 6 49 24 12 16 123 161 40 4 30 37 48 38 223 13580 151 122 141 134 23 133 478 128 12 18 15 112 7 200 397 130 10 10 9 18 1 11 24 130 4 16 4 331 8 369 106 122 15 7 9 11 3 5 13 15 5 1 0 21 1 7 6 120 5 4 3 7 4 7 4 164 12 7 1 325 25 86 39 145 19 6 8 10 5 7 19 3 2 1 0 7 0 7 13 15 3 1 4 1 1 0 7 16 1 1 0 15 0 30 11 114 9 3 8 7 2 2 13 12 0 1 0 4 0 3 13 321 12 0 10 11 0 14 85 207 14 3 7 87 9 25 98 115 138 18 157 8 8 12 266 22 7 4 8 6 8 5 177 8 6 2 6 1 0 0 15 6 5 2 1 2 14 6 42 20 18 2 9 0 3 0 5 1 2 0 0 0 1 1 5 13 4 2 1 0 0 4 11 10 6 0 6 3 7 2 39 137 437 9 364 4 24 7 103 6 2 0 4 3 14 4 55 6 22 2 30 0 1 3 17 7 15 3 22 8 58 15 109 167 381 7 105 13 19 4 45 6 4 0 5 1 19 8 34 301 89 4 35 16 6 13 101 117 37 2 43 53 106 29 280 15966 81 57 90 65 14 113 325 136 16 12 16 89 9 130 315 74 10 7 7 6 1 10 19 85 5 5 4 144 13 150 82 81 6 1 6 6 0 6 2 17 0 1 0 7 2 2 5 85 5 1 6 8 2 6 23 139 11 5 4 146 12 49 40 70 11 6 6 8 1 12 20 8 2 0 1 9 2 12 27 18 0 1 0 2 1 3 3 12 0 0 1 13 2 16 15 71 7 4 7 1 2 4 10 11 4 1 1 4 1 5 27 338 15 3 12 18 2 12 105 365 21 9 10 86 6 62 162 145 119 12 142 12 7 10 389 18 6 3 7 13 8 8 97 12 7 1 11 2 0 0 24 3 0 0 1 4 4 2 40 12 8 0 1 0 2 0 2 2 1 0 0 0 0 0 2 18 3 4 3 0 0 1 20 10 5 0 11 3 13 2 31 113 164 12 158 3 6 8 67 7 4 0 5 5 2 5 32 7 4 2 12 1 5 0 11 4 4 0 5 9 21 9 58 116 152 1 55 9 13 5 38 8 2 0 2 4 5 7 33 348 87 3 52 27 5 10 148 133 34 4 35 45 54 28 254 14195 102 113 124 107 14 101 205 137 7 14 14 102 10 188 239 128 8 8 5 24 3 13 12 155 4 13 3 298 11 256 59 143 9 14 5 7 2 2 3 11 1 1 0 8 0 9 2 174 9 4 4 17 2 2 17 217 9 2 2 388 25 104 36 176 15 14 5 4 0 2 12 13 2 0 1 10 0 7 19 20 0 1 2 0 0 0 3 13 3 1 1 15 2 20 7 175 11 7 8 4 1 3 8 7 1 0 1 5 0 3 12 433 16 3 12 15 4 12 97 288 8 4 7 110 11 51 118 114 105 13 152 4 6 6 142 10 9 1 7 5 9 6 80 4 6 1 9 0 1 1 8 5 3 0 1 4 8 5 27 9 14 2 10 0 1 0 4 1 0 0 1 0 3 0 1 9 10 1 3 1 0 0 6 7 5 1 1 4 21 4 16 162 365 8 330 2 14 6 74 3 3 1 5 1 14 3 40 11 20 3 28 2 0 0 10 5 14 1 16 11 99 16 124 180 403 2 103 7 20 5 43 8 8 0 2 4 10 2 26 238 132 9 50 17 15 9 94 142 64 4 26 67 172 28 257 2
19317 62 62 37 49 9 32 180 103 4 10 1 35 6 36 116 59 5 10 3 10 2 6 10 69 2 1 3 125 4 115 38 73 6 15 1 8 1 4 5 9 1 0 0 2 0 3 2 36 4 0 2 4 0 3 6 53 3 2 2 102 6 54 26 53 11 6 5 3 1 2 14 9 1 0 0 3 1 2 4 11 0 2 2 0 0 1 1 6 0 0 0 9 4 8 8 46 8 3 4 0 1 0 6 6 0 0 0 1 2 2 4 221 6 2 9 9 5 16 82 144 8 3 5 31 4 22 100 124 66 5 39 5 4 1 113 32 2 2 3 1 2 1 58 4 3 0 3 0 0 0 11 6 1 0 2 5 5 4 21 4 11 0 1 2 2 0 2 2 0 0 1 1 1 0 1 4 2 0 1 1 0 0 9 3 3 0 0 3 9 1 13 66 128 3 101 3 3 3 56 7 1 0 6 0 4 0 21 8 7 1 5 0 0 0 6 5 3 0 3 10 31 8 55 68 128 0 50 3 4 2 33 3 3 1 2 1 5 3 16 191 40 5 27 7 8 10 125 87 14 2 14 15 46 15 186 16036 95 113 98 154 32 112 257 136 10 16 14 89 11 133 261 144 9 7 6 16 3 9 16 97 10 8 2 160 13 172 97 96 11 8 1 13 2 3 4 15 1 1 1 12 0 4 3 118 5 4 4 8 1 6 12 142 9 4 4 178 19 75 31 143 14 13 6 11 2 3 17 7 0 0 3 5 1 6 14 18 1 3 3 1 0 2 1 12 0 2 3 10 1 11 12 109 6 4 3 2 0 4 14 15 0 0 1 4 0 4 15 333 8 1 7 15 2 10 88 309 8 5 7 76 7 42 129 106 78 15 103 10 10 11 215 27 7 1 8 5 3 8 113 14 6 1 5 1 0 1 15 8 4 1 3 5 12 7 45 20 9 1 4 0 0 0 5 2 1 0 1 2 0 1 5 11 7 0 8 2 1 1 7 7 3 0 2 7 11 3 26 90 158 8 165 5 12 6 61 6 7 1 2 4 9 5 50 18 15 2 14 0 1 1 4 7 10 1 6 1 35 4 68 164 173 5 64 8 11 8 40 6 3 0 2 5 6 7 26 293 91 4 30 10 13 8 135 128 44 4 11 37 61 34 243 19426 57 51 52 53 12 49 245 115 12 6 8 50 4 47 205 41 5 2 2 6 0 5 7 20 0 4 1 73 1 69 36 43 2 5 0 1 0 2 3 8 0 0 0 4 0 1 1 38 2 3 4 4 0 5 10 38 3 2 1 91 9 28 26 35 4 3 7 1 1 4 21 10 0 0 0 3 1 2 11 4 1 0 0 1 0 0 8 3 2 1 0 2 1 3 8 38 1 3 2 3 0 1 18 9 0 0 1 1 0 1 14 201 12 6 7 11 5 10 92 150 9 2 13 42 8 17 122 117 52 12 72 15 5 12 203 39 3 0 7 6 4 8 122 5 2 1 8 1 2 0 11 5 2 0 2 2 0 3 16 4 5 0 1 0 0 1 11 2 1 1 0 0 0 0 6 3 1 0 1 0 0 0 6 4 1 0 2 2 10 4 20 33 82 2 96 0 4 4 36 3 3 0 4 2 3 5 16 6 6 0 4 0 1 0 13 3 2 1 3 3 27 0 49 34 75 3 35 3 7 1 22 1 1 0 0 0 2 1 22 133 46 3 28 5 7 11 123 62 40 3 17 22 34 12 208 16223 135 93 98 135 19 120 343 166 10 15 10 114 12 115 253 101 13 5 6 13 0 12 20 78 10 6 2 165 8 172 89 104 7 13 4 11 0 3 5 14 1 0 1 7 0 2 6 71 8 4 8 8 1 7 16 133 13 4 4 137 16 63 36 131 18 17 7 13 2 7 14 15 2 1 1 10 1 3 17 20 0 1 1 0 1 1 3 13 0 0 0 7 2 7 17 107 7 5 8 9 2 3 9 13 0 1 1 7 0 9 15 238 4 6 16 17 3 15 103 193 10 2 13 69 17 31 130 143 107 11 149 9 8 14 311 34 3 2 7 10 8 6 151 21 9 0 6 2 0 0 14 4 5 1 5 4 10 7 46 14 8 2 8 1 0 0 2 1 1 0 3 0 1 0 3 9 6 1 2 3 1 0 10 3 5 2 4 1 6 3 18 98 160 7 150 9 7 5 80 9 5 0 2 2 4 4 37 6 7 1 10 1 1 2 8 4 5 0 7 4 36 6 63 96 158 5 63 6 10 2 30 5 4 0 4 3 6 8 21 193 82 5 39 16 17 17 135 86 48 3 20 37 60 29 293 2
17127 55 51 45 74 13 71 214 150 8 7 5 66 5 86 222 131 7 10 4 13 0 4 16 85 3 8 5 115 9 106 95 102 6 13 4 5 1 1 1 14 1 0 0 9 1 6 2 90 3 1 2 9 3 7 8 134 5 2 2 100 12 62 57 110 9 7 3 9 0 2 8 11 1 0 0 2 1 2 11 16 4 0 3 3 0 3 1 12 0 0 0 8 1 5 8 103 3 4 4 1 1 3 13 11 0 1 0 5 0 4 4 458 8 0 9 13 3 12 81 439 23 3 13 93 2 53 143 112 38 2 73 8 5 15 185 19 2 1 6 11 5 4 90 16 3 0 7 1 1 1 10 5 2 1 3 1 7 2 33 18 3 0 5 0 0 1 3 2 0 0 1 0 1 0 1 16 4 0 1 0 1 1 8 10 2 0 3 7 4 1 25 67 109 11 134 3 8 3 81 4 3 0 0 5 2 1 32 10 3 1 11 0 0 0 8 4 3 1 3 4 42 8 52 101 126 1 72 2 6 1 32 8 3 0 5 3 0 4 16 335 77 1 58 16 9 13 132 116 35 2 23 25 47 21 216 14216 90 86 66 86 12 62 201 113 12 12 16 59 7 109 185 209 14 13 8 15 3 10 8 138 5 18 3 267 12 228 89 140 21 20 8 15 1 5 9 16 0 3 2 7 0 4 3 180 5 9 3 12 1 8 2 187 8 12 4 263 13 108 53 205 14 9 9 7 1 5 19 12 3 5 3 9 0 7 20 31 0 0 2 3 0 0 5 12 0 1 1 15 4 22 9 185 11 2 5 9 1 5 13 11 0 2 0 5 0 4 4 570 24 13 12 13 4 9 83 368 14 9 10 149 12 46 106 145 85 10 101 13 4 13 182 31 2 2 2 6 8 4 127 15 9 1 5 2 0 0 13 9 1 2 5 6 5 2 42 12 22 1 3 0 3 2 5 2 0 0 0 0 2 0 4 31 7 0 5 0 3 0 4 8 8 0 5 8 8 2 29 155 216 6 188 6 11 4 85 12 5 1 7 3 11 5 39 18 16 0 15 2 2 1 8 9 5 1 10 14 65 5 85 232 299 7 106 10 30 6 53 11 5 2 3 7 14 9 38 476 157 5 50 31 15 18 126 173 46 3 24 66 103 47 295 17376 100 83 74 74 10 69 341 109 9 12 18 58 5 104 303 91 8 4 1 10 2 9 6 61 3 7 3 116 9 131 86 49 10 9 4 3 0 3 5 6 0 0 2 6 1 2 1 82 3 5 1 8 0 9 9 94 2 6 3 90 7 75 24 89 21 4 10 6 2 2 14 5 1 0 4 4 0 5 21 15 3 1 1 8 2 3 2 5 2 0 0 7 3 10 5 65 2 5 6 6 1 2 13 8 1 1 1 6 0 8 15 258 12 3 15 10 2 11 70 203 9 3 9 81 8 33 106 138 91 15 105 12 6 17 245 25 5 3 1 3 1 7 95 10 6 0 3 0 0 1 12 4 6 1 3 5 3 5 36 10 10 1 3 1 1 0 4 0 0 1 0 2 0 4 3 21 5 0 4 1 1 1 9 4 1 0 3 4 1 5 19 86 125 9 120 4 7 3 67 3 2 0 4 4 4 5 39 10 9 0 8 0 3 0 6 4 3 0 5 3 28 7 51 109 155 3 73 10 10 1 45 8 2 4 6 1 4 14 25 244 65 8 40 21 12 12 110 98 34 5 26 29 56 37 221 14942 217 147 148 177 39 153 444 162 21 21 14 109 13 153 268 118 11 14 9 24 4 9 18 113 9 16 4 270 7 218 130 97 6 16 2 10 4 9 5 14 1 1 0 19 2 9 7 72 7 5 4 12 0 4 14 123 8 9 8 237 19 98 34 123 25 21 10 15 1 11 19 10 1 2 2 5 0 6 18 11 5 4 2 1 0 1 3 12 2 0 1 14 5 9 10 70 5 7 8 10 2 7 8 14 0 1 1 10 1 7 16 113 10 2 8 5 1 6 112 163 13 4 11 120 11 48 105 144 111 28 156 19 10 25 310 33 13 3 9 16 9 8 141 10 6 1 12 2 2 2 23 7 5 1 4 3 4 4 51 8 14 1 8 1 1 3 12 2 0 0 1 0 1 1 3 12 7 3 9 1 1 1 14 7 6 1 5 6 10 3 30 79 251 9 213 12 16 9 121 4 7 0 6 2 8 6 52 12 12 1 13 0 3 0 11 5 10 1 10 2 70 8 89 103 237 4 92 6 11 1 46 5 4 0 4 4 10 1 38 195 100 3 41 15 9 11 114 78 42 3 23 53 83 38 263 2
16956 76 60 75 74 12 87 280 130 18 17 15 67 14 115 289 74 3 8 7 14 3 6 18 82 3 11 6 123 11 162 109 82 7 9 3 5 1 3 5 16 0 1 1 5 1 3 6 84 5 2 4 7 0 5 13 100 7 3 4 134 9 65 39 78 10 4 12 7 0 3 24 6 0 1 1 5 1 9 19 12 3 1 2 1 0 1 3 10 1 1 0 7 1 11 15 77 7 0 5 2 1 7 16 18 0 1 4 3 1 3 13 307 16 8 10 12 4 11 41 263 17 5 12 95 5 54 75 100 71 7 80 10 8 11 214 12 6 3 12 2 4 10 105 8 6 1 9 0 1 1 19 9 1 2 0 4 4 4 45 15 9 1 4 0 1 0 8 0 0 0 0 1 1 1 5 15 6 1 5 0 2 0 12 3 3 0 4 4 3 3 21 80 119 12 131 10 8 7 96 8 1 0 5 4 3 4 41 4 12 0 8 0 1 0 8 5 6 1 5 6 28 5 42 118 161 6 38 6 12 4 47 3 0 1 2 4 6 6 34 411 89 2 39 22 12 14 89 143 45 1 28 63 58 26 186 14987 128 114 132 105 21 119 276 109 9 12 13 97 11 210 305 105 12 11 11 14 2 14 18 94 5 26 6 147 7 269 115 119 9 15 9 6 1 6 4 17 1 3 1 13 3 5 8 99 11 8 6 6 0 7 10 135 10 6 5 222 19 71 54 114 18 9 5 10 1 9 18 11 0 1 1 9 2 17 31 13 0 2 1 0 0 0 3 9 2 4 0 13 3 19 13 97 10 4 7 10 1 5 15 15 0 1 0 8 0 6 9 247 7 5 6 12 2 8 71 312 18 3 11 94 6 53 98 120 121 13 187 16 15 8 238 23 9 0 9 7 6 7 115 9 5 1 7 0 3 0 18 4 4 0 6 4 3 6 63 15 13 1 9 2 1 0 3 0 1 0 0 0 1 0 3 16 7 1 3 0 1 1 12 9 7 1 5 4 12 7 24 100 261 16 349 7 14 9 123 7 4 1 5 3 21 4 58 10 22 3 16 4 2 5 11 5 17 2 16 17 33 16 98 134 236 3 84 8 25 5 63 4 5 3 7 3 12 5 33 249 96 4 42 27 11 11 93 124 65 5 34 53 78 29 261 17681 64 52 77 79 16 73 258 136 13 11 11 74 10 102 259 56 4 7 5 12 0 6 13 65 4 5 3 105 6 86 85 55 4 7 5 5 3 2 7 12 1 1 0 7 3 3 6 73 11 2 0 7 0 4 13 79 6 1 4 134 9 40 49 55 4 4 9 7 2 7 15 8 0 1 1 8 1 6 21 12 3 1 0 1 1 2 6 3 2 0 3 7 2 15 13 43 4 2 5 5 3 1 19 14 1 0 1 8 2 5 14 188 10 10 15 17 5 16 74 173 12 4 11 78 10 38 97 132 76 5 120 14 8 19 235 33 12 1 8 10 2 9 106 5 3 1 7 2 0 2 22 9 1 0 7 5 6 4 30 10 8 0 4 1 1 0 4 0 1 0 1 2 1 1 5 14 7 1 2 1 0 2 14 5 6 1 9 2 4 6 36 74 106 12 139 5 5 5 76 4 4 0 4 1 7 5 41 17 11 0 24 0 2 3 18 6 3 0 11 6 17 8 41 89 109 5 66 2 11 7 46 5 5 0 3 3 6 6 32 184 78 8 35 14 5 15 111 116 37 1 36 39 50 27 244 15039 117 127 103 94 13 101 270 172 12 16 25 104 7 148 289 123 9 13 7 17 2 13 9 112 4 9 3 234 12 223 110 122 6 14 6 6 0 4 8 21 0 0 0 6 0 7 5 106 3 8 2 14 3 9 11 124 3 5 5 319 18 129 58 97 20 12 7 11 0 6 19 11 1 4 2 6 1 9 22 21 2 1 1 1 1 3 0 16 1 2 0 8 3 17 7 105 11 4 8 6 4 0 11 12 0 3 2 5 1 5 17 241 15 6 17 18 3 12 65 233 16 3 10 114 13 66 105 136 108 13 155 15 10 17 250 21 8 0 3 9 4 8 146 15 9 0 2 1 2 0 25 6 3 0 9 5 17 4 49 14 10 3 8 0 1 0 6 1 0 0 3 0 2 1 2 19 4 4 6 2 1 0 16 5 4 2 3 7 6 1 20 96 258 5 179 5 23 2 94 5 8 1 6 7 10 10 42 6 19 0 16 0 2 1 17 5 17 2 11 14 66 10 107 119 270 8 110 10 20 1 52 3 2 2 5 2 14 6 40 203 122 11 58 16 16 12 107 101 38 4 23 64 113 33 297 2
16741 54 62 51 68 9 59 189 146 10 7 10 60 5 72 198 115 6 9 8 14 1 9 15 97 7 6 8 111 12 153 104 110 7 17 6 9 1 7 5 11 3 0 0 8 4 5 7 117 7 4 10 8 0 5 8 102 2 6 6 133 12 74 53 97 13 11 8 8 5 7 9 14 4 3 0 8 0 8 14 13 1 1 3 0 1 1 5 11 1 0 2 7 3 9 12 108 6 2 5 11 0 3 11 13 1 2 1 11 4 4 9 373 23 5 7 14 6 2 69 328 22 8 14 111 15 49 135 121 66 9 78 11 2 14 157 23 4 2 3 6 3 5 83 12 3 0 8 0 0 2 13 6 4 3 5 7 10 7 34 10 7 2 7 1 1 1 5 2 0 0 0 2 1 1 4 21 4 1 6 0 1 0 18 13 2 1 4 2 13 7 34 105 114 11 110 6 9 11 105 5 4 0 2 7 4 8 26 6 11 0 3 1 2 2 10 10 5 0 10 8 38 8 69 144 135 8 73 8 7 4 44 9 4 0 10 4 6 2 32 292 106 10 58 14 12 14 116 122 45 8 29 38 78 24 277 13864 79 114 67 84 16 64 165 164 18 17 13 83 10 90 159 200 11 11 14 18 0 13 16 146 9 17 11 208 11 191 104 226 21 44 10 23 3 4 18 10 1 2 0 15 7 9 4 159 10 15 10 12 0 2 11 160 11 13 6 217 8 137 53 202 18 22 9 12 1 7 11 20 8 0 1 12 2 7 14 22 1 2 0 3 0 2 2 14 1 4 1 25 4 16 10 167 13 10 5 13 3 0 11 21 6 2 4 12 2 3 6 475 30 7 12 11 8 5 96 375 18 9 17 167 17 56 118 136 75 18 103 9 7 18 243 51 7 3 11 9 4 8 119 24 7 0 3 9 0 7 10 8 2 1 6 6 11 5 46 16 16 2 8 3 3 0 6 3 2 0 2 3 0 0 5 32 9 1 8 5 0 2 14 14 4 1 4 11 12 9 44 133 230 19 193 17 7 9 120 10 8 0 5 9 5 6 49 17 14 2 12 5 7 1 23 9 6 1 12 13 105 5 126 170 208 12 123 7 13 6 53 7 12 1 6 7 8 3 30 323 164 13 64 19 23 14 124 177 69 5 40 60 148 31 446 17085 101 93 81 97 12 88 338 161 12 22 14 78 8 71 371 90 8 5 10 11 0 13 19 71 2 3 7 107 8 126 99 69 6 21 2 6 1 3 7 7 2 0 1 11 1 6 9 52 4 5 1 6 1 5 8 50 3 5 4 82 8 80 44 68 10 6 3 6 1 5 14 11 1 0 5 7 1 7 20 12 1 1 1 3 1 1 4 4 1 0 0 7 1 8 10 45 6 2 4 7 1 5 13 10 2 0 1 6 1 7 17 214 19 2 4 17 2 15 84 197 11 4 16 81 13 51 135 155 57 11 102 12 12 10 266 48 8 3 11 8 6 9 117 12 4 0 6 5 1 3 9 6 6 1 3 4 8 1 35 11 9 1 4 0 0 0 11 2 1 0 1 1 1 0 3 15 2 1 3 2 1 0 7 7 4 0 1 4 8 6 31 47 86 8 105 2 7 7 94 8 1 0 5 3 6 4 39 4 4 0 10 1 1 0 9 4 5 1 4 7 31 8 62 66 111 3 65 7 12 5 36 9 6 3 4 1 5 5 25 277 102 4 60 28 13 13 122 105 25 3 25 37 46 44 280 14471 163 212 115 169 21 130 249 162 16 21 14 141 8 109 193 124 13 16 8 41 3 7 17 105 9 8 16 207 15 206 130 179 12 57 11 12 3 6 7 11 2 3 0 19 5 8 14 81 7 11 4 11 3 4 12 115 11 9 10 180 12 134 64 112 28 14 12 19 2 14 16 15 2 2 1 8 4 18 19 17 3 0 3 4 0 2 2 12 0 0 2 17 5 9 20 76 9 10 7 9 2 8 11 21 0 0 0 20 2 4 16 177 15 7 16 11 2 10 60 209 21 4 11 132 23 58 118 176 123 21 166 21 9 19 278 32 6 4 14 14 5 8 137 13 7 0 22 2 1 1 27 4 6 0 6 7 8 11 65 10 14 4 10 1 0 1 9 2 0 0 2 2 2 0 5 17 9 1 7 8 4 1 18 6 10 4 7 8 12 10 42 103 250 18 211 13 11 16 138 9 11 0 10 6 13 10 39 4 23 5 16 3 3 2 22 8 8 1 17 13 101 14 143 86 193 8 118 7 11 8 48 6 7 1 6 6 7 7 38 126 117 5 72 8 13 9 117 95 56 6 47 49 144 34 407 2
19732 32 42 26 33 2 24 57 54 6 8 6 32 3 22 59 86 5 3 0 5 1 3 5 57 5 9 4 70 6 46 38 66 3 5 2 3 0 1 3 8 0 0 1 4 0 1 1 71 2 2 0 2 0 4 4 103 6 2 5 83 6 35 21 86 4 9 1 4 0 1 11 7 2 3 3 4 4 0 8 13 2 1 0 0 0 0 1 9 0 2 0 5 0 4 4 87 2 3 2 4 1 5 4 10 3 0 2 5 0 3 9 363 5 1 7 9 1 4 38 264 18 4 7 47 6 36 63 68 37 3 36 12 1 12 49 7 1 0 1 4 0 1 25 8 3 1 3 1 0 4 14 5 3 0 2 2 2 2 18 5 5 0 0 0 0 0 0 1 1 0 0 1 0 1 1 12 3 2 3 0 0 2 14 7 2 0 3 5 4 1 24 60 69 11 68 2 2 5 39 3 2 0 3 3 2 2 10 5 5 2 7 0 1 1 4 2 4 0 6 5 22 6 34 117 84 4 35 3 6 6 11 5 6 2 2 1 4 5 16 337 55 3 25 15 7 4 56 99 18 3 24 21 43 17 162 19296 40 54 27 38 5 30 56 84 4 6 3 31 3 48 68 99 10 4 3 6 2 0 9 48 6 9 8 65 8 73 65 70 6 12 4 6 2 4 3 17 1 2 2 7 0 6 0 94 9 1 9 5 2 4 5 107 5 2 2 84 7 38 23 93 5 2 3 6 0 3 6 18 0 2 0 4 1 1 7 16 3 1 2 1 0 0 1 10 0 1 0 14 1 9 9 92 6 5 0 8 1 5 3 20 2 0 1 6 1 3 6 365 9 4 4 7 2 6 52 268 9 5 13 68 13 27 64 81 28 5 34 5 2 13 56 13 2 0 5 4 0 1 41 12 3 1 10 1 1 0 6 4 5 3 4 2 1 0 27 10 11 1 3 1 0 1 1 0 1 0 0 1 2 1 2 20 2 0 5 1 0 1 7 6 3 1 7 2 10 3 26 59 55 12 63 9 10 5 53 4 3 0 2 6 4 9 34 12 4 2 4 1 2 2 9 5 4 0 9 5 19 5 43 93 87 4 33 5 5 6 19 12 3 1 1 5 5 2 18 247 63 4 27 7 7 9 64 82 27 4 17 29 37 20 192 19563 75 66 75 88 14 83 358 107 13 10 20 42 9 73 331 35 1 4 3 3 0 5 5 22 1 4 3 67 4 89 44 36 3 9 1 5 0 4 5 6 1 0 1 4 0 3 5 22 6 2 3 4 1 2 3 23 6 1 4 58 8 21 26 30 3 5 2 6 1 3 6 10 1 0 0 8 2 3 13 4 1 0 0 0 1 0 2 6 0 2 1 5 2 5 5 27 3 3 3 3 0 3 7 5 4 1 1 4 2 0 8 60 8 2 5 4 4 6 78 59 16 3 14 43 10 20 90 106 43 14 73 11 10 25 257 15 5 1 3 7 3 4 105 4 3 1 9 1 1 1 18 0 1 0 3 2 5 3 25 3 1 0 5 0 0 0 4 1 0 0 0 0 0 0 2 5 5 1 4 1 0 0 10 4 0 1 3 3 5 2 32 33 81 6 71 7 5 8 37 2 2 0 1 1 3 5 31 3 3 1 6 1 3 3 16 1 5 0 8 3 18 2 37 21 82 5 35 3 7 1 23 2 1 0 1 2 4 1 15 56 40 3 27 8 1 3 102 32 27 1 20 10 26 18 185 19204 107 87 118 98 22 86 354 70 16 12 20 84 3 105 228 33 4 10 10 7 4 4 15 34 9 6 5 82 7 62 70 51 8 8 3 3 2 3 4 4 1 1 1 12 1 5 7 26 3 6 6 4 1 5 4 50 8 3 6 95 5 52 33 34 9 9 4 9 0 2 5 9 1 0 0 7 2 9 10 0 1 1 0 1 0 1 0 5 0 0 0 3 2 8 5 36 5 2 4 2 0 1 8 4 0 0 2 8 1 2 9 40 9 1 3 7 0 2 28 46 7 4 6 65 5 24 52 75 66 8 106 14 6 19 220 8 3 2 4 4 3 10 86 5 3 2 8 0 0 1 19 1 2 0 6 2 7 3 19 4 4 1 7 0 1 0 8 0 0 2 2 1 1 1 7 3 9 1 5 2 1 0 3 4 6 0 3 3 8 3 22 33 89 15 100 13 7 9 81 3 0 0 5 7 10 5 34 0 6 0 13 0 0 2 7 4 4 1 10 6 19 5 60 51 76 3 52 6 9 3 22 3 3 0 4 4 4 3 26 62 56 4 30 7 5 3 63 28 30 1 17 24 57 11 173 2
16691 55 48 70 79 15 86 288 121 13 7 12 100 6 105 284 70 5 3 4 10 1 5 14 100 4 6 4 137 10 177 123 62 8 1 1 8 5 2 2 7 3 0 1 7 1 2 3 66 2 3 2 3 0 6 8 154 11 3 6 155 6 94 67 66 3 5 5 1 2 4 16 9 0 0 1 2 2 5 9 7 1 1 1 0 0 0 2 4 0 0 0 10 1 6 11 80 4 2 5 1 0 5 6 12 0 0 1 3 0 6 9 277 6 3 4 8 0 1 44 420 17 0 12 118 10 59 135 91 64 5 84 6 5 14 315 15 3 2 7 6 1 2 139 8 3 2 3 1 0 1 22 2 1 0 2 2 6 2 38 11 7 2 3 0 1 0 0 0 0 0 0 0 1 0 0 8 3 0 2 1 0 0 14 2 1 3 1 1 4 1 34 73 145 14 199 0 5 3 106 2 3 0 1 2 7 2 28 5 10 0 10 0 3 0 7 6 5 0 7 4 23 5 58 156 260 5 95 7 5 2 44 4 2 0 1 3 8 1 21 341 101 3 34 13 9 9 115 103 21 2 19 42 59 15 170 13873 87 50 76 56 6 69 239 112 11 15 12 80 5 142 399 155 5 3 5 12 2 6 18 139 4 15 9 328 10 284 135 93 7 6 4 13 0 5 1 14 1 3 0 8 0 2 5 160 5 4 4 4 0 4 12 208 5 6 3 335 9 170 58 138 9 4 6 7 0 8 17 9 1 0 0 5 0 10 31 15 2 3 0 0 0 1 1 5 2 0 0 8 3 14 10 140 8 2 1 9 0 4 6 9 1 0 0 7 0 3 18 433 8 5 7 14 1 13 84 394 11 5 6 139 6 66 144 116 85 4 105 9 2 12 261 15 2 0 5 7 3 4 179 8 6 2 2 4 1 3 10 2 3 0 2 2 4 4 45 8 12 2 3 0 0 0 5 1 0 0 0 0 1 1 2 19 3 1 4 2 0 4 6 5 4 0 2 0 8 2 38 131 360 5 277 7 12 3 117 4 5 0 3 1 10 7 53 8 11 1 9 1 0 2 6 2 14 1 3 14 58 7 78 206 383 3 185 10 14 3 62 6 6 0 5 7 5 4 29 489 159 2 46 23 10 19 138 193 51 4 21 53 92 24 263 16690 68 53 77 75 6 86 322 111 12 10 21 78 7 145 493 61 5 5 1 13 0 5 10 60 4 8 8 126 5 153 109 44 2 5 4 5 0 1 2 7 0 0 0 5 0 9 7 63 2 3 4 2 0 5 7 96 4 1 1 173 5 94 50 35 4 5 5 5 0 4 10 5 1 1 3 5 2 9 29 8 1 0 1 0 0 0 2 2 1 0 0 6 0 7 4 55 4 6 1 2 1 4 7 8 0 0 0 6 0 5 12 343 9 4 10 16 2 8 58 275 6 3 7 91 12 53 125 78 88 9 108 9 2 5 323 8 4 0 7 2 6 7 129 7 5 1 3 2 0 6 6 6 0 0 1 4 10 2 26 4 10 0 2 0 0 0 4 1 1 0 0 0 0 0 2 22 6 2 4 3 0 3 3 6 3 1 3 4 1 3 16 77 150 9 159 2 3 2 68 5 2 0 4 3 7 0 34 10 5 0 5 0 0 1 9 3 4 0 7 2 25 4 44 108 207 1 80 4 8 2 55 6 5 2 4 2 5 4 28 421 109 5 51 25 7 19 115 150 42 0 20 36 67 25 188 14261 113 94 116 131 19 144 335 91 16 9 10 110 6 137 337 84 7 6 5 15 1 3 12 99 7 8 3 318 7 322 125 71 9 7 4 4 1 7 3 7 1 0 0 9 0 3 4 92 7 5 2 6 0 2 5 144 6 10 3 309 16 172 66 114 10 4 8 9 3 6 14 9 3 0 1 6 0 4 16 5 3 0 2 1 0 1 3 7 0 0 0 11 2 11 5 88 6 3 4 7 0 2 5 13 0 2 1 3 0 4 9 403 11 10 3 10 2 8 68 435 27 6 20 153 8 51 95 96 126 10 165 10 6 21 461 10 7 0 2 1 5 9 155 10 5 3 11 1 0 2 29 3 0 0 5 3 6 7 48 10 11 2 3 1 0 0 2 2 2 0 1 1 0 0 3 9 4 0 4 2 1 3 14 2 4 0 5 4 8 3 21 99 298 13 311 2 13 1 118 6 3 0 9 1 8 4 51 6 13 0 17 0 1 2 13 4 7 2 7 7 47 7 80 140 284 3 173 6 10 2 48 7 5 0 6 2 4 3 33 276 141 3 59 13 5 9 123 157 43 4 27 54 86 26 247 2
15192 140 84 107 134 29 116 406 124 10 6 19 72 9 135 278 92 2 13 6 13 3 10 20 96 3 14 7 248 8 261 95 81 6 10 2 7 1 4 6 10 2 0 0 10 0 4 5 96 5 4 6 9 0 8 11 163 5 6 3 221 12 99 51 80 17 7 8 5 4 7 16 11 2 0 0 4 1 6 20 11 3 1 1 1 0 1 4 4 3 1 1 11 2 13 8 107 12 6 6 4 1 4 13 15 1 0 0 7 0 7 3 412 24 5 19 18 2 13 89 342 16 4 13 102 5 51 94 136 97 9 134 11 5 13 307 18 8 1 5 3 5 9 129 11 6 1 8 3 1 0 10 3 3 0 3 6 2 4 41 15 6 0 3 2 2 1 7 4 0 0 1 2 0 0 6 19 4 0 3 2 0 0 9 9 6 1 2 3 7 4 28 103 183 8 186 6 14 8 96 6 6 0 8 3 9 3 55 4 7 0 14 0 2 1 11 10 8 1 5 12 47 8 86 135 213 3 103 5 14 3 61 7 3 0 4 1 7 2 24 381 107 9 53 19 14 8 98 132 40 2 30 36 86 27 207 13086 164 145 169 158 22 163 422 123 5 9 13 105 10 170 391 129 17 13 6 14 3 13 14 105 5 12 3 242 10 330 132 115 12 20 4 13 2 4 9 14 1 1 0 30 2 6 1 118 7 5 4 7 1 2 16 198 14 7 5 351 32 126 63 117 16 14 8 8 3 8 25 13 4 0 2 6 1 8 21 14 1 0 0 1 2 1 1 6 0 1 1 19 1 16 12 113 13 4 2 9 1 1 7 24 3 1 1 14 2 2 15 369 10 5 13 16 1 9 62 381 17 9 17 111 11 49 89 117 105 16 216 21 11 21 367 23 3 0 5 4 5 6 146 8 4 0 6 1 0 1 22 8 4 0 5 6 6 2 65 12 16 1 9 2 0 2 7 1 0 0 2 2 2 0 5 15 3 1 7 3 0 1 11 2 8 1 4 3 21 4 42 103 287 25 335 4 19 6 140 9 12 1 6 2 15 3 63 5 16 2 41 0 3 1 17 2 11 2 17 14 81 18 136 174 339 6 109 6 21 5 58 5 4 0 7 4 7 5 41 400 115 6 43 23 12 21 97 141 53 5 33 45 135 23 295 15942 39 40 49 38 3 56 349 180 11 2 18 82 4 132 410 41 5 6 1 2 1 8 13 76 1 4 2 67 10 81 63 55 2 3 1 3 0 0 4 7 1 0 0 1 0 2 5 65 1 2 1 7 0 1 13 111 4 2 6 120 10 56 44 43 2 3 1 0 2 5 13 15 0 0 1 4 1 7 16 5 1 0 0 2 0 1 9 10 0 0 1 3 3 7 8 59 2 1 2 6 1 3 14 13 0 1 0 1 1 4 9 626 13 6 12 18 3 12 123 614 26 8 16 99 7 43 201 165 70 8 104 15 8 11 470 34 6 1 5 4 6 7 180 13 5 1 3 2 0 1 19 9 4 1 2 2 3 4 29 5 5 0 1 0 0 0 7 1 0 0 0 0 0 0 2 14 5 1 3 3 0 1 18 10 0 0 1 3 5 3 23 67 57 5 78 3 6 1 66 10 3 0 5 3 5 3 36 10 9 0 5 1 0 0 6 4 3 0 5 4 15 5 53 100 77 4 48 7 8 4 42 10 1 0 3 1 2 6 15 546 82 8 47 16 12 13 206 302 36 2 26 45 45 23 251 13606 107 128 108 99 12 107 246 125 7 6 7 114 6 165 377 125 5 14 6 21 2 5 12 125 7 16 4 329 8 261 112 164 11 18 4 8 0 6 6 13 3 0 0 11 0 3 4 138 7 4 2 15 1 7 5 209 9 6 1 372 15 131 52 133 13 7 10 7 2 3 18 11 1 1 0 10 1 8 12 14 0 2 1 2 1 0 3 12 1 0 0 15 2 19 12 123 11 5 8 4 2 6 9 15 0 0 0 4 0 3 7 356 16 8 13 15 2 14 68 329 19 8 8 140 11 57 135 133 132 12 181 8 4 11 262 18 6 0 12 4 5 8 131 8 9 1 7 1 0 1 17 7 2 1 0 4 15 5 36 6 4 2 5 0 1 1 7 0 0 0 0 0 0 0 5 10 6 0 7 1 0 0 8 6 1 0 4 5 17 4 18 139 330 8 310 3 15 4 115 6 5 0 7 8 10 1 50 7 16 0 19 0 4 0 10 2 19 1 14 13 97 6 125 192 364 6 145 4 13 6 47 9 5 0 0 2 11 4 28 394 143 7 68 18 9 16 131 176 64 3 31 73 136 24 283 2
16691 93 84 81 94 11 65 215 97 6 7 13 72 2 84 123 116 10 4 4 11 3 10 9 100 1 10 7 178 7 171 67 102 9 7 4 8 0 2 4 9 0 1 1 8 0 3 0 91 12 0 4 11 1 4 10 154 7 5 3 184 12 56 31 124 12 3 10 5 1 8 10 11 1 1 3 3 1 6 9 20 2 4 1 1 0 3 2 14 1 6 1 11 1 12 8 112 9 6 3 8 1 3 6 13 1 1 0 8 2 2 7 288 16 5 15 13 5 12 44 533 24 5 24 97 14 36 88 106 74 11 110 7 9 8 357 10 3 0 4 7 6 3 94 5 4 0 10 0 0 1 28 8 1 0 2 5 8 2 32 7 8 1 4 2 1 0 4 0 1 0 2 1 0 1 2 10 3 1 1 0 1 0 9 5 8 1 5 3 8 2 27 110 160 11 172 4 13 3 76 8 2 0 3 4 6 5 37 9 12 1 13 0 2 2 8 5 9 1 7 3 33 6 53 118 210 3 80 8 9 4 43 3 4 1 2 4 4 6 18 196 80 3 47 15 6 8 96 85 36 3 41 51 50 26 173 15027 95 133 80 109 14 91 242 105 13 18 20 95 6 146 369 97 9 15 6 13 3 9 13 118 10 9 5 270 17 187 81 134 14 11 6 8 1 4 7 12 0 1 1 16 1 5 8 104 6 4 1 10 0 6 12 173 5 7 4 340 29 78 54 106 10 13 10 9 8 9 13 16 0 0 0 6 0 8 24 15 0 1 0 2 0 0 6 10 2 0 1 10 6 21 15 108 7 5 5 2 1 2 9 16 2 1 0 5 2 4 33 236 6 1 4 18 2 12 59 225 28 3 14 82 9 44 119 115 81 16 113 11 11 18 202 9 2 0 7 8 3 6 108 8 11 2 11 2 0 5 21 6 5 0 5 3 10 8 42 15 9 3 6 1 3 2 4 0 1 0 0 1 2 3 4 15 5 0 4 3 1 0 11 6 8 1 10 2 21 10 49 102 208 11 298 6 12 7 98 5 4 1 6 2 10 4 34 10 14 2 32 2 3 0 10 5 10 0 20 4 67 15 123 130 211 8 94 11 20 7 38 7 3 0 4 7 16 9 38 439 97 2 37 38 8 28 122 108 48 4 46 51 109 32 311 17055 59 37 54 64 5 83 209 128 19 4 18 81 5 125 256 50 3 3 3 7 0 6 16 67 3 7 8 76 10 99 74 39 5 4 1 6 0 3 4 11 4 0 2 16 0 4 6 66 1 3 1 7 2 3 10 108 7 0 8 130 13 47 42 55 9 3 9 6 0 9 7 16 1 1 5 6 0 7 22 13 3 1 0 1 0 0 0 9 0 0 2 8 0 8 4 54 3 4 3 3 0 2 12 25 3 1 3 7 2 2 12 156 11 1 12 14 3 3 49 507 43 8 40 96 14 43 148 141 51 11 154 29 10 28 520 15 4 2 7 7 3 9 80 12 2 0 10 2 1 2 50 6 0 1 2 4 4 3 31 12 4 0 4 1 0 0 8 1 0 0 3 0 0 1 5 21 2 1 6 0 0 3 34 4 4 1 5 3 8 2 49 63 76 11 126 6 3 3 89 7 1 0 6 8 4 5 34 6 6 1 6 1 1 2 6 7 2 1 5 5 19 8 40 71 100 1 46 6 8 7 40 7 0 0 4 2 2 5 38 295 71 2 47 16 12 16 181 105 37 3 32 38 51 27 242 15051 107 103 90 80 9 74 178 101 10 10 13 98 7 124 342 115 5 11 3 14 0 10 8 97 2 17 3 325 16 236 85 97 7 14 8 4 0 3 5 6 1 3 1 9 0 12 5 117 2 6 1 15 1 6 6 141 4 5 4 331 19 114 41 133 17 10 13 4 1 4 7 8 0 1 2 6 0 7 30 11 4 0 0 2 0 2 4 10 0 1 0 11 2 23 13 118 10 8 3 9 0 6 16 9 2 0 2 5 0 8 28 372 16 5 11 16 2 14 30 213 11 9 11 111 10 57 94 110 104 8 99 8 6 6 243 11 7 0 5 1 3 3 112 10 6 0 3 2 1 0 10 6 2 0 2 1 16 5 44 16 15 0 7 1 3 0 3 3 0 0 1 0 0 0 0 14 4 0 6 2 0 2 7 9 7 2 3 10 17 4 22 120 294 15 252 5 6 5 78 3 5 0 7 1 9 4 35 6 15 1 12 0 6 2 12 6 13 1 18 10 75 6 88 153 282 11 118 5 18 4 37 8 5 0 5 5 5 7 28 448 144 3 52 32 10 29 86 132 45 2 31 51 125 38 244 2
19470 42 42 34 31 3 51 224 69 6 4 10 39 7 56 189 47 6 5 2 3 0 3 10 54 1 8 6 81 6 100 69 44 3 7 2 3 0 1 4 3 0 0 0 3 0 0 4 50 2 1 0 2 2 4 4 66 1 2 3 110 6 39 32 53 3 5 4 4 0 1 7 5 1 0 1 2 0 2 15 4 0 0 0 0 0 1 1 3 0 0 0 5 0 7 6 40 6 1 2 5 1 0 9 6 1 0 0 4 2 4 5 137 5 3 6 5 4 5 66 178 11 5 4 62 5 33 76 84 34 3 63 3 3 4 184 19 1 1 4 3 2 3 87 9 3 0 3 1 0 0 8 1 1 0 1 1 3 0 29 11 5 0 0 0 0 0 5 0 0 0 0 1 0 0 3 4 9 0 1 0 0 0 9 3 2 0 3 3 5 2 16 58 85 2 108 5 1 5 80 3 1 0 1 2 2 1 27 4 1 2 8 1 0 0 8 3 4 0 4 5 20 3 34 78 114 2 51 3 5 0 28 4 1 0 1 4 4 0 12 223 45 1 30 13 7 10 106 69 33 3 16 18 46 10 177 16269 58 61 75 84 7 80 280 103 12 6 7 92 4 104 262 94 7 13 5 7 0 5 12 119 6 11 7 145 6 184 96 96 7 3 3 5 1 3 1 19 0 0 0 13 0 2 1 85 4 2 4 4 0 3 9 140 5 8 1 253 21 61 47 133 6 8 3 9 1 1 17 5 2 1 1 1 2 5 14 10 0 0 0 1 0 1 1 6 1 1 0 7 2 11 4 116 10 2 5 7 0 3 5 5 2 0 0 5 1 1 10 269 11 1 8 8 1 10 79 333 17 3 10 103 4 43 131 114 73 6 85 4 2 10 275 18 3 1 2 5 4 3 119 13 8 2 4 1 0 1 12 2 1 0 4 0 8 5 54 12 4 0 3 0 1 0 3 0 0 0 1 0 0 0 5 12 6 0 2 2 0 2 12 5 5 0 3 5 17 4 24 116 155 11 227 1 6 5 106 5 0 0 1 2 5 6 41 6 7 0 16 0 1 1 8 3 5 0 13 8 39 7 78 172 203 8 100 5 8 5 39 2 1 1 2 3 2 3 21 344 102 2 55 12 10 9 127 127 34 3 28 34 84 23 235 19679 29 34 54 28 6 47 187 85 7 2 7 40 2 73 243 31 2 2 3 2 1 2 6 34 1 2 1 58 4 73 50 29 3 3 0 2 0 1 5 7 0 0 0 3 1 0 2 45 0 0 2 2 0 1 9 41 2 3 0 54 3 35 13 34 2 3 1 2 1 2 5 9 0 0 0 0 0 3 3 9 0 1 2 3 1 0 3 5 1 1 0 2 1 1 6 36 1 2 3 1 0 2 6 10 0 0 0 2 0 1 3 278 10 3 10 9 4 11 80 194 11 4 10 63 5 24 90 107 28 6 69 5 4 2 227 17 1 0 4 3 6 5 100 14 2 0 2 0 0 1 8 8 2 0 3 1 2 0 23 5 1 0 0 0 0 0 2 0 0 0 0 0 1 0 3 7 2 0 1 0 0 0 5 6 1 0 3 0 2 3 15 34 50 4 89 0 3 3 54 4 1 0 1 0 4 2 25 4 1 0 4 0 1 0 6 1 5 0 2 1 20 3 32 53 60 2 21 3 8 2 18 4 1 0 2 1 0 1 18 248 58 1 19 15 6 12 92 130 24 3 12 26 32 14 147 16334 72 89 96 113 18 114 302 106 6 4 11 97 5 132 358 67 5 9 6 6 2 3 8 58 0 8 3 170 6 190 108 70 5 6 2 3 0 4 4 11 0 1 0 12 1 6 4 43 3 5 2 1 1 3 7 113 7 3 5 275 24 77 41 81 7 6 4 6 0 4 11 3 1 0 1 4 1 7 13 9 2 0 2 1 0 0 2 6 0 0 1 9 1 12 6 76 9 0 5 3 1 2 10 8 2 0 0 9 3 0 14 254 7 2 5 9 3 4 77 273 21 1 13 97 14 31 117 122 84 18 134 4 7 14 428 19 4 1 3 7 6 4 138 6 5 0 7 1 1 0 19 3 6 0 4 4 5 2 30 9 15 0 4 0 0 0 0 2 1 0 0 0 0 1 2 4 5 0 3 1 0 0 9 3 2 1 9 3 19 2 36 62 147 12 310 2 7 3 116 4 4 0 1 1 3 2 34 7 5 0 31 1 3 0 10 1 5 0 16 2 38 5 69 72 182 3 72 6 8 2 38 3 5 1 1 8 5 5 24 199 95 0 49 11 6 9 112 113 33 2 39 27 87 24 255 2
16870 57 56 63 78 7 66 305 117 6 3 14 70 8 121 290 67 2 1 2 13 1 6 12 65 6 6 4 148 7 210 107 72 5 5 5 1 0 6 6 10 0 0 0 3 0 2 4 72 4 3 3 6 0 2 6 104 10 5 4 203 16 82 47 74 8 5 2 9 1 3 11 13 1 0 0 2 1 4 10 7 1 0 3 2 0 0 2 1 1 0 0 12 1 1 6 90 7 4 8 1 1 0 8 11 3 0 0 8 0 4 13 285 5 4 7 7 0 5 52 401 8 1 10 90 8 38 134 100 44 9 90 13 5 15 326 18 4 0 5 5 2 1 128 11 4 0 6 0 0 0 17 3 0 0 3 3 6 6 35 5 7 0 3 2 0 0 1 0 0 0 0 0 0 0 2 9 5 0 3 0 1 0 12 6 4 0 5 3 9 4 37 85 128 11 212 5 2 5 93 6 0 0 1 1 3 2 49 5 8 0 17 1 2 2 12 4 0 0 5 7 29 6 61 119 191 2 74 5 8 3 36 5 4 1 0 3 3 0 15 327 85 3 43 15 10 10 141 79 36 2 26 18 58 15 185 13965 75 80 74 75 11 53 188 111 7 11 13 93 4 97 305 173 9 12 4 17 3 7 10 139 2 13 6 248 8 243 138 139 11 5 7 8 3 6 8 14 0 1 0 9 1 6 2 156 7 7 3 10 0 6 10 246 7 5 4 404 21 134 83 169 21 9 9 7 1 4 14 9 0 0 2 6 0 11 21 27 3 1 0 1 1 0 2 13 0 1 1 18 2 16 11 181 4 4 3 3 1 3 11 22 1 0 0 7 0 4 11 399 11 4 7 4 0 7 68 427 19 3 11 148 15 40 123 127 89 10 84 8 12 15 284 7 4 0 0 7 1 6 135 14 5 1 3 3 1 2 17 7 4 0 2 6 7 3 43 10 11 0 8 4 1 0 3 0 0 0 0 0 1 2 4 14 3 0 3 1 0 2 9 7 4 0 6 5 8 1 44 144 271 12 380 8 9 6 129 6 5 0 4 5 6 4 53 6 5 1 18 1 1 0 14 5 6 1 11 6 66 11 95 175 337 6 133 7 13 6 56 4 7 2 0 6 9 10 23 420 140 8 56 12 12 11 159 152 59 1 28 50 121 32 289 17086 71 63 100 81 2 81 362 103 11 3 11 92 2 129 392 59 5 5 2 2 0 4 9 54 1 11 0 95 9 170 107 34 4 3 3 3 0 1 2 6 1 0 0 8 0 3 3 48 4 4 1 5 0 5 6 71 2 4 1 200 6 63 34 48 4 2 5 4 0 5 10 14 2 0 0 4 0 6 15 8 0 0 0 0 0 0 1 6 0 0 0 8 1 7 9 47 5 0 3 6 0 2 8 14 3 0 2 2 2 8 13 299 9 1 6 9 2 5 90 288 17 2 6 81 4 41 116 80 82 4 155 9 7 15 396 13 3 0 7 4 2 4 98 7 6 0 2 1 0 0 8 4 0 0 6 3 3 3 27 5 4 1 3 1 1 0 5 0 0 0 0 0 1 0 2 17 2 1 3 3 1 0 7 3 3 0 0 2 2 2 14 58 120 8 185 2 3 3 100 2 3 0 2 1 4 3 33 1 7 0 5 0 1 0 1 5 5 0 3 6 17 7 45 70 162 5 59 7 5 2 38 2 1 0 1 2 3 5 16 383 103 2 50 35 6 15 118 114 26 3 28 46 54 30 179 14440 130 100 133 167 24 154 385 108 12 5 13 137 7 149 413 77 4 9 8 18 1 5 13 91 4 10 10 295 13 328 130 84 5 10 10 11 0 2 4 11 0 1 0 16 1 5 6 68 5 4 2 9 1 6 10 143 6 5 4 389 25 148 58 119 16 9 6 11 1 7 8 10 1 1 2 10 0 6 10 8 0 0 1 1 1 1 1 5 1 1 3 10 1 13 9 76 7 3 3 9 1 3 10 13 1 1 0 5 1 5 6 171 6 4 6 6 1 7 72 282 30 1 19 130 16 30 109 128 126 19 171 17 6 27 437 10 3 0 4 5 5 4 119 5 8 1 8 2 1 1 29 0 1 0 1 9 8 6 52 9 13 0 0 0 0 0 3 0 0 0 0 0 2 0 3 10 4 0 8 0 0 0 18 5 7 0 10 4 16 3 36 112 269 13 381 5 9 9 145 1 2 0 3 2 5 1 40 5 9 2 23 3 7 0 16 2 8 1 11 9 58 8 94 115 267 2 113 5 11 4 41 6 5 1 3 5 6 2 19 199 110 5 62 12 12 7 126 95 56 1 34 49 91 25 274 2
15404 89 65 83 101 11 83 383 145 16 12 14 90 7 110 322 106 14 7 6 19 0 9 17 110 6 7 8 150 10 199 96 92 4 8 3 3 0 4 8 11 0 0 2 8 3 3 4 103 8 5 4 17 4 6 14 164 15 7 6 134 13 87 36 96 15 10 6 13 0 8 24 20 1 1 0 8 1 4 27 20 3 1 2 0 0 0 4 8 0 1 2 10 4 14 12 103 9 4 5 5 0 6 17 25 1 2 0 10 1 3 14 414 17 8 24 21 2 21 86 409 27 8 21 93 17 64 138 147 61 14 91 12 6 21 375 23 3 0 8 7 6 7 114 15 9 1 14 0 2 2 20 6 3 1 3 9 8 5 31 14 8 1 6 0 1 0 3 2 1 0 0 1 0 1 1 13 6 0 7 1 1 0 19 7 4 0 4 6 3 1 37 84 125 12 130 3 10 9 96 13 6 0 3 8 5 2 47 7 6 2 12 3 2 2 8 5 6 5 10 5 26 5 56 134 179 8 66 4 10 5 55 11 6 0 2 5 9 3 34 401 132 5 47 20 11 13 107 130 54 1 24 55 64 41 243 14074 135 125 130 149 30 138 458 143 16 16 23 98 4 167 422 133 9 15 13 20 4 15 22 114 8 16 14 213 8 249 134 107 11 13 5 12 0 9 8 18 3 0 0 18 1 2 6 92 9 5 6 12 0 7 10 155 12 5 2 320 31 114 51 115 11 11 7 11 2 9 21 16 1 1 0 5 3 8 22 12 4 2 4 0 1 1 3 10 1 1 4 11 3 29 15 83 10 4 6 10 1 4 10 20 1 1 0 8 2 7 17 233 10 2 14 15 2 10 64 272 13 4 12 111 13 55 112 128 84 15 175 19 18 15 344 25 7 3 6 4 7 8 137 17 12 2 14 2 0 1 28 1 7 0 3 6 12 6 37 23 16 1 2 2 1 0 6 0 1 0 0 2 0 1 1 16 14 0 1 5 2 2 13 7 9 0 6 7 19 7 48 90 204 18 325 4 11 14 117 3 3 0 6 7 12 7 55 8 14 3 29 1 0 3 15 4 10 0 18 12 34 19 104 125 247 2 87 4 27 7 41 9 4 0 3 5 20 8 33 405 81 7 27 23 8 17 111 104 42 11 51 36 97 45 308 15878 70 60 83 51 7 55 262 123 11 16 9 69 8 114 384 55 8 5 3 5 1 7 15 68 5 10 6 87 7 141 114 67 2 7 10 5 1 0 10 14 2 0 2 8 0 3 3 71 8 5 3 3 0 2 11 102 8 4 5 118 9 70 33 68 4 1 5 7 0 1 10 20 1 1 1 8 1 6 17 16 3 1 0 2 0 2 2 8 0 0 0 3 2 15 12 66 5 4 0 3 0 2 14 22 3 0 1 4 2 4 18 444 16 6 17 19 6 9 93 533 21 5 12 111 12 58 171 145 81 16 97 24 12 15 356 32 7 3 9 8 6 17 177 13 6 2 11 0 1 1 16 7 3 0 0 5 3 4 31 21 8 0 6 0 1 1 5 3 1 0 0 1 0 0 0 12 7 0 8 1 1 1 19 9 6 0 5 4 5 1 26 65 63 6 111 2 9 11 78 9 4 1 1 3 11 2 49 10 5 0 12 1 3 0 8 7 5 0 8 7 8 6 44 81 125 4 49 15 10 2 40 14 8 0 2 3 6 6 33 544 116 9 50 20 11 17 163 229 43 7 39 72 57 34 290 14106 111 129 107 89 8 93 259 137 13 15 19 105 7 146 456 123 3 13 3 13 1 9 12 133 8 7 7 277 7 262 107 132 8 24 2 9 2 4 11 8 2 2 1 9 0 4 3 112 7 5 7 6 1 8 11 131 8 5 3 352 16 114 49 102 10 14 7 6 0 7 16 5 2 1 2 3 1 9 24 14 0 3 0 1 0 2 1 7 0 0 0 15 3 16 9 120 15 7 6 9 3 4 9 8 1 0 0 6 2 5 13 286 6 3 8 21 2 7 77 277 12 7 5 142 10 70 141 152 88 12 157 7 11 9 228 23 7 0 5 4 3 3 139 8 2 2 10 1 0 1 10 8 6 1 4 3 13 6 49 14 14 1 3 1 2 1 5 3 1 0 0 0 0 0 4 17 13 1 4 0 1 1 12 8 6 1 3 1 15 1 24 89 275 13 317 4 13 4 102 2 8 0 2 3 15 3 45 17 7 0 36 0 2 2 8 5 22 2 13 9 68 17 124 150 325 9 118 10 18 0 29 6 1 0 3 4 16 7 32 471 127 5 71 25 20 24 121 120 58 6 40 51 141 38 324 2
20090 39 49 35 30 8 36 201 66 8 7 5 34 1 62 154 31 2 3 2 6 0 4 10 37 1 7 4 74 6 109 50 53 3 16 2 2 0 1 4 12 0 1 0 3 1 1 1 42 3 3 3 1 0 5 8 66 5 0 2 36 5 38 29 37 4 3 3 1 0 7 11 6 1 0 0 5 2 1 8 3 0 0 1 1 0 0 4 7 0 2 1 9 1 11 4 49 3 2 3 2 0 1 10 1 0 0 0 0 0 2 7 132 17 3 11 13 3 6 46 90 10 4 10 33 6 25 83 65 47 13 52 5 2 4 164 9 3 1 2 7 7 2 94 5 4 0 0 1 0 0 11 1 2 0 3 3 6 2 25 6 4 0 1 1 0 1 2 0 0 0 0 0 2 0 2 10 0 1 1 0 0 0 8 4 1 1 0 3 4 0 18 44 78 3 77 2 6 1 36 3 2 0 0 1 2 3 18 7 3 0 5 0 1 0 7 4 5 0 6 6 27 3 55 82 81 3 40 9 11 3 18 1 3 0 0 1 11 0 20 139 28 5 23 9 9 5 94 41 13 1 15 19 34 18 156 19753 36 54 36 39 8 42 105 53 6 7 6 36 5 61 122 44 2 7 1 8 1 3 7 51 8 8 5 73 10 108 44 54 6 8 2 3 0 2 4 10 1 0 0 7 3 4 1 50 3 3 2 4 0 0 8 116 5 4 2 89 8 36 20 31 4 4 2 11 2 6 7 8 0 0 1 3 0 2 6 10 1 0 0 2 1 1 2 6 0 1 0 7 2 8 4 63 9 0 2 3 1 2 2 7 3 0 0 2 0 3 8 249 5 7 5 9 2 7 43 211 9 3 5 61 5 28 72 55 38 7 69 4 2 5 96 10 2 1 1 3 1 1 51 6 2 0 7 2 0 0 6 6 1 1 4 3 3 3 26 7 3 1 2 0 1 0 1 0 0 0 0 1 2 1 3 10 2 1 1 1 0 2 3 3 3 0 4 1 3 0 17 51 98 10 107 3 4 5 56 7 2 1 2 2 3 1 23 4 3 0 12 1 0 1 6 3 7 2 4 4 16 4 42 92 103 3 32 4 6 0 21 3 4 0 1 3 4 4 12 180 64 1 31 11 7 13 78 56 25 1 12 27 34 20 142 20227 38 51 38 25 8 38 163 51 6 6 3 34 4 72 120 26 4 1 4 8 0 2 12 33 0 6 1 64 6 53 38 44 1 4 2 5 0 1 2 5 0 0 0 6 2 3 4 54 2 0 1 8 0 4 5 59 3 2 3 70 7 38 23 35 5 9 3 3 0 2 8 5 1 1 4 6 0 4 11 14 0 1 3 1 0 0 1 5 2 1 0 8 1 5 4 46 5 5 0 4 0 5 4 5 2 0 1 1 0 5 5 207 10 4 10 9 1 5 28 132 10 9 5 55 6 30 53 61 51 7 86 2 5 4 121 5 1 0 0 3 3 2 47 4 4 0 5 0 0 1 11 3 1 0 2 0 2 3 21 5 5 1 6 2 0 0 1 0 0 0 0 0 1 0 0 6 3 0 5 0 1 3 8 4 1 0 2 3 10 1 15 45 64 9 68 2 5 0 43 2 2 0 2 0 4 2 19 10 9 1 11 0 2 1 4 3 10 0 2 3 13 3 40 72 59 2 27 5 6 7 19 2 3 0 1 1 4 3 17 149 39 4 28 11 9 8 63 89 16 1 23 31 47 14 147 19716 53 78 74 52 8 62 207 42 3 4 8 59 1 108 194 34 4 3 1 3 3 6 7 42 3 14 1 98 11 122 63 41 2 11 1 4 3 0 2 4 0 3 1 9 1 3 4 32 1 6 4 6 0 1 9 63 7 3 3 127 8 52 26 19 5 4 3 3 1 5 12 2 1 0 1 8 0 4 5 11 0 2 1 1 1 1 2 3 1 0 0 9 0 11 8 51 5 1 2 2 1 3 3 2 0 0 2 2 0 2 4 100 3 3 9 4 2 6 48 92 7 0 4 42 11 25 66 41 43 7 87 7 3 7 170 8 4 2 3 2 5 1 79 4 1 0 8 0 1 2 5 1 2 0 2 3 8 0 32 6 6 0 6 1 1 0 4 0 1 0 0 0 0 0 3 1 5 0 0 0 1 1 4 0 5 0 2 1 10 4 12 41 97 3 94 2 12 2 50 4 2 0 2 1 6 5 26 1 7 0 6 0 2 0 6 5 7 0 5 5 25 11 57 77 102 7 57 0 9 7 17 3 1 0 2 3 7 3 12 91 59 2 27 1 4 2 75 60 15 4 18 16 47 14 144 2
16175 82 48 68 90 8 68 346 158 11 11 10 88 5 107 326 108 8 1 5 20 3 5 16 123 6 6 6 187 7 184 114 73 4 3 4 6 2 6 4 4 0 0 0 5 0 6 6 111 4 3 4 6 1 4 13 106 5 4 3 189 7 97 49 82 10 4 3 4 0 5 14 10 1 1 1 2 0 2 15 11 2 0 0 1 0 2 1 9 2 0 0 10 1 11 11 88 0 3 2 4 1 0 12 15 2 2 1 3 0 3 14 466 18 6 10 18 1 9 67 277 8 7 12 99 10 47 121 139 88 3 107 7 5 11 322 37 7 1 5 7 3 6 129 7 3 0 4 0 0 0 23 8 3 0 3 7 3 5 35 9 4 0 5 1 3 2 2 1 0 0 0 1 0 1 3 15 5 0 4 0 0 2 15 4 2 1 3 0 5 2 14 100 194 8 205 2 8 3 112 4 4 0 3 3 9 2 39 2 9 1 6 1 1 0 7 3 6 0 5 6 28 7 40 95 167 3 100 11 5 2 54 5 3 1 1 3 7 4 21 333 86 7 41 13 11 12 121 97 31 3 24 36 45 22 195 13656 94 109 104 147 24 153 501 176 22 21 23 108 11 170 422 131 5 16 4 18 3 9 16 120 5 14 9 196 13 291 139 109 12 14 5 6 2 7 10 14 3 0 0 9 2 8 6 107 4 7 3 21 0 8 14 167 9 6 7 299 33 100 54 87 16 14 6 10 1 4 24 10 5 0 3 6 3 5 29 15 1 2 1 3 0 1 3 6 1 1 1 13 4 22 19 105 8 8 2 5 1 9 18 19 1 1 4 7 0 6 15 271 10 5 16 10 5 10 62 417 16 8 15 132 11 68 132 152 88 14 137 20 11 25 391 25 3 2 9 9 6 9 164 15 4 1 6 0 2 2 26 4 3 0 5 2 11 8 61 6 12 2 7 0 3 3 8 0 1 0 1 0 2 0 5 23 5 0 4 4 4 3 14 5 7 0 6 10 26 7 42 109 178 19 279 7 16 4 119 4 7 0 9 2 11 6 50 10 15 3 16 1 3 2 18 5 12 2 15 16 32 16 122 134 282 8 108 12 23 3 63 5 11 0 4 3 19 4 42 301 104 8 64 28 9 18 120 99 52 9 40 54 98 28 354 16451 49 58 59 71 4 52 180 154 12 11 13 77 5 136 197 80 4 2 2 6 1 8 15 66 5 9 3 133 10 167 73 59 3 4 3 4 0 2 8 8 1 1 0 5 0 4 5 87 3 2 4 8 1 3 16 135 4 6 2 154 5 76 37 101 11 5 6 4 0 3 12 8 2 0 2 3 1 8 12 12 1 1 0 0 0 1 8 8 0 1 1 6 1 10 8 94 6 1 3 6 0 2 10 11 0 0 0 4 1 4 15 437 10 1 10 13 2 11 95 455 23 3 8 110 9 56 152 144 63 5 78 9 6 15 297 37 5 0 6 7 4 5 96 13 5 0 10 1 0 0 21 9 2 0 4 5 4 3 26 10 9 2 8 1 0 0 7 0 1 0 1 0 0 1 2 12 4 0 6 2 0 0 10 12 7 0 5 8 8 2 18 76 134 5 148 2 3 3 69 10 4 0 4 2 4 1 34 8 15 1 8 0 1 0 16 10 7 2 9 7 21 7 53 122 137 4 88 3 6 6 34 10 3 1 4 3 7 2 20 404 107 7 46 15 7 10 188 178 58 4 25 56 61 36 246 13844 75 105 103 60 6 94 207 123 3 9 14 91 5 146 188 131 6 8 5 12 0 7 10 135 4 9 3 360 17 317 109 158 10 16 1 9 1 6 11 9 0 1 1 11 2 4 3 159 4 9 4 12 0 8 6 189 7 3 5 431 11 182 49 118 11 8 11 4 1 6 8 9 1 1 2 10 1 14 15 17 3 1 0 3 0 1 3 7 1 2 1 15 0 20 14 135 12 6 5 4 1 6 5 14 2 0 0 5 1 8 8 332 17 6 13 11 4 11 51 352 24 8 15 168 14 48 108 111 112 10 160 7 8 10 274 18 2 3 6 3 5 10 93 15 6 0 10 0 1 0 16 2 4 0 1 3 24 6 44 9 11 1 7 3 0 0 4 0 0 0 0 1 1 0 2 12 1 0 5 1 1 1 16 5 4 0 6 3 15 5 19 139 350 9 378 7 19 4 103 3 12 0 5 1 16 3 50 13 15 0 16 2 4 0 10 6 12 1 16 24 68 17 114 207 389 7 149 8 14 2 42 5 9 1 4 3 13 2 31 252 144 10 75 11 20 8 156 161 67 4 38 73 172 35 273 2
19213 32 42 33 41 8 49 179 128 11 4 8 45 1 95 193 33 1 0 1 4 1 6 6 53 2 3 0 108 6 63 83 24 1 3 3 3 0 2 1 8 1 2 0 5 0 0 2 44 2 2 3 4 2 1 15 77 6 0 1 67 3 55 51 43 2 0 8 3 0 2 7 8 1 0 0 2 0 1 5 1 1 0 1 1 0 0 0 3 1 0 0 1 1 4 3 46 4 1 0 1 0 1 4 15 1 0 0 2 1 1 7 129 8 4 4 3 1 6 69 309 12 1 17 62 6 26 143 102 39 9 77 9 2 14 300 21 0 0 3 1 5 5 115 6 3 0 5 1 0 0 21 4 1 0 0 4 6 1 39 6 1 1 2 0 0 1 2 2 0 0 0 0 0 1 5 4 1 1 2 1 0 0 19 5 1 0 0 0 2 3 14 52 81 5 75 5 3 5 79 2 2 0 1 1 5 1 24 1 1 0 2 1 0 0 5 4 5 0 3 2 27 3 47 74 74 2 51 4 2 3 34 4 2 1 0 1 0 1 16 170 48 3 31 4 3 6 148 57 20 3 12 14 26 11 172 16102 72 82 83 77 11 92 209 97 6 10 25 73 3 130 325 110 2 2 0 7 1 12 9 85 8 11 3 239 12 211 126 94 6 21 5 8 1 8 11 9 0 1 2 7 2 3 5 111 7 11 1 6 0 1 3 119 4 10 2 149 9 130 38 114 13 10 9 9 0 5 6 7 0 1 0 3 0 8 23 9 2 0 1 1 0 1 2 10 0 0 0 11 3 7 18 99 5 6 3 3 3 2 8 5 1 0 1 0 0 1 16 272 13 9 7 9 3 14 69 169 10 2 10 98 14 41 89 96 79 4 117 8 7 6 160 12 2 1 6 6 4 5 127 8 2 2 6 2 1 1 7 3 3 1 1 5 14 0 50 11 6 2 4 0 0 0 1 0 0 0 0 0 2 1 7 21 4 0 4 0 0 3 8 6 0 0 4 9 10 3 15 97 267 5 214 7 7 3 108 4 10 1 7 1 11 5 62 8 10 0 5 3 6 0 13 7 13 0 5 15 79 6 111 150 208 3 155 6 11 3 41 3 3 0 3 4 8 3 31 318 108 6 42 16 17 13 114 127 42 4 25 46 81 27 280 18930 33 42 41 37 8 32 167 167 14 7 22 44 5 104 287 42 4 1 1 6 0 8 11 51 0 4 3 84 5 109 60 19 2 14 4 0 1 1 3 2 0 0 0 2 0 3 2 35 1 4 0 7 0 2 6 52 3 3 2 85 2 64 26 23 6 2 4 2 0 3 8 7 1 1 0 3 1 4 25 7 0 0 0 0 1 0 0 6 0 0 0 5 2 5 6 37 4 4 4 2 0 0 5 10 1 0 0 2 0 2 16 216 9 4 12 8 5 11 70 186 10 3 12 72 5 51 136 109 46 5 65 2 5 7 164 26 6 3 6 1 4 8 72 9 2 0 5 0 2 0 9 2 2 0 1 1 6 3 22 7 9 0 2 0 2 0 1 2 0 0 0 0 3 1 2 14 2 2 2 2 1 2 9 5 1 1 0 5 2 5 24 40 77 4 82 1 5 3 50 2 3 0 1 1 6 0 19 8 6 0 2 0 5 0 8 4 3 0 1 5 23 7 40 65 88 3 43 6 11 6 30 4 3 1 2 4 5 2 27 283 61 1 35 22 6 14 133 130 38 6 16 32 34 20 200 15830 87 95 108 94 5 106 274 123 4 8 19 91 7 136 243 71 6 7 9 13 0 8 14 80 6 5 1 218 14 167 112 101 6 20 6 4 0 5 8 6 0 1 0 5 2 6 5 91 2 3 1 6 0 8 12 104 7 4 4 176 6 120 54 90 6 6 9 6 3 6 10 6 1 0 2 2 1 9 13 11 0 1 0 1 0 0 2 8 1 2 0 19 4 4 11 75 6 8 5 4 0 2 9 11 0 0 0 5 0 2 10 220 10 11 16 4 5 12 76 252 8 6 8 106 17 54 140 145 90 11 142 7 7 20 329 21 6 0 7 8 12 1 170 10 4 0 7 2 3 2 13 11 2 0 2 11 14 6 40 8 4 2 9 1 0 0 4 1 0 0 0 0 0 0 5 8 2 0 3 2 0 1 10 0 3 0 3 4 8 3 26 93 251 11 199 1 13 4 118 6 12 1 3 3 13 2 46 5 11 1 10 0 2 0 18 5 16 1 10 8 69 4 79 134 195 5 140 6 6 3 54 6 6 0 5 3 11 2 29 182 115 7 53 8 16 5 158 153 46 5 27 57 87 25 305 2
19129 29 46 33 26 3 31 166 93 10 5 7 38 1 63 216 32 0 4 0 3 0 4 14 56 2 8 5 94 3 135 36 63 4 9 3 7 0 1 5 8 0 0 0 8 0 0 6 42 2 4 1 3 1 1 9 88 4 3 3 153 9 39 32 30 3 4 4 1 1 2 11 6 0 0 0 5 0 2 9 4 0 0 0 1 0 1 1 6 0 0 0 4 0 9 11 39 5 2 1 3 0 3 12 6 0 0 0 1 0 2 7 138 4 2 7 10 1 6 94 233 10 3 8 33 4 17 117 103 30 4 57 9 6 4 235 12 3 0 3 5 2 5 80 6 4 1 5 0 0 0 6 3 0 0 3 3 5 1 27 10 9 2 5 0 0 0 1 0 0 0 0 0 0 2 3 7 0 0 5 0 0 1 7 1 2 0 3 2 5 1 17 52 90 5 152 5 1 4 39 5 2 0 3 1 2 3 14 4 7 0 8 0 0 0 9 2 4 0 13 2 29 4 62 128 136 1 27 8 11 1 33 5 3 0 0 2 6 4 24 242 40 1 14 10 5 13 135 51 25 0 6 18 72 17 181 15419 71 79 57 96 29 66 329 126 17 16 21 73 5 124 445 79 13 8 4 15 8 6 15 70 4 11 4 173 12 243 96 67 6 9 6 14 1 6 5 7 0 0 1 12 3 4 3 65 4 3 4 8 2 2 9 163 7 4 9 265 10 61 49 63 17 4 5 8 3 2 17 14 1 2 2 5 0 7 20 10 3 0 2 0 0 0 2 1 2 4 2 4 4 15 21 63 8 9 2 7 2 4 13 17 0 1 1 3 0 6 21 244 10 5 7 8 2 12 96 434 19 6 10 71 12 47 166 138 53 8 130 17 6 17 392 23 7 1 7 5 4 6 126 11 3 0 14 4 1 1 24 2 3 1 3 6 6 1 45 16 17 0 5 3 2 2 10 5 0 11 5 3 1 18 23 18 6 0 7 2 3 0 20 5 2 2 6 2 12 14 34 65 130 13 201 5 6 6 78 3 5 1 2 4 11 5 48 5 7 1 13 0 3 2 8 5 3 0 5 6 41 9 81 165 235 1 61 12 10 9 45 6 3 13 10 3 9 7 39 471 72 6 34 30 14 9 160 85 31 9 20 30 73 34 243 18691 27 57 48 26 9 35 206 119 10 8 6 62 5 72 239 32 2 7 2 3 0 4 12 32 3 7 0 87 2 112 48 38 3 5 3 2 0 3 5 6 0 0 0 7 0 4 3 39 3 3 1 3 0 1 17 74 5 0 4 85 11 31 31 41 4 4 0 4 1 3 10 16 0 0 1 7 0 4 9 8 0 0 2 0 0 0 2 3 0 1 0 5 1 6 9 57 2 1 3 0 0 2 9 18 0 0 1 2 0 2 5 289 13 8 13 14 1 11 110 292 10 6 11 58 7 25 151 143 44 7 86 11 6 15 280 15 5 1 6 7 6 7 100 9 2 0 6 0 1 0 10 2 2 0 3 2 3 3 16 5 4 0 2 0 0 0 4 2 1 0 0 1 0 0 4 6 3 0 2 1 0 0 6 8 2 0 4 4 2 2 19 30 72 5 110 1 5 3 43 3 3 1 1 0 6 1 23 4 3 0 5 0 0 0 7 5 2 1 3 7 22 4 50 49 83 1 35 2 4 2 20 3 1 0 0 1 7 5 16 266 48 4 35 16 6 6 135 140 30 4 10 31 47 17 183 15312 81 83 67 83 17 59 248 172 7 8 13 68 6 167 434 64 9 16 3 9 4 7 17 65 1 15 4 201 6 222 91 80 13 16 5 9 1 4 7 11 1 0 2 14 0 9 7 74 4 2 3 10 0 5 18 94 5 7 3 290 13 75 41 70 15 11 2 9 1 5 6 12 1 1 4 1 0 9 14 9 1 0 1 0 0 1 1 12 2 0 1 9 0 9 12 44 5 5 2 6 1 3 10 13 3 1 1 11 1 4 8 271 10 8 8 16 7 10 98 383 13 3 16 86 10 50 199 145 74 16 154 12 5 17 429 21 9 3 7 9 7 6 97 10 2 0 13 3 0 1 17 9 5 2 3 1 14 3 39 20 14 2 6 0 0 0 3 1 1 2 6 0 1 11 5 9 4 1 5 0 1 1 9 5 5 3 5 5 10 4 20 54 191 14 290 3 10 10 85 5 3 1 0 3 14 3 37 5 13 0 16 0 1 1 10 7 5 0 11 7 48 15 90 111 246 6 77 10 8 3 36 6 4 2 8 2 12 9 20 398 92 5 53 18 15 13 188 89 47 10 28 29 108 36 289 2
19593 30 34 43 28 2 47 177 66 5 2 7 36 3 45 173 25 2 3 0 2 1 4 6 28 3 3 1 73 5 124 44 41 2 2 3 4 0 1 4 4 0 0 1 7 0 0 1 52 3 1 2 0 0 1 10 82 4 1 5 98 6 25 26 44 5 3 2 4 0 2 11 3 1 1 0 2 0 0 7 11 0 1 2 0 1 0 1 3 0 0 0 5 0 8 6 67 2 1 4 0 0 0 10 3 0 0 0 1 0 3 5 282 5 3 6 12 4 6 49 269 13 2 4 35 3 23 82 73 41 2 50 4 3 9 171 5 0 0 3 1 3 2 68 6 5 0 4 0 1 0 11 1 2 0 3 2 3 0 18 5 3 1 1 2 0 0 1 0 0 0 0 0 0 0 0 5 3 0 6 0 0 0 9 1 1 0 3 1 6 1 9 50 63 9 71 1 5 1 51 3 3 0 3 4 1 2 18 3 4 1 12 0 3 0 8 4 3 2 0 4 19 7 31 127 131 2 32 2 5 2 31 4 1 1 3 2 4 2 14 292 81 1 22 7 7 6 89 78 27 3 14 22 35 12 117 19803 20 27 31 27 4 18 120 43 3 5 6 36 7 54 167 77 1 7 2 2 0 4 6 59 2 6 2 109 4 114 44 52 2 3 0 1 1 2 2 9 1 1 0 2 1 2 3 79 0 3 2 5 1 0 6 111 5 0 2 138 8 32 21 61 4 2 1 2 0 1 8 4 0 0 0 4 1 3 12 7 1 1 0 0 1 0 2 4 1 1 1 5 0 5 5 63 4 0 4 2 0 1 4 5 0 1 0 3 0 4 7 239 9 7 3 14 0 2 44 218 4 4 4 45 3 22 79 39 30 3 32 9 4 7 82 5 2 0 2 1 2 5 57 5 4 0 2 0 0 0 8 4 0 0 1 3 4 2 22 10 6 1 0 0 1 0 1 0 0 0 0 0 1 0 0 6 1 0 2 3 0 1 3 4 4 0 6 2 4 0 17 48 99 5 100 2 9 2 39 5 6 0 1 2 3 3 19 10 13 0 7 0 1 1 4 2 3 0 4 8 16 5 46 91 159 5 49 3 4 5 30 7 1 0 4 1 7 4 28 193 48 3 16 8 7 9 62 62 24 2 8 17 30 11 123 20096 40 51 53 42 6 40 205 54 9 7 7 25 9 65 216 20 4 5 2 3 1 1 6 26 2 2 1 67 4 95 51 30 5 4 2 3 0 1 5 1 1 2 0 7 0 4 0 32 4 3 2 3 0 2 6 35 2 2 0 93 7 45 20 23 4 3 4 1 0 3 7 4 1 1 0 0 0 3 13 4 1 0 0 0 0 0 1 10 1 0 2 4 2 3 5 29 3 1 6 2 0 5 8 6 4 0 0 3 0 2 9 138 4 3 6 5 0 5 55 109 5 3 7 38 6 19 73 68 40 5 79 5 8 8 216 5 3 0 5 5 3 3 65 4 2 1 1 1 0 3 13 1 0 1 2 2 4 3 20 2 4 0 1 0 1 0 2 1 0 0 0 0 1 0 2 6 1 0 2 0 0 1 12 10 5 0 4 1 4 1 17 29 73 6 108 1 5 1 44 2 3 1 3 1 6 4 18 4 6 0 9 0 1 0 7 2 3 0 9 4 14 10 48 52 89 3 42 4 4 1 25 2 2 2 3 3 2 1 17 108 34 1 20 19 5 3 89 63 19 2 16 16 46 17 153 19835 62 52 63 44 6 49 146 54 2 9 6 51 4 95 213 46 3 4 5 5 0 1 7 35 5 1 1 73 5 160 48 24 4 1 0 4 1 2 1 10 0 0 0 5 0 3 4 47 3 0 1 5 0 2 4 62 4 3 4 95 6 44 16 31 4 4 4 4 0 1 5 6 1 0 1 1 1 6 7 5 1 1 0 1 0 0 0 1 0 0 0 6 2 7 5 41 2 2 2 1 0 1 7 5 1 0 1 1 0 1 4 170 13 3 7 10 1 8 40 193 9 5 2 54 7 28 59 48 47 5 95 5 1 10 183 4 1 0 2 2 1 4 49 3 1 0 5 1 1 0 7 2 0 0 3 3 3 4 20 7 8 0 8 0 0 1 3 0 0 2 0 0 0 0 1 3 6 0 2 1 0 1 4 5 2 0 5 1 6 1 15 31 117 8 138 4 7 0 42 1 3 0 3 3 5 3 12 4 4 0 9 0 2 0 4 1 3 1 4 5 19 7 35 46 124 2 44 2 7 1 27 2 3 0 4 3 11 3 21 100 42 3 18 9 7 8 62 62 16 0 10 25 34 16 122 2
17254 64 70 70 53 4 80 228 134 12 10 16 65 4 131 227 61 9 6 5 3 1 6 9 91 6 10 10 101 12 97 107 56 3 11 8 9 1 5 6 4 1 1 0 8 0 6 4 71 4 5 5 5 0 7 12 107 7 2 9 93 14 56 43 50 6 6 5 5 0 7 12 9 1 3 0 7 1 17 12 12 2 0 1 2 0 2 4 16 2 1 1 12 2 14 10 77 6 6 3 7 1 6 16 21 0 0 0 8 0 4 11 237 20 5 16 22 2 17 112 248 20 7 17 93 7 62 155 163 59 5 97 8 5 11 188 24 4 1 10 10 3 7 95 15 13 2 7 0 2 4 14 10 4 1 4 7 5 3 40 12 12 2 5 0 1 0 4 1 0 0 0 2 1 1 4 17 6 0 9 0 0 0 14 6 4 1 2 5 8 3 29 84 106 8 102 8 12 5 88 8 2 2 4 4 7 6 38 5 9 2 5 1 0 2 8 4 9 0 10 6 24 6 57 133 112 5 64 9 9 11 42 9 3 0 3 7 4 5 23 288 106 2 57 13 12 9 138 96 38 8 13 55 53 20 233 14006 78 93 97 79 9 120 290 143 17 15 23 98 10 154 285 73 7 13 7 16 1 4 25 108 13 14 15 160 9 180 144 121 9 14 1 10 1 11 9 17 0 1 2 17 1 8 10 108 14 9 7 9 0 5 20 242 10 12 8 201 14 97 63 68 9 9 10 13 1 15 21 12 0 2 1 11 2 21 24 16 1 2 2 1 0 2 6 18 1 1 0 12 5 16 13 125 13 3 7 9 2 7 21 23 2 1 2 14 0 7 12 337 23 7 14 18 3 14 84 341 23 7 11 165 17 63 141 163 110 14 164 10 13 13 287 29 9 1 8 8 6 4 155 12 11 3 15 4 2 0 18 11 4 1 4 7 12 6 65 20 13 0 10 2 0 1 13 0 0 0 1 0 2 0 5 15 16 0 11 0 0 0 11 11 8 2 8 4 5 2 33 129 195 12 160 6 8 12 140 9 11 1 3 8 10 7 78 7 9 0 15 2 3 3 19 9 16 0 7 15 54 11 115 236 206 10 112 18 23 7 79 10 6 1 1 10 8 5 33 398 161 4 85 18 27 26 146 180 73 4 27 76 125 31 359 17426 58 55 71 39 9 70 205 135 9 15 21 75 3 128 234 50 7 3 7 10 0 5 13 90 9 18 8 75 12 90 100 67 6 7 1 1 1 2 4 6 0 0 0 3 1 4 2 81 5 0 6 4 0 7 15 98 4 3 6 81 7 55 38 52 6 7 8 6 1 6 15 6 1 1 1 6 0 14 28 10 1 0 4 2 1 1 3 7 0 0 2 6 1 14 14 73 2 4 4 1 0 1 15 14 1 1 0 7 1 13 19 258 16 5 13 12 1 13 83 228 16 3 16 72 12 51 131 123 88 6 129 12 6 6 211 23 7 0 7 7 7 7 89 15 8 5 7 2 2 0 15 10 4 2 4 2 8 5 46 10 11 1 2 0 2 1 2 1 0 0 1 0 1 0 2 16 10 0 5 4 1 1 3 6 5 0 3 2 4 3 24 59 105 9 83 6 8 6 78 5 2 0 5 2 5 7 40 5 5 2 7 0 0 1 5 12 5 2 2 11 25 7 51 129 118 7 59 13 15 10 43 7 5 0 3 3 7 9 32 307 110 5 59 29 13 21 124 121 47 5 21 50 51 43 244 14475 95 128 120 87 18 108 275 168 17 7 15 113 10 178 266 78 16 14 12 15 2 17 18 102 6 21 12 159 11 187 127 120 8 23 6 6 0 6 3 13 2 0 1 14 2 9 12 116 6 7 7 16 0 8 15 156 14 9 8 163 11 89 52 67 12 12 15 7 2 12 17 16 2 1 1 12 1 15 21 20 3 1 1 2 0 2 8 10 2 2 1 13 3 16 16 105 4 4 13 13 2 9 12 18 3 0 2 10 0 9 14 270 22 7 12 23 8 17 79 290 32 8 15 134 13 71 135 157 107 18 199 20 10 25 280 18 12 3 16 9 7 10 125 20 13 1 15 2 1 5 27 7 9 1 8 5 11 5 61 13 14 3 7 0 2 0 7 4 0 2 0 2 2 0 9 11 16 1 9 2 2 1 29 12 15 1 6 6 17 8 41 117 185 21 189 13 13 9 139 7 7 1 7 11 15 10 58 8 15 1 16 5 5 1 14 5 9 3 8 6 61 12 132 200 173 1 90 13 21 10 62 12 7 1 5 10 11 6 38 228 144 5 67 12 21 21 152 122 90 2 39 70 107 39 352 2
19691 28 27 30 23 0 19 52 23 1 6 7 27 4 47 71 53 2 11 1 4 1 4 7 40 3 20 3 62 9 197 77 91 10 4 0 6 0 2 2 11 0 0 0 13 0 2 4 55 6 3 0 6 1 2 8 94 2 2 2 336 4 73 31 65 5 11 2 2 0 8 4 3 0 1 1 2 1 1 6 9 4 0 0 1 0 1 0 7 0 0 1 3 0 8 4 60 1 1 1 5 0 3 2 7 1 0 0 13 0 0 4 62 5 1 2 3 0 1 17 112 3 2 2 114 3 18 33 29 16 7 56 3 2 7 84 7 5 0 1 0 4 3 66 1 2 0 1 0 0 0 2 6 2 1 0 0 1 0 35 12 19 1 1 0 0 0 2 0 0 0 0 0 0 1 3 6 8 0 1 0 0 0 1 5 1 1 4 2 4 3 14 47 77 13 178 7 4 4 80 1 0 0 3 2 3 3 29 2 4 0 5 0 1 2 4 2 2 0 2 4 15 2 47 88 346 4 96 3 4 3 27 4 2 0 0 0 6 1 13 94 103 0 21 11 5 3 48 48 48 4 9 32 53 16 118 19835 25 35 28 18 5 7 39 24 1 9 5 17 1 49 69 53 2 3 2 1 4 1 5 52 0 15 6 122 5 236 77 63 8 10 2 5 0 1 1 3 1 1 0 12 0 4 0 51 4 7 1 8 0 3 3 99 1 6 2 245 9 84 27 46 7 10 4 8 0 3 9 6 0 0 0 2 0 2 1 3 0 0 0 0 1 0 1 3 0 0 0 10 3 6 5 59 4 7 1 1 0 1 5 9 0 0 0 5 1 0 3 57 5 1 3 2 1 4 34 113 9 0 6 87 2 27 55 28 20 8 38 2 4 4 51 6 2 0 2 1 0 2 40 4 5 1 2 0 0 0 5 3 1 0 0 1 6 0 37 9 15 0 2 0 0 0 1 0 0 0 0 2 0 0 0 11 7 0 0 0 1 0 2 3 4 0 1 5 2 0 13 41 119 13 231 2 5 4 85 1 1 0 2 1 2 2 28 5 4 1 5 2 0 1 3 2 3 0 5 7 23 2 53 99 249 6 96 3 3 1 27 1 2 0 3 2 3 0 12 130 68 0 23 6 4 6 40 67 24 1 12 24 39 15 115 19527 33 54 54 48 4 49 98 47 4 7 13 53 3 73 176 30 4 2 4 2 2 3 6 31 1 7 2 100 1 209 61 44 2 13 2 4 0 1 1 3 1 0 0 5 0 3 2 37 3 2 2 6 1 0 4 61 4 5 3 192 7 78 29 32 3 0 0 2 0 3 2 8 1 0 0 1 1 0 6 3 1 1 0 0 0 0 0 3 0 1 0 3 1 5 2 28 4 3 3 3 0 0 1 2 0 0 0 6 0 2 4 109 8 0 6 5 0 2 40 132 2 5 2 96 10 39 65 38 48 12 93 2 3 6 124 10 4 1 1 7 2 3 75 1 2 0 1 0 1 0 7 1 2 1 0 0 8 1 25 6 9 0 0 0 0 0 0 1 0 0 0 0 0 0 2 4 4 0 1 0 0 0 2 3 1 0 0 0 7 0 11 25 109 5 215 0 5 4 89 5 3 0 0 1 4 2 25 4 6 1 6 0 0 0 2 4 5 1 0 3 23 2 40 67 221 1 73 2 7 0 36 7 4 0 1 0 3 2 9 107 86 1 41 7 6 7 81 71 38 0 15 26 50 13 149 19752 48 92 53 41 4 53 74 34 6 5 14 49 4 93 134 18 1 7 5 2 0 5 4 22 0 10 3 170 8 270 80 38 6 15 4 1 0 4 1 8 1 1 0 8 0 3 0 7 2 5 1 0 1 0 1 20 3 1 1 223 6 117 29 21 7 4 2 6 2 3 3 4 0 0 0 2 1 6 5 5 0 1 0 1 1 0 1 8 1 0 0 8 0 6 6 15 3 1 2 1 0 1 0 3 1 0 0 4 1 1 2 43 6 2 2 3 1 6 28 57 3 1 1 71 5 34 39 33 39 6 78 2 4 12 108 10 4 0 1 3 1 5 54 2 3 0 5 2 0 0 6 2 0 1 1 3 7 3 17 6 10 1 4 0 1 0 2 1 0 1 1 0 1 1 3 6 6 0 0 0 1 0 5 0 3 0 5 1 5 2 11 20 142 5 265 2 3 3 63 1 2 0 2 0 4 0 22 2 6 0 9 2 1 0 7 4 5 1 6 1 18 4 43 21 246 2 98 3 10 1 29 2 2 2 4 1 2 5 20 92 63 2 26 9 5 6 50 31 33 4 12 30 30 12 135 2
21473 16 44 29 17 5 26 183 51 4 1 1 13 4 13 72 22 0 1 3 0 0 1 5 22 2 1 0 31 0 18 12 42 1 7 4 0 0 1 1 4 0 0 0 0 0 0 3 35 0 4 1 1 0 6 6 33 1 1 1 17 3 10 10 32 0 2 2 0 0 2 6 6 1 1 0 0 0 0 3 4 2 0 0 0 0 0 2 6 2 0 0 6 2 2 6 39 3 2 6 0 0 1 7 5 1 0 0 1 1 0 3 104 5 1 8 1 0 4 156 114 10 0 7 10 1 7 86 50 19 3 13 4 3 3 108 12 5 1 2 6 9 2 43 6 2 1 1 0 0 0 11 3 3 0 1 2 5 0 11 4 2 0 0 0 0 1 1 2 0 0 0 0 0 0 1 8 0 0 0 0 0 1 13 2 1 0 2 2 2 2 3 31 29 0 9 3 7 0 9 7 2 0 0 1 8 0 14 5 2 0 0 1 1 0 3 16 3 0 0 9 35 3 33 46 20 2 9 3 2 0 7 1 1 0 0 3 4 3 12 103 10 0 11 4 6 4 92 72 12 1 5 11 39 7 100 15944 72 112 78 62 11 84 429 150 3 6 7 73 7 98 276 74 7 11 1 5 0 3 12 94 1 8 3 230 7 176 80 106 6 14 4 6 0 6 12 13 1 0 0 5 0 2 6 94 4 5 2 4 3 6 17 147 8 3 3 153 7 79 24 58 3 6 8 3 1 10 11 14 0 0 0 4 2 5 14 8 0 1 0 1 0 0 5 13 1 0 1 9 3 10 7 81 1 5 10 5 0 2 14 9 0 0 0 9 1 3 10 339 13 6 10 17 2 9 227 319 23 5 21 75 8 37 185 140 55 11 96 9 5 10 299 81 8 0 6 10 15 5 143 8 1 1 5 0 0 1 23 8 3 1 4 1 5 1 26 8 9 1 2 0 0 0 2 3 0 1 0 0 0 0 2 6 6 0 7 0 1 0 17 6 2 0 3 4 4 2 21 64 189 3 103 3 8 3 70 12 0 0 1 4 11 9 41 8 8 0 7 0 4 0 12 14 10 3 5 13 123 12 125 118 183 2 61 8 9 5 34 11 2 0 1 2 7 4 19 307 75 2 31 20 15 10 150 127 26 1 15 38 141 13 231 21536 32 63 38 29 5 28 133 45 3 6 3 22 9 27 59 15 1 3 1 3 1 2 4 12 1 0 1 36 4 20 7 39 3 14 1 1 0 4 1 2 1 2 0 0 0 0 0 15 2 3 0 3 0 15 7 10 1 4 1 17 3 11 10 20 8 2 2 1 0 1 6 5 2 0 0 4 0 2 6 2 0 0 1 2 0 1 0 2 1 0 1 1 0 1 3 24 4 1 11 1 1 2 10 3 0 0 0 3 1 2 4 117 2 2 5 3 3 9 151 49 10 2 12 13 9 4 80 73 40 8 32 5 2 4 76 11 7 3 7 1 14 1 48 1 0 0 2 0 1 0 5 3 0 1 2 4 8 0 9 1 7 0 4 1 1 0 1 0 0 0 0 0 0 0 0 2 1 0 3 1 0 0 6 1 3 0 1 1 1 1 5 27 30 3 21 1 4 2 5 2 3 1 4 2 6 5 17 4 6 2 2 1 4 0 2 10 9 1 3 5 40 2 43 21 18 2 16 4 5 1 7 1 0 0 0 0 3 5 13 35 13 1 14 5 7 7 97 21 16 1 13 8 56 12 120 16037 53 79 70 58 6 76 287 128 13 8 9 91 5 128 230 86 7 6 5 4 0 4 7 97 5 8 9 281 8 159 80 151 8 14 6 4 1 9 7 6 1 0 1 8 1 2 1 110 4 5 2 11 1 16 14 102 10 8 5 237 11 96 38 73 9 5 4 9 0 8 12 13 2 0 0 2 0 4 12 8 0 1 2 2 1 0 3 7 3 0 0 8 4 16 13 95 8 9 19 4 0 0 8 9 0 1 0 6 1 3 4 399 13 4 15 9 3 15 174 246 18 5 11 85 9 47 155 118 70 15 113 13 7 14 267 64 5 2 6 10 8 7 89 5 3 0 6 1 0 0 18 9 2 0 4 6 7 2 39 5 6 0 3 0 0 1 2 0 0 0 1 0 2 1 1 11 4 0 2 0 0 0 15 3 5 0 5 3 4 0 19 64 252 4 174 5 6 5 93 8 4 1 1 2 7 5 30 6 17 0 5 1 2 0 15 7 16 0 8 9 119 12 118 117 219 3 88 5 10 6 29 1 1 0 1 4 8 6 16 201 85 2 37 11 13 4 116 94 42 1 19 38 157 30 236 3
20153 80 74 66 57 10 49 240 76 8 6 27 38 7 44 214 26 2 1 3 1 2 1 12 19 6 2 4 59 7 49 63 45 2 4 4 2 0 2 6 6 3 0 1 5 2 0 7 38 1 0 1 3 1 3 11 35 2 2 1 55 1 28 20 41 1 5 3 10 0 6 19 5 0 0 0 2 0 1 10 6 0 0 0 1 0 1 4 3 0 1 0 1 1 2 8 39 1 3 1 2 1 7 13 5 1 0 1 3 1 1 6 78 2 3 1 2 1 1 102 39 2 2 3 23 4 10 95 96 50 10 58 6 9 12 159 30 7 0 5 4 7 5 77 11 5 0 3 0 0 1 9 3 0 0 1 1 8 1 36 15 5 0 2 0 2 0 3 1 1 0 0 0 1 0 2 14 2 1 0 0 0 1 9 6 2 0 2 1 2 2 8 23 64 2 77 2 8 7 80 3 5 0 1 2 7 4 31 3 1 0 5 0 1 1 8 4 7 1 4 4 30 1 70 75 39 1 27 3 2 1 41 3 1 0 1 1 2 3 13 77 29 1 16 3 3 2 115 22 16 1 12 11 33 7 135 13467 64 167 85 73 11 114 431 183 17 17 30 78 12 152 327 84 8 6 5 6 1 7 23 91 5 13 8 169 6 206 155 182 9 16 3 6 0 2 18 14 2 1 0 19 1 5 8 134 7 7 6 10 1 5 19 133 11 9 10 228 26 108 76 99 5 12 4 15 0 6 34 13 0 0 2 4 0 6 24 11 1 2 0 1 1 3 4 6 1 1 2 9 1 17 14 116 6 11 7 4 1 10 23 20 2 2 0 7 0 7 15 331 13 11 13 12 6 14 241 280 15 5 19 118 23 55 266 209 63 20 123 17 16 18 363 41 15 1 3 9 14 10 241 27 8 0 8 2 0 0 21 7 8 1 4 6 16 6 76 22 15 1 6 5 1 1 7 1 1 0 2 0 0 0 5 31 5 1 5 1 0 3 10 14 7 2 8 6 9 7 47 101 166 15 229 5 1 5 117 12 11 0 5 4 7 7 57 11 7 2 12 1 0 3 16 22 7 2 15 7 103 13 184 178 209 6 75 7 22 10 89 8 4 0 4 9 8 9 38 289 106 5 46 19 10 13 236 134 62 9 33 64 183 28 445 20111 64 49 44 45 5 45 171 88 8 21 9 44 3 56 84 35 6 6 4 3 1 4 0 34 3 8 3 78 4 77 15 46 4 7 2 6 0 3 6 2 0 2 0 8 0 4 2 42 4 2 0 4 0 3 1 21 2 1 3 93 6 23 11 49 2 5 6 11 0 2 5 4 0 0 0 2 0 3 4 2 0 0 0 0 0 1 0 1 0 0 1 2 0 4 8 46 7 3 4 0 0 5 2 5 0 0 0 6 0 3 4 254 13 9 12 11 1 8 115 116 4 3 4 47 4 16 82 80 55 11 60 6 3 7 72 9 1 2 6 1 7 1 54 4 3 1 3 1 0 0 4 4 3 1 3 0 1 2 17 13 12 1 0 0 0 0 1 1 0 0 0 1 0 0 0 5 2 0 2 0 0 0 2 4 2 1 1 2 3 0 7 35 79 5 63 5 2 4 35 4 2 0 2 0 6 3 14 1 4 1 2 1 0 0 7 6 10 0 1 2 22 5 42 68 95 1 21 3 1 3 25 1 2 0 0 3 1 0 9 146 40 4 39 4 7 7 114 52 33 2 12 22 69 9 159 13616 84 136 68 114 12 95 406 256 14 25 24 138 9 182 287 80 12 10 2 6 4 5 15 116 6 10 5 237 12 251 150 123 7 12 3 12 1 6 9 9 2 0 0 17 1 4 7 120 5 9 3 6 0 12 6 141 8 9 5 289 17 115 68 132 6 8 9 11 0 7 12 19 1 1 3 10 1 12 25 6 1 1 3 1 0 0 4 9 1 1 2 8 2 14 6 149 3 5 8 5 0 9 6 20 0 0 0 3 0 8 16 355 17 11 14 24 4 28 222 377 16 8 19 136 15 106 205 168 90 16 140 17 8 9 265 48 9 3 8 12 17 9 154 12 8 0 6 1 0 5 22 6 3 1 5 7 9 7 54 26 9 0 1 1 0 0 5 1 1 1 0 0 1 0 5 17 7 1 5 1 1 0 12 4 7 0 8 7 6 3 32 118 204 8 149 10 9 7 112 6 10 0 2 4 8 3 34 9 11 0 7 1 0 1 12 11 11 0 9 10 86 4 125 238 289 5 100 12 6 7 61 13 3 0 3 5 7 6 30 351 141 4 62 20 13 21 185 150 38 3 17 52 131 30 346 3
14889 162 145 107 163 20 102 121 138 18 20 14 130 8 127 164 168 12 16 4 26 1 15 9 131 11 15 12 280 18 190 106 151 11 22 5 11 1 4 9 21 1 2 2 9 0 8 8 124 10 2 6 7 2 10 8 153 18 5 8 170 14 75 38 157 16 14 12 10 6 11 10 9 1 3 2 3 0 25 19 29 1 3 2 4 0 1 0 10 1 2 1 14 5 15 19 105 12 5 5 11 3 3 15 15 2 1 3 6 2 9 14 359 7 7 11 12 2 10 76 223 23 8 16 103 15 54 95 142 113 11 119 15 13 15 141 23 6 3 4 8 4 7 73 13 8 3 10 3 1 3 22 4 5 0 4 8 14 8 49 21 21 2 8 1 0 3 9 1 1 1 2 2 1 1 5 19 9 0 8 3 1 1 12 5 5 1 16 4 13 7 51 123 379 19 149 6 9 9 94 6 13 1 9 7 7 6 43 7 16 2 10 3 1 0 22 11 11 1 8 12 89 11 90 164 178 5 85 16 22 10 53 8 9 2 9 9 12 9 50 278 120 6 39 14 23 13 105 92 44 9 49 48 86 53 355 22574 6 33 18 9 4 19 33 42 0 1 1 5 3 9 24 20 2 0 0 3 1 0 2 9 0 0 0 81 3 29 24 35 2 3 0 0 0 0 1 2 0 0 0 0 0 0 1 8 0 1 0 1 0 1 6 6 0 1 0 28 0 19 14 21 2 0 1 0 0 1 2 1 1 0 0 0 0 0 1 3 0 0 0 0 0 0 0 3 0 0 0 0 1 0 2 15 0 0 3 1 1 1 5 1 0 0 0 0 0 0 1 191 2 1 3 1 0 2 14 43 0 0 0 8 1 3 17 48 20 5 16 2 2 0 30 7 2 0 1 0 2 0 18 1 0 0 0 1 1 0 1 1 0 0 0 1 1 1 3 3 2 0 0 0 0 0 2 1 0 0 0 0 0 1 0 0 0 0 0 0 0 0 1 1 0 0 0 1 4 0 2 18 45 0 44 0 3 0 35 3 6 0 1 1 0 0 11 0 1 0 2 0 0 0 3 0 0 0 1 2 13 1 30 9 29 0 23 0 1 1 16 0 0 0 2 3 1 0 4 36 8 1 3 1 3 0 23 11 9 0 7 1 18 5 75 14881 156 147 130 196 16 151 487 155 9 15 18 126 13 169 290 180 12 10 7 33 2 13 13 134 8 7 7 277 10 188 92 116 8 13 2 9 0 0 2 19 2 1 1 16 2 6 4 99 10 8 6 8 1 5 9 143 8 7 4 155 22 80 55 158 22 12 5 13 4 7 14 5 2 0 1 7 2 22 20 21 2 3 1 3 0 0 3 12 1 2 1 8 1 11 17 102 16 4 5 8 2 5 12 8 1 0 2 10 3 5 14 179 5 2 9 9 1 13 96 215 12 14 16 89 22 37 107 150 111 19 162 7 9 18 268 17 5 0 9 9 5 6 96 9 8 0 17 1 0 1 15 1 4 1 4 6 15 10 49 10 5 0 4 1 1 0 8 1 0 1 3 0 2 3 9 7 5 3 4 1 0 1 8 7 3 6 16 8 13 12 55 95 298 12 184 4 13 9 86 5 8 0 7 4 9 4 48 8 5 1 12 2 2 2 14 5 6 1 11 3 71 11 111 133 200 7 90 9 15 5 32 5 2 5 9 1 7 11 49 179 118 6 33 9 20 14 103 72 36 7 39 38 73 41 305 22535 21 33 17 14 1 15 150 54 1 1 1 11 1 10 56 9 0 3 0 2 0 0 0 11 1 0 0 94 0 28 4 15 0 5 1 2 0 0 1 1 0 0 0 0 0 0 0 20 0 2 0 0 0 2 1 13 0 0 0 25 1 23 0 10 4 1 1 0 0 1 1 2 0 0 0 0 0 0 0 8 0 0 0 0 0 0 1 3 0 0 0 2 0 1 1 20 2 2 2 1 0 1 1 1 1 0 0 0 0 0 2 82 3 4 3 4 0 4 23 41 1 1 2 20 1 11 18 43 12 2 17 2 0 0 32 6 3 0 0 0 2 1 25 2 1 0 0 0 0 0 0 2 0 0 0 0 1 0 4 2 1 0 0 0 0 0 0 0 0 0 0 0 0 1 1 7 0 0 0 0 0 0 1 1 0 0 0 1 2 0 1 15 31 0 21 0 0 0 16 0 2 0 0 1 2 0 3 2 2 0 1 0 0 0 1 2 2 0 0 0 13 1 10 8 26 1 21 0 0 0 3 0 2 0 0 1 2 2 1 36 29 0 15 2 3 0 27 29 16 1 3 16 31 6 78 3
21005 23 34 42 26 4 35 110 47 2 4 3 33 1 48 123 36 4 4 0 1 0 2 6 39 0 2 3 33 1 58 46 34 2 2 1 1 0 1 10 1 1 0 0 0 0 2 6 36 2 2 1 0 0 1 9 71 4 0 2 23 7 22 25 32 2 0 1 1 0 2 9 7 0 0 0 0 0 1 6 3 0 0 0 2 0 0 0 1 0 1 0 1 0 6 10 39 3 0 1 4 0 1 9 9 0 1 0 0 0 1 5 170 2 2 0 3 0 3 164 120 4 1 5 18 0 11 50 41 27 1 55 3 4 6 135 3 1 1 1 2 3 4 72 3 2 0 1 0 0 0 9 3 1 0 0 2 3 1 23 5 2 0 2 0 0 0 6 1 0 0 0 0 0 0 1 4 1 0 0 1 0 0 8 3 0 0 1 1 3 0 4 41 70 0 65 0 2 2 38 4 2 0 1 1 1 3 29 2 3 0 1 0 2 2 8 4 4 0 3 2 19 1 43 51 41 1 21 3 3 1 17 2 1 0 1 3 4 0 10 104 17 0 10 3 3 4 58 74 6 2 7 10 16 8 93 13481 108 142 126 81 17 133 248 186 11 23 19 121 17 156 330 88 10 15 4 14 2 10 20 122 10 14 12 225 10 208 158 132 17 25 8 9 1 14 19 12 2 2 1 13 1 12 11 119 6 11 8 10 2 10 24 159 10 6 8 235 18 94 85 84 11 11 11 14 1 9 18 16 2 0 0 3 0 8 20 12 0 0 3 1 0 0 6 17 2 4 4 15 2 16 15 112 8 7 12 6 0 11 16 18 2 1 2 9 1 1 15 325 16 12 9 16 3 17 177 276 17 7 11 130 25 59 185 199 93 16 199 17 17 20 414 36 15 3 8 16 8 9 153 8 9 1 12 1 1 3 16 16 7 3 9 14 8 8 69 25 20 1 7 1 2 2 10 3 1 1 0 0 2 0 2 20 8 1 7 0 4 2 16 16 5 0 5 3 9 3 53 106 248 16 316 10 15 11 155 18 11 2 6 8 8 7 70 15 12 2 11 2 1 0 29 8 10 0 8 8 68 7 147 117 215 3 83 9 13 8 75 12 9 0 6 5 11 4 41 294 101 4 55 21 15 9 177 145 56 3 28 67 112 42 401 21072 40 48 50 23 3 21 130 41 7 12 1 23 3 54 113 21 0 2 4 1 0 0 2 26 0 3 1 36 2 62 13 26 2 7 2 5 0 1 2 3 0 1 0 0 0 2 1 27 1 3 0 1 0 1 2 22 2 1 1 39 1 18 14 23 0 4 2 4 0 3 4 2 2 1 1 1 0 1 4 2 0 0 0 1 0 0 2 2 0 2 0 0 0 4 4 17 3 0 0 1 0 0 3 6 1 1 0 0 1 4 4 118 4 4 11 8 0 7 130 72 10 3 5 36 8 12 89 51 49 3 72 5 7 6 148 5 4 0 5 1 3 5 76 5 0 0 3 0 0 1 5 1 1 1 0 3 3 3 8 2 6 0 2 1 0 0 3 1 0 0 0 1 0 0 0 4 2 0 2 1 0 0 1 3 3 1 1 0 4 0 7 32 66 3 42 2 4 3 21 2 3 0 1 2 3 1 15 4 5 0 1 0 0 0 3 4 3 0 0 1 13 4 31 53 52 0 20 3 4 3 12 2 2 0 1 3 4 3 7 117 48 4 14 11 5 6 79 57 13 5 11 18 39 10 109 13415 110 123 138 87 15 115 397 195 13 15 20 131 10 204 406 101 5 9 8 12 1 9 10 129 7 19 6 253 6 256 148 174 13 19 7 8 3 9 14 10 2 0 0 9 3 9 3 119 5 8 8 10 4 9 18 136 10 5 5 235 13 96 59 86 3 10 11 8 1 5 18 11 1 1 0 7 3 12 24 18 0 3 1 2 0 0 7 4 1 2 0 8 2 13 18 93 8 7 7 4 2 7 14 10 2 0 2 8 0 6 13 258 19 10 18 13 2 18 167 276 16 10 12 127 10 88 183 157 137 21 170 12 12 13 335 44 22 2 8 13 15 11 175 10 11 0 8 0 1 0 18 11 10 1 3 9 8 3 45 13 17 3 8 2 1 0 12 1 1 0 4 1 1 0 4 7 4 1 8 3 0 1 12 7 8 0 3 4 11 9 36 110 261 17 309 9 12 8 138 19 5 0 7 4 9 6 68 6 9 0 11 2 2 3 21 13 10 0 9 10 72 9 148 146 265 5 103 7 20 3 85 12 7 2 5 10 12 6 35 269 149 10 80 18 16 7 178 124 59 5 38 57 147 31 358 3
19619 17 88 32 28 1 37 197 71 8 8 1 30 8 50 104 23 1 4 4 2 1 6 11 47 1 3 4 153 6 110 59 119 5 27 4 2 0 4 7 5 0 0 1 3 0 3 1 43 4 6 6 4 2 3 8 60 3 2 3 118 4 76 46 28 1 3 1 3 0 3 13 9 1 0 0 3 0 1 5 2 1 0 0 0 0 0 3 3 0 1 0 6 1 2 7 36 1 7 5 1 0 1 14 8 0 0 1 4 0 1 5 95 2 4 10 1 1 8 91 98 4 0 4 39 5 21 115 65 20 4 47 8 7 3 115 27 7 1 2 2 2 5 64 4 2 0 3 0 0 0 12 8 2 0 0 9 6 4 31 6 7 0 5 0 0 0 0 0 0 0 0 0 0 0 3 8 2 0 2 0 0 0 7 6 2 0 0 3 9 2 9 36 116 5 131 0 7 7 58 10 3 0 4 1 4 3 23 2 5 0 5 0 3 1 4 8 8 0 11 3 64 5 90 63 109 3 61 3 3 1 34 6 2 0 0 0 8 0 14 81 33 3 18 7 1 0 101 89 28 0 9 16 96 11 199 15301 35 164 71 45 3 79 210 140 17 19 17 85 9 113 204 63 3 14 9 11 6 6 17 78 6 6 12 206 12 209 122 156 9 55 16 13 2 10 15 21 0 2 2 14 2 12 5 78 5 10 4 9 0 16 16 136 14 12 5 187 14 139 61 51 6 7 5 2 1 12 11 10 2 1 5 5 0 10 20 10 1 1 0 0 1 2 7 12 1 4 2 16 8 15 19 90 7 16 8 5 3 6 16 10 1 0 3 8 0 3 15 208 9 11 13 12 7 14 128 185 8 10 9 90 17 52 175 136 64 9 86 9 4 14 181 50 10 2 7 15 10 9 131 10 4 1 5 2 0 1 16 14 3 0 5 5 23 3 58 16 17 6 9 0 0 4 3 1 2 0 1 0 0 0 9 15 9 0 2 1 2 1 8 12 7 1 3 7 7 9 36 62 193 16 194 3 20 6 87 13 11 1 9 5 15 8 75 9 12 2 11 2 8 0 19 21 26 0 11 24 106 11 154 142 263 9 116 11 20 5 59 6 7 1 6 4 10 4 41 187 87 7 66 14 12 11 138 139 60 8 35 79 152 39 464 19890 27 75 55 33 6 52 171 83 7 6 8 49 5 70 129 21 0 1 4 2 2 2 6 30 2 6 1 92 2 57 28 96 3 9 3 2 0 2 3 3 1 1 0 4 1 1 4 39 3 4 1 4 0 2 4 47 2 1 2 76 0 50 31 16 4 2 1 1 1 2 10 6 1 1 0 3 1 4 5 3 2 0 0 1 0 1 3 2 1 0 0 5 1 3 7 34 4 4 5 0 0 2 8 5 1 0 0 3 0 1 2 185 11 6 12 11 3 9 73 120 3 5 4 64 3 24 124 70 43 5 65 6 7 4 135 30 6 0 4 5 10 3 85 7 3 0 4 0 1 0 8 5 0 0 1 2 3 1 23 4 1 0 4 0 0 0 2 0 0 0 0 0 1 0 4 5 3 0 0 3 0 1 9 1 1 0 1 1 1 2 13 22 73 4 50 2 4 0 30 6 6 0 0 2 6 3 27 8 8 0 3 1 0 1 7 9 3 1 3 8 29 2 43 40 92 0 36 1 4 2 14 3 1 1 0 0 4 2 13 140 51 6 30 6 9 7 119 94 26 6 20 29 91 16 178 15268 55 132 98 50 9 78 392 160 11 12 14 75 12 113 302 40 5 5 3 10 0 4 14 62 2 9 5 109 12 93 78 142 6 25 8 4 2 10 12 21 0 5 0 8 0 9 7 69 8 6 3 15 0 8 26 140 1 5 5 158 13 96 57 48 6 10 12 5 1 4 20 15 0 1 1 5 0 7 13 3 0 0 1 1 0 2 7 6 0 1 0 12 6 5 18 75 14 11 14 9 0 2 18 12 1 0 1 3 0 7 16 287 9 8 26 18 7 23 187 221 17 5 6 99 18 49 207 166 61 16 122 11 19 22 354 55 14 5 17 12 27 11 202 17 8 1 7 1 0 0 16 19 7 2 1 12 19 5 61 24 8 3 5 0 1 2 7 1 0 0 2 2 2 1 7 13 4 1 1 1 1 1 7 17 3 2 3 9 13 4 32 67 108 10 142 6 16 4 75 9 7 0 11 6 13 8 64 9 18 0 11 0 4 1 11 23 24 1 10 12 62 7 105 114 151 8 85 2 9 4 63 12 10 0 2 3 10 3 41 225 113 6 54 13 12 13 189 189 72 7 35 71 135 37 449 3
21374 34 51 43 22 6 23 145 50 0 4 2 24 3 26 94 17 2 0 0 3 0 1 5 32 0 2 1 85 3 72 39 35 0 3 2 0 0 2 8 1 0 0 0 0 0 0 2 23 1 2 1 1 0 3 5 41 1 0 1 42 3 18 15 17 2 2 5 0 0 1 11 2 0 0 0 1 0 0 3 6 0 0 0 0 0 0 1 2 0 0 0 2 1 0 6 39 0 4 1 0 0 1 7 2 0 0 0 1 0 0 3 129 4 1 3 6 2 5 147 70 1 2 1 24 0 11 88 50 17 0 25 0 3 1 99 21 0 0 4 2 12 2 33 1 0 0 0 0 0 0 4 2 0 0 2 0 1 2 16 5 1 0 0 0 0 0 3 0 0 0 0 0 0 0 0 3 0 0 1 0 0 0 4 1 0 0 0 1 1 2 6 23 61 2 70 0 3 0 43 4 3 0 1 0 6 0 14 6 2 1 1 0 1 0 6 7 2 1 3 2 26 0 51 36 41 1 14 1 0 1 15 1 1 0 1 0 1 0 2 73 21 1 10 0 0 1 71 49 9 0 5 10 31 1 81 16165 76 88 60 73 15 91 415 160 6 10 6 65 15 86 203 94 6 6 3 10 3 7 22 76 3 6 1 156 7 146 79 103 5 3 6 1 0 3 7 8 1 0 1 4 0 3 3 134 3 3 3 6 0 7 23 133 2 5 6 133 11 42 40 87 5 5 7 2 1 8 14 9 2 1 0 6 0 9 7 26 1 0 1 3 0 2 3 11 0 0 0 3 3 4 9 135 6 3 8 6 6 1 24 3 1 0 0 4 0 1 9 592 19 9 11 21 8 19 209 337 3 4 10 91 6 37 139 132 64 9 93 9 6 4 225 60 7 3 6 5 8 4 100 8 7 0 3 0 0 0 9 9 3 1 1 5 5 4 37 7 5 1 3 1 2 0 3 2 2 0 1 0 0 0 6 7 5 0 1 1 0 4 5 8 1 2 3 1 6 1 13 78 233 4 159 6 12 3 79 8 8 0 4 0 5 3 29 9 6 0 4 0 1 1 12 5 5 0 7 8 97 8 93 124 130 7 53 8 10 2 35 7 2 1 1 1 3 1 13 310 90 7 31 7 5 5 114 147 45 3 17 28 79 14 215 21382 39 44 49 37 10 40 241 59 2 2 5 39 3 34 87 10 0 0 2 1 0 3 8 12 1 2 0 71 3 59 39 30 2 1 1 0 0 0 7 3 0 0 0 0 0 1 1 9 0 1 1 0 0 0 11 13 0 0 0 32 0 20 14 7 3 1 2 0 0 2 12 0 0 0 0 0 0 0 3 1 0 0 0 0 0 1 1 1 0 0 0 0 1 0 6 11 0 1 1 2 0 1 7 2 0 0 0 0 0 1 1 158 6 4 10 6 1 9 101 72 2 1 1 40 3 14 82 69 36 1 42 1 4 0 100 10 1 0 1 4 8 5 70 1 2 0 1 1 0 0 3 1 0 0 0 1 3 0 12 1 1 0 1 0 1 0 2 0 0 0 0 0 0 0 1 3 1 0 0 0 0 0 0 3 0 0 0 0 1 0 4 9 40 2 52 1 5 1 25 2 0 1 1 3 5 2 21 0 2 0 0 0 0 0 2 3 4 0 2 2 15 0 17 14 34 5 14 1 1 2 27 1 0 0 0 0 0 1 3 93 41 4 9 2 7 3 75 27 18 1 6 7 37 4 70 16081 54 83 90 69 16 97 418 178 6 8 15 64 9 119 276 57 5 2 4 12 0 7 8 77 5 2 5 218 11 223 93 78 4 5 1 3 1 1 3 13 0 0 0 6 0 5 4 81 5 2 5 1 1 5 15 98 5 0 1 183 8 68 31 65 7 4 5 3 1 2 12 6 0 1 0 2 0 8 9 5 0 1 0 0 0 0 5 9 1 1 1 8 1 9 9 77 6 4 3 7 0 3 20 8 0 0 2 6 0 7 8 323 13 9 14 14 7 16 226 264 8 4 6 82 8 41 206 172 88 12 116 6 6 12 279 86 7 1 3 9 9 10 115 6 2 0 3 1 0 3 13 5 1 1 6 5 6 3 56 8 1 0 1 0 0 0 5 2 0 0 1 2 0 0 3 5 6 2 3 0 0 0 7 3 2 0 1 1 3 4 27 78 240 3 176 4 9 5 84 8 2 2 2 2 11 2 36 4 0 0 9 0 0 0 14 6 7 0 5 10 80 5 75 95 165 2 63 1 7 2 35 2 2 0 2 0 5 1 9 289 106 5 47 8 16 8 194 99 34 5 25 26 98 23 235 3
21835 8 26 15 7 2 9 154 48 1 1 0 10 1 18 78 9 1 0 1 0 0 2 3 13 0 0 1 55 0 24 31 20 1 3 1 0 0 0 8 2 0 0 0 0 0 0 0 13 1 0 0 1 0 1 5 50 0 1 1 41 0 19 19 11 1 1 1 2 0 1 3 4 0 0 0 0 0 0 2 0 0 0 0 0 0 0 0 0 0 0 0 1 0 0 3 15 0 1 3 3 0 0 4 2 0 0 0 0 0 0 1 213 7 2 1 2 0 2 97 134 0 1 0 21 0 5 59 43 7 3 28 2 2 1 86 28 7 0 2 1 3 3 60 2 3 0 0 0 0 0 2 2 0 0 0 1 0 1 6 3 0 0 0 0 0 0 2 1 0 0 0 0 0 0 1 1 0 0 1 0 0 0 2 0 0 0 0 0 1 0 2 16 45 1 38 1 1 0 25 2 1 0 0 1 1 0 16 2 3 1 0 0 0 0 1 8 1 0 2 1 26 0 22 38 45 1 14 0 0 1 22 0 0 0 0 1 1 0 3 89 18 1 9 1 1 1 56 61 9 0 3 9 28 0 52 18296 23 91 40 27 5 52 239 98 3 5 5 40 4 48 194 33 5 3 1 4 0 2 11 53 4 1 7 85 8 111 109 83 8 15 9 6 0 6 14 7 0 0 0 5 0 4 4 66 2 4 5 7 0 2 14 72 8 3 2 91 11 42 44 35 0 7 3 1 0 1 6 12 2 1 0 4 1 3 11 5 0 0 0 0 0 1 2 4 0 0 1 2 0 8 13 62 2 2 2 1 0 4 12 13 0 0 0 8 0 3 5 279 10 10 13 6 3 7 80 219 8 6 8 78 10 26 138 105 48 7 88 6 2 9 214 27 9 2 3 5 8 3 98 5 3 1 3 1 1 0 13 5 3 0 5 5 2 1 31 6 6 1 7 0 0 0 5 0 0 0 0 0 0 0 4 10 4 0 3 1 0 0 11 4 3 0 0 4 7 3 23 46 104 7 114 3 5 6 112 10 2 1 0 3 5 3 50 9 0 1 5 0 0 0 11 5 6 1 5 7 37 1 106 82 90 2 58 5 4 4 46 7 1 1 3 6 2 0 18 219 76 4 30 12 10 9 128 107 51 1 15 23 93 22 241 21911 5 31 16 11 2 20 102 30 2 4 0 31 7 54 75 5 0 2 1 2 0 1 3 21 0 2 0 55 1 38 22 20 1 3 0 0 0 0 3 1 0 0 0 0 0 3 0 12 0 1 0 0 0 0 2 22 4 1 0 42 1 18 11 9 0 1 2 0 0 0 0 1 0 0 0 0 1 0 0 0 0 1 1 0 0 0 1 1 0 0 0 0 0 0 3 17 0 1 2 1 0 0 0 1 0 0 0 0 0 0 0 143 3 3 3 8 0 10 118 69 1 2 3 25 3 19 73 37 13 5 45 1 1 6 85 27 5 0 3 2 4 2 45 2 1 0 2 0 0 0 3 1 3 0 0 0 4 2 11 0 0 0 0 0 1 0 0 1 0 1 0 0 0 0 0 0 0 0 0 0 1 0 1 2 1 0 0 0 0 0 4 11 60 1 31 0 2 0 24 0 1 0 0 0 3 0 7 4 2 0 1 0 0 0 0 4 5 0 1 1 21 2 17 10 31 2 15 1 3 0 4 1 1 0 0 1 1 0 1 98 31 0 14 0 2 1 81 52 7 1 0 12 32 3 79 18176 31 94 71 31 4 73 273 119 11 7 11 54 5 103 189 25 3 7 5 2 0 3 8 35 3 4 3 111 5 131 85 96 9 12 5 6 0 5 6 8 0 1 0 8 1 2 7 28 4 5 4 3 1 1 7 49 10 4 2 65 4 36 35 32 1 5 4 3 1 6 7 16 0 0 0 4 0 7 6 4 0 0 0 0 0 1 2 5 0 1 1 2 2 8 6 40 3 2 4 4 0 4 9 16 1 0 0 5 0 2 6 224 13 6 10 9 0 5 85 284 22 4 14 93 9 59 128 91 46 11 96 8 5 15 238 24 3 0 7 4 7 3 108 6 4 0 7 1 0 2 13 2 6 0 2 1 6 1 63 4 5 0 4 1 0 0 7 0 0 0 0 0 1 0 1 13 9 1 2 1 1 1 15 4 4 0 1 2 2 2 22 28 96 5 128 3 8 13 91 5 6 0 4 3 7 5 47 0 3 1 7 1 0 0 10 5 1 0 5 6 44 4 85 60 140 2 60 8 6 7 34 1 2 1 2 7 5 0 21 177 97 5 43 6 8 10 104 90 47 2 15 46 73 15 240 3
22146 7 14 11 9 1 16 100 55 1 4 2 12 2 24 51 6 1 3 2 0 0 0 6 24 0 0 2 23 1 37 43 18 0 1 0 1 0 2 7 4 0 1 0 2 1 1 0 12 3 0 1 1 0 0 7 24 2 1 2 21 3 12 17 8 0 0 1 1 0 0 4 3 0 1 0 2 1 0 5 1 0 0 1 0 0 0 0 2 0 0 0 1 1 1 5 11 0 0 2 2 0 1 11 3 0 0 0 2 1 1 3 104 3 2 2 1 0 5 64 76 4 0 5 13 2 14 57 56 14 2 21 3 4 2 117 9 0 0 0 2 0 1 22 2 1 0 5 0 0 0 7 3 1 1 1 1 3 2 19 5 2 0 0 0 0 0 0 0 0 0 0 0 0 0 0 1 0 0 0 0 1 0 4 3 2 0 1 0 2 0 5 20 28 5 43 1 1 1 38 1 2 0 2 1 0 2 8 1 2 0 6 0 0 0 5 2 1 2 3 2 6 0 29 36 13 0 13 2 1 0 23 4 0 0 0 0 2 2 4 86 13 2 7 0 3 1 86 24 10 0 5 10 15 2 54 17871 35 60 44 36 2 60 262 123 13 11 17 47 3 65 246 43 6 6 2 1 0 3 11 48 8 11 6 114 5 110 91 72 6 16 4 12 0 4 5 10 2 0 1 11 1 4 7 58 4 5 5 5 2 5 14 76 10 4 5 182 12 55 61 43 3 6 2 8 0 6 10 14 0 0 0 13 0 5 12 3 2 1 0 1 0 1 4 8 0 0 0 6 1 5 9 57 2 4 5 6 2 8 20 11 0 0 0 11 2 4 9 143 9 7 5 7 0 7 90 166 15 5 9 85 8 37 117 106 57 8 80 9 2 3 199 30 8 1 3 4 6 11 87 11 10 0 8 0 2 1 17 8 6 1 8 5 11 4 39 11 8 0 3 0 0 0 4 1 1 0 0 0 0 1 1 22 8 0 4 4 0 0 13 3 7 0 5 0 6 2 25 60 131 16 154 3 6 9 116 5 6 0 4 5 5 3 40 6 6 0 14 0 1 1 11 5 9 0 4 9 33 3 95 118 187 6 60 7 12 3 50 4 8 2 0 5 3 3 26 204 89 3 50 12 10 6 117 71 47 1 21 39 74 19 206 22106 8 15 17 10 0 17 63 51 5 4 3 23 3 36 55 8 2 0 0 1 0 1 2 19 1 0 2 23 4 27 24 13 0 4 1 1 0 4 3 1 0 0 0 3 0 1 0 9 0 1 1 1 0 3 2 25 1 1 1 28 1 20 9 5 1 0 1 2 0 0 1 1 0 0 0 2 0 0 1 1 0 0 1 0 0 0 1 1 0 0 0 1 0 2 1 7 1 0 1 2 0 0 3 3 0 0 0 0 0 1 2 156 9 4 8 9 5 6 62 83 6 1 3 49 0 35 53 51 14 5 42 7 5 3 84 3 3 0 4 0 4 2 24 2 1 0 4 0 0 0 1 2 0 0 2 1 0 2 11 2 2 0 0 0 0 0 1 0 0 0 0 0 0 0 2 3 3 0 1 0 0 0 4 1 1 0 0 1 1 1 3 3 19 1 31 1 4 1 31 3 2 0 0 1 7 0 11 1 0 0 3 0 1 0 1 0 0 0 1 1 7 2 12 23 20 0 18 2 2 1 14 0 1 0 1 0 3 0 5 94 32 0 28 2 4 2 67 36 13 1 7 10 23 7 71 17816 31 73 69 40 3 68 112 97 13 6 11 68 7 102 177 33 2 5 4 1 0 5 7 44 6 8 7 104 7 80 97 55 7 4 2 8 0 6 5 17 0 1 0 16 0 3 0 51 3 5 4 5 1 5 9 103 9 5 5 176 10 59 41 41 3 6 7 10 0 11 13 11 0 0 0 9 0 3 10 1 1 0 2 0 0 0 2 6 1 1 0 9 0 11 6 43 10 5 5 5 0 3 14 21 0 0 1 11 0 3 10 210 10 10 13 8 1 13 43 295 36 3 12 96 10 52 106 97 72 8 135 10 2 12 265 24 7 0 8 2 6 5 72 9 4 0 6 2 0 2 23 8 4 0 1 4 9 4 50 12 10 1 7 0 0 0 5 0 0 0 0 1 0 1 7 15 4 0 8 0 0 1 16 4 5 0 11 2 8 3 28 52 110 18 154 6 5 10 92 8 2 0 3 3 7 3 49 4 11 3 9 0 3 1 15 6 8 1 7 13 26 5 66 82 97 2 42 8 14 7 52 6 6 0 0 5 6 1 33 245 91 12 68 14 14 14 134 99 49 2 28 43 62 20 242 3
21338 15 67 26 13 0 32 89 34 0 0 1 16 0 23 47 12 1 2 4 1 0 1 5 33 1 1 1 97 4 59 31 63 2 7 3 0 0 3 4 4 0 0 0 5 1 0 1 21 4 4 0 0 0 0 10 45 0 1 1 78 4 28 8 9 0 3 0 0 0 0 2 1 0 0 0 0 0 0 1 2 0 1 0 0 0 1 2 3 0 0 0 2 0 4 6 25 1 2 0 0 0 0 10 4 0 0 0 1 0 0 4 96 0 3 7 2 0 0 80 75 10 3 4 23 4 11 65 36 13 3 42 5 3 2 61 7 2 0 3 1 2 1 55 0 0 0 0 0 0 0 6 3 1 0 0 4 2 0 28 3 4 0 0 0 0 0 4 0 0 0 0 0 0 0 2 0 1 0 0 0 0 0 8 3 0 0 0 1 7 0 9 36 83 0 62 0 4 1 35 3 1 0 1 1 5 1 22 1 4 0 7 0 1 0 7 14 2 0 4 3 51 11 74 38 58 0 19 2 9 0 16 2 1 0 0 0 8 1 10 67 17 2 7 6 2 1 78 54 18 0 9 24 61 9 136 16062 36 151 83 45 3 68 255 122 6 7 4 49 5 86 178 33 1 5 5 3 1 3 3 50 0 7 5 298 7 212 81 136 3 18 4 2 0 2 5 13 0 0 0 9 0 3 3 76 6 7 2 2 1 6 10 105 3 4 2 373 6 64 26 34 2 6 4 3 0 4 6 13 0 0 0 2 1 2 5 5 0 1 1 0 0 1 4 3 1 0 0 5 2 12 9 72 1 2 4 3 0 4 9 12 0 0 0 0 2 4 5 267 7 11 7 13 1 7 192 289 12 1 14 60 12 30 181 125 39 7 85 10 5 14 240 49 7 2 2 5 8 6 111 5 1 0 10 0 0 2 12 9 2 0 2 6 7 3 39 7 5 0 4 0 1 0 2 1 0 0 0 0 0 0 3 2 2 1 0 1 0 0 16 7 2 1 4 3 9 2 12 54 272 9 435 2 12 3 95 7 2 0 3 1 11 3 43 2 9 2 14 1 3 1 8 4 14 0 14 4 217 13 198 105 201 2 73 3 10 5 23 5 2 0 1 1 13 3 19 201 58 2 38 8 2 11 150 99 54 3 24 35 190 11 310 21336 24 44 28 15 1 25 165 33 2 1 1 21 4 49 73 19 0 3 0 3 0 3 0 12 1 3 0 98 6 114 10 40 2 10 2 2 0 4 5 2 0 2 0 7 0 0 1 24 0 3 0 0 0 3 1 7 1 1 0 53 3 20 9 13 1 4 1 0 0 1 3 4 0 0 1 1 0 0 2 0 0 0 0 0 0 0 2 0 1 0 0 1 1 5 2 20 1 1 2 2 0 0 4 2 0 0 1 1 0 0 2 75 2 7 2 5 1 6 91 41 5 0 1 24 2 11 61 37 32 1 66 7 2 1 92 13 1 2 3 0 8 3 33 4 0 0 0 0 0 0 1 5 2 0 0 2 5 2 13 1 3 0 1 0 0 0 1 1 0 0 1 0 0 0 5 4 1 0 2 0 1 0 3 0 0 0 1 0 10 0 8 16 102 3 101 1 4 3 12 6 0 2 1 0 5 1 14 1 1 0 7 0 1 0 3 1 2 0 3 0 68 7 92 20 37 0 23 1 5 0 17 0 1 0 0 0 5 0 4 84 34 0 10 4 3 3 83 37 5 4 5 12 58 11 119 15860 64 145 102 50 9 98 342 159 10 10 10 71 7 129 252 41 1 3 4 4 0 5 14 52 5 10 0 191 10 183 82 85 5 15 5 5 0 11 9 11 1 1 0 8 0 7 3 68 5 4 5 3 2 6 12 105 7 2 3 245 9 67 40 40 7 2 3 4 1 5 13 6 2 1 2 5 0 4 14 5 0 0 0 1 0 1 0 4 0 0 2 5 0 8 9 61 8 9 8 9 0 6 9 10 0 0 3 7 1 3 11 277 16 13 11 17 5 23 130 254 16 6 17 96 14 44 173 166 88 14 138 13 7 15 320 48 5 2 5 7 8 6 122 6 4 0 8 0 1 1 15 8 3 0 6 4 7 4 45 10 10 0 10 3 0 0 4 0 0 0 0 1 0 0 6 12 5 0 4 1 1 1 21 3 5 0 6 3 10 3 30 44 164 10 247 5 7 4 95 9 3 0 3 3 11 3 49 2 7 1 10 0 1 1 13 10 3 0 8 6 129 9 182 90 173 7 84 4 10 5 44 7 2 0 0 3 12 6 21 219 82 4 42 11 15 10 174 126 55 2 18 44 170 19 333 3
22271 4 12 11 6 2 8 166 16 2 5 3 9 0 7 106 20 1 0 1 1 1 2 4 10 0 2 1 27 0 8 24 22 2 1 1 1 0 0 5 2 0 0 0 1 0 0 2 13 1 1 0 1 1 1 6 31 2 3 1 10 2 12 17 11 0 0 1 1 0 1 8 1 0 0 0 1 0 0 5 1 0 0 0 0 0 0 1 3 0 1 1 0 0 1 3 19 1 0 0 1 0 0 9 5 0 0 0 3 0 1 3 101 3 3 2 2 1 1 52 104 0 4 0 18 5 4 61 12 10 2 8 2 2 1 97 3 1 0 1 2 1 0 47 1 1 0 0 0 0 0 2 5 2 0 0 0 2 1 12 4 2 0 0 0 0 1 0 0 0 0 1 0 0 1 1 1 1 0 0 0 0 2 5 3 0 0 0 1 1 0 3 11 24 0 10 1 2 0 18 4 0 0 1 2 3 2 10 0 1 0 1 0 1 0 2 6 3 0 0 2 6 1 9 44 32 1 8 3 3 0 20 7 1 0 0 0 0 1 6 99 22 0 8 3 3 3 44 60 5 1 2 11 17 4 47 17044 26 64 65 36 3 53 316 144 6 7 5 67 3 100 252 46 3 2 3 4 0 9 11 79 4 7 4 141 6 190 92 83 2 6 4 2 0 5 9 10 1 0 0 9 2 3 2 90 6 7 7 7 0 3 11 140 4 2 3 142 10 51 63 61 3 8 5 3 0 5 15 6 0 0 0 3 1 6 8 9 1 1 2 0 0 1 3 3 0 1 0 6 1 13 9 95 5 4 4 7 0 2 16 12 0 0 1 5 0 4 7 355 13 3 10 13 2 10 128 393 13 2 5 106 11 60 135 106 58 3 76 5 6 8 197 34 12 2 1 5 4 6 84 7 5 0 0 0 0 0 6 9 3 0 2 3 2 2 43 9 4 0 5 0 0 0 2 2 1 0 1 1 1 0 0 5 6 0 2 0 0 0 4 3 7 1 3 0 8 1 19 65 133 4 159 4 6 3 67 11 5 0 5 5 12 3 26 7 8 0 13 0 1 0 15 5 4 0 6 8 32 2 77 192 213 2 55 8 8 1 46 4 1 1 2 2 10 2 11 314 81 2 34 5 9 8 113 119 47 3 20 39 68 12 166 22310 5 24 9 5 1 13 81 65 0 3 2 18 1 19 102 6 1 1 1 0 0 0 2 3 1 2 0 12 0 8 7 10 2 3 1 0 0 1 2 0 0 0 0 0 0 0 0 16 0 1 1 0 0 0 5 16 0 0 1 17 0 6 12 6 0 0 1 1 0 0 1 3 0 0 0 0 0 1 2 0 0 0 0 0 0 0 0 2 0 0 0 5 1 2 0 6 1 2 0 1 0 0 1 4 0 0 0 1 0 0 0 158 2 2 4 4 1 7 70 131 5 2 5 37 3 12 76 26 24 1 24 4 3 1 63 12 4 0 0 3 7 1 55 0 0 0 3 0 0 0 0 0 0 0 1 2 1 0 3 3 1 0 0 0 0 0 0 0 0 0 0 0 0 0 0 1 2 0 1 0 0 0 0 0 0 0 0 0 1 0 4 5 20 0 15 0 0 0 12 2 0 0 0 0 2 0 6 2 2 0 0 0 0 0 3 1 2 1 0 1 8 1 8 16 31 0 8 1 0 0 13 1 1 0 0 0 2 1 1 81 34 2 14 5 2 2 54 54 6 0 4 14 22 6 56 17020 52 75 87 47 13 91 324 109 6 8 7 87 8 151 328 30 4 1 9 3 0 10 11 57 9 6 10 103 7 154 108 75 12 10 0 2 1 5 7 11 0 0 0 3 1 2 3 54 5 5 3 7 2 8 12 107 5 8 6 122 7 62 58 35 8 10 6 5 0 1 10 6 2 0 0 4 0 10 7 6 1 0 0 0 0 0 2 6 1 1 1 11 0 7 14 63 7 6 3 2 4 5 14 6 0 3 0 7 0 2 6 274 10 7 15 10 3 20 74 270 12 11 5 91 13 48 115 108 67 12 151 7 5 11 363 21 11 2 5 8 6 7 151 3 3 0 7 0 0 3 9 10 2 0 4 5 8 3 53 13 15 1 5 0 0 0 1 2 0 0 0 2 0 0 2 5 4 1 8 2 2 1 7 3 2 1 3 3 5 0 22 42 128 3 137 3 6 13 95 7 3 1 2 5 7 7 52 6 10 0 13 2 1 1 5 5 9 1 6 8 24 10 94 97 169 5 53 2 8 3 45 1 6 0 4 3 6 1 25 239 89 0 50 12 5 8 102 103 45 2 26 41 78 27 215 3
20207 14 41 24 13 3 24 258 96 1 5 1 42 1 35 129 16 1 4 0 0 0 2 11 28 2 2 2 62 3 79 59 56 2 13 3 2 0 4 8 4 0 1 0 0 0 2 0 46 0 3 1 4 0 6 11 68 2 1 0 87 5 43 43 10 1 1 0 1 0 1 9 4 0 0 0 1 0 3 1 4 0 0 0 0 0 0 0 1 0 0 1 1 0 0 3 38 3 2 6 0 0 1 9 2 1 0 0 5 0 0 7 238 4 4 8 6 0 9 102 140 3 4 4 31 6 24 116 73 19 1 36 2 2 3 162 43 7 2 1 8 6 4 82 2 0 0 1 0 0 0 3 6 0 0 2 2 3 0 27 3 7 0 1 1 0 0 0 1 0 0 0 0 0 0 1 5 0 0 1 0 0 1 2 0 2 0 1 3 2 0 10 32 70 0 87 2 2 1 62 8 4 0 4 0 4 0 23 3 0 0 4 0 0 0 2 6 5 0 2 2 45 0 60 58 41 5 35 3 0 1 31 2 1 0 2 0 1 0 4 116 35 2 14 4 4 4 92 68 30 0 0 21 66 6 122 15178 99 146 144 122 33 186 746 183 9 6 5 85 8 159 370 42 5 5 3 3 2 2 16 67 4 4 1 247 4 265 157 87 5 10 6 2 1 0 10 6 1 0 2 4 0 4 1 109 3 3 0 3 0 7 31 155 2 2 3 179 3 61 56 32 4 5 6 2 1 4 20 9 0 1 0 3 0 1 13 6 0 0 0 1 0 0 6 2 2 0 0 9 1 3 10 133 3 3 9 1 0 0 27 8 0 0 0 1 1 3 4 377 11 5 11 12 1 8 211 192 4 1 7 43 3 22 176 120 65 5 150 7 12 4 387 76 13 1 8 12 14 7 203 4 3 1 2 0 1 0 7 8 5 0 0 1 5 1 36 11 2 0 2 0 0 1 5 0 0 0 1 0 1 0 0 5 3 0 2 0 0 1 3 5 1 0 0 4 0 0 10 58 236 2 187 3 9 1 111 8 8 0 2 3 12 1 57 4 7 0 1 0 1 0 7 8 9 0 1 3 105 5 129 128 219 1 73 3 8 2 51 4 1 0 0 2 6 2 17 143 36 2 19 2 5 6 144 136 31 1 8 35 120 13 238 20206 16 70 35 13 1 46 168 68 3 4 4 39 6 68 99 19 0 1 1 1 0 1 2 32 1 1 1 95 4 60 50 50 0 10 1 3 1 5 2 0 0 0 0 0 1 1 1 37 0 1 1 2 0 5 6 46 2 3 0 90 2 30 17 21 1 4 1 0 0 1 1 3 0 0 0 2 0 2 4 8 0 0 0 1 0 1 1 2 0 0 0 0 2 0 4 43 5 2 1 0 0 2 5 2 1 0 0 1 0 2 1 284 6 5 8 7 3 11 107 224 3 1 4 84 0 25 85 68 48 2 77 6 3 4 101 18 2 0 3 7 8 3 44 2 1 0 1 0 0 0 3 5 0 0 1 2 4 1 12 4 4 1 2 0 0 0 0 0 0 0 0 0 0 0 0 1 1 0 1 0 0 0 3 3 1 1 1 0 0 0 2 47 90 0 80 2 1 3 28 3 3 0 1 0 2 0 22 4 6 0 0 1 0 0 2 7 6 0 0 7 34 2 40 48 77 2 54 1 6 0 14 1 0 0 1 3 3 0 3 175 66 1 20 3 4 2 98 76 29 1 4 20 67 5 90 14986 60 206 91 50 15 126 374 153 7 8 9 63 11 135 210 64 3 5 2 5 1 7 16 67 1 8 3 234 4 197 102 83 4 19 6 3 1 6 12 5 0 1 0 6 0 2 4 78 4 5 7 6 1 12 17 126 1 3 4 190 2 76 43 65 2 2 5 1 2 1 10 11 0 2 0 4 0 0 5 12 0 1 1 1 0 0 11 7 0 1 1 15 1 3 8 82 8 13 7 1 2 3 16 9 0 0 0 4 1 2 7 577 22 13 13 13 2 16 247 375 5 2 10 117 11 39 225 195 69 9 199 2 14 9 398 76 10 5 6 8 16 8 142 7 1 1 3 1 1 0 6 11 3 2 2 1 11 0 51 10 8 0 4 2 0 0 4 3 0 1 0 1 2 1 4 11 1 0 0 1 2 0 11 5 4 0 1 2 6 3 10 101 257 7 218 3 5 1 119 17 3 0 2 0 17 3 45 4 10 0 7 0 3 0 12 18 17 2 4 11 69 3 118 127 147 4 75 2 4 0 40 4 2 0 2 4 8 0 11 273 128 2 58 13 13 5 184 126 48 5 10 44 132 13 241 3
22906 4 3 4 4 0 7 67 20 0 0 1 1 1 5 41 1 0 0 0 0 0 0 1 13 0 0 0 16 0 6 8 9 0 0 0 0 0 0 1 4 0 0 0 0 0 0 1 13 0 0 1 0 0 1 1 16 0 0 0 6 0 2 6 2 0 0 1 0 0 1 4 2 0 0 0 0 0 1 0 1 0 0 0 0 0 0 0 2 0 0 0 0 0 1 1 12 0 0 0 0 0 0 1 2 0 0 0 0 0 0 2 116 2 0 1 0 0 1 93 86 2 0 1 0 0 3 64 26 6 0 8 0 1 3 39 17 0 0 0 0 3 0 17 3 0 0 0 0 0 0 1 4 0 0 1 0 2 0 6 2 0 0 1 0 0 0 0 1 0 0 1 0 0 0 0 1 0 0 0 0 0 0 0 4 1 0 0 0 0 0 0 15 13 0 12 0 0 0 14 1 2 0 0 2 0 0 2 4 0 0 1 0 0 0 1 7 1 0 2 1 7 0 7 26 13 0 1 0 2 1 3 0 0 0 1 1 0 0 2 86 6 0 1 2 1 2 54 69 1 0 0 4 9 3 29 18966 40 52 67 49 11 78 607 101 10 2 7 33 1 54 238 27 2 3 1 2 0 4 8 35 3 6 6 28 0 38 38 29 4 6 2 1 0 2 6 7 0 0 0 6 0 0 1 35 0 1 2 3 1 1 12 68 4 1 1 64 2 28 21 30 4 5 2 1 0 2 10 10 0 1 0 3 0 2 8 1 0 0 0 0 0 0 0 4 0 0 0 4 0 3 7 28 2 0 6 2 0 3 14 4 0 0 0 5 0 2 4 409 10 5 9 14 1 14 168 269 14 3 15 66 3 23 139 95 31 7 38 6 1 7 235 33 2 0 1 5 4 0 108 5 0 0 3 1 0 1 4 0 1 0 3 6 2 0 18 3 3 1 1 0 0 1 2 0 1 0 0 0 0 0 0 6 3 0 3 0 0 1 3 2 2 0 1 1 2 1 9 33 58 5 35 0 5 8 39 4 2 1 1 2 2 2 25 1 5 0 2 2 0 0 2 5 2 0 2 2 41 2 46 52 62 1 21 3 1 1 28 2 2 0 0 3 1 1 7 185 65 2 28 10 2 5 109 97 32 2 7 30 49 10 160 22885 7 15 17 5 3 15 119 16 1 1 2 5 3 22 109 1 0 1 0 0 0 0 2 1 0 0 0 4 0 9 11 0 0 0 0 0 0 0 0 0 0 0 0 1 0 0 0 1 0 0 0 0 0 0 0 0 0 0 0 0 0 5 2 1 0 0 0 0 0 1 1 1 0 0 0 0 0 0 0 0 0 0 0 0 0 0 0 0 0 0 0 0 0 0 0 0 0 0 0 0 0 2 1 0 0 0 1 0 0 1 1 96 3 1 2 2 1 3 124 32 0 1 1 7 1 5 44 25 8 1 31 3 1 2 109 4 3 1 5 2 2 3 74 0 0 0 1 0 0 0 0 0 0 0 0 0 3 0 7 0 0 0 0 0 0 0 0 0 0 0 0 0 0 0 1 0 2 0 0 0 0 0 3 0 0 0 0 0 1 0 2 0 10 0 10 1 0 0 15 1 0 0 0 0 0 0 7 0 0 0 1 0 0 0 1 0 1 0 0 0 4 0 7 0 10 0 5 0 0 0 7 0 0 0 0 0 2 0 3 20 8 0 5 0 2 1 60 8 0 0 3 3 4 2 38 18954 36 52 51 45 5 74 258 125 11 9 11 53 8 64 232 28 4 2 4 2 0 2 7 36 2 6 5 27 6 49 48 36 3 3 1 4 0 2 1 11 3 1 1 2 1 2 3 37 3 0 2 2 0 3 10 53 2 1 3 36 6 19 28 29 6 3 6 1 2 3 6 11 2 0 0 2 0 3 16 6 0 1 0 0 0 0 1 7 0 0 0 3 0 12 6 37 0 0 5 0 0 4 12 8 3 0 3 4 0 2 11 234 11 5 11 12 5 15 211 188 15 6 14 33 8 30 191 165 50 8 77 10 7 16 196 72 9 0 2 10 9 2 98 11 4 4 3 1 1 1 15 9 2 0 4 3 3 4 29 5 4 2 2 0 0 0 1 1 1 0 0 0 1 0 3 19 6 0 4 3 0 1 15 6 1 1 6 0 2 4 19 42 53 1 53 5 2 5 49 7 5 1 2 4 6 4 20 4 2 0 6 0 0 0 6 6 3 0 1 4 30 1 48 44 51 2 21 1 7 1 17 4 3 0 2 4 1 0 22 174 34 4 28 24 7 18 210 68 25 2 13 18 44 24 255 3
22581 7 4 12 9 1 5 49 21 2 1 3 16 1 20 63 8 7 2 0 2 0 5 4 15 6 1 5 12 2 11 24 5 0 1 1 3 0 1 0 1 2 0 1 7 0 2 2 15 1 1 3 4 0 1 3 24 2 4 3 17 5 15 15 15 2 3 1 4 0 2 2 2 0 0 1 3 0 5 5 3 0 0 1 1 0 0 0 4 0 0 0 1 0 3 4 13 1 0 3 3 0 0 2 4 1 0 0 1 0 1 6 36 2 2 3 5 2 3 13 40 8 3 8 18 6 19 38 14 7 5 14 2 1 2 47 3 0 1 2 3 0 1 44 5 2 1 0 1 0 0 7 0 1 0 1 1 3 2 12 3 2 0 5 0 0 0 7 3 0 0 0 0 0 0 1 4 3 0 1 1 0 0 5 4 2 0 3 1 2 0 18 17 18 1 15 1 1 0 27 4 2 0 2 0 0 2 14 1 2 1 3 0 0 1 5 1 1 0 2 0 3 2 19 23 19 1 16 2 4 2 20 2 0 0 1 3 3 1 12 52 17 2 10 8 2 6 26 18 9 3 13 13 6 17 85 21936 10 15 12 14 1 14 49 15 2 1 2 14 2 23 61 20 2 1 2 3 0 1 6 27 5 3 4 28 2 28 28 11 5 3 1 2 1 0 4 3 0 0 0 1 1 2 1 20 1 2 1 3 1 1 6 49 3 4 1 42 6 21 20 14 4 2 4 2 1 3 8 2 0 0 1 0 0 6 3 6 1 0 1 0 0 0 1 0 1 0 0 5 0 4 4 14 2 0 1 3 2 0 2 6 0 0 0 2 1 3 5 90 6 2 4 3 2 2 7 190 9 5 4 46 2 22 26 15 11 3 28 1 2 5 53 3 0 0 0 2 3 2 36 6 6 0 2 2 0 0 6 2 0 0 0 1 1 4 19 5 3 0 3 1 1 0 3 0 0 0 0 0 1 0 5 3 1 0 1 2 1 0 6 5 3 0 4 4 2 3 12 24 17 1 37 2 5 3 33 0 0 0 2 1 5 1 16 0 2 0 2 0 1 1 4 1 2 0 2 0 3 3 22 32 28 2 13 2 2 1 26 1 2 1 4 2 2 1 14 95 36 4 21 5 2 5 27 59 14 2 13 27 21 11 101 22619 8 5 19 13 1 14 41 33 6 4 4 17 3 21 52 5 2 0 0 2 1 0 3 14 1 4 2 11 1 14 12 4 0 1 1 0 0 1 0 0 0 0 0 1 0 1 1 12 1 1 1 1 0 1 5 13 3 0 0 12 2 11 13 4 1 2 1 0 0 0 3 3 0 1 0 1 0 3 6 2 0 0 1 0 0 0 1 1 1 0 0 2 1 1 2 14 3 0 2 3 0 0 5 3 0 0 1 0 0 2 7 50 2 0 3 4 1 5 22 80 7 2 5 27 5 10 47 35 17 1 23 3 2 4 43 5 2 1 2 0 2 2 18 2 2 0 1 0 0 0 5 0 1 0 1 4 2 1 9 1 0 0 1 0 1 0 2 0 0 0 1 0 0 0 1 5 1 0 2 0 0 0 6 3 1 1 0 0 0 1 4 9 11 0 4 3 1 1 18 1 1 0 1 0 1 3 7 3 1 0 3 1 0 0 3 1 2 0 1 2 0 2 8 24 16 0 15 0 3 1 9 1 2 0 0 1 2 0 12 77 26 1 17 8 3 9 51 33 15 3 7 14 10 5 92 21984 24 18 26 22 4 23 65 33 4 2 8 19 8 49 151 12 2 4 1 1 1 4 10 12 3 2 1 35 1 34 33 6 2 1 1 3 0 2 2 3 0 1 0 1 0 3 2 11 3 0 2 1 0 3 2 19 1 1 2 25 2 26 28 10 1 2 3 1 0 3 5 1 2 0 2 1 1 5 8 3 1 0 2 1 1 0 0 3 0 0 0 4 1 3 7 9 3 1 2 2 1 1 5 2 0 0 1 0 1 2 10 48 4 5 5 7 1 2 12 73 1 2 3 32 5 17 52 25 17 3 37 7 7 8 69 6 2 0 2 0 1 1 46 1 1 0 0 0 0 2 5 3 0 0 3 1 1 2 21 3 1 0 2 1 0 0 3 1 0 0 0 0 0 0 1 3 2 1 1 2 0 1 4 1 2 1 2 1 1 0 19 9 19 1 36 3 1 2 27 1 1 0 4 4 1 2 10 1 4 0 4 0 0 0 3 1 2 1 1 3 2 5 18 17 30 2 21 1 7 1 17 0 1 0 3 4 0 3 23 73 22 1 23 7 3 7 34 35 17 1 6 14 17 13 107 4
20442 33 34 29 38 7 31 64 41 9 6 5 47 1 62 108 31 6 4 8 3 2 2 7 34 11 5 8 45 4 57 45 26 10 3 3 2 1 1 3 8 2 0 1 9 2 1 3 26 3 1 1 7 1 5 10 75 8 3 6 97 10 28 39 30 8 2 6 5 3 2 11 4 3 0 4 7 0 6 16 3 1 0 2 1 1 0 2 5 1 0 1 5 0 4 5 31 6 3 1 5 0 2 3 4 1 0 4 2 0 3 10 62 8 7 5 8 1 1 16 140 17 3 12 61 9 25 56 35 31 4 59 12 8 9 125 2 2 1 3 1 3 3 59 7 4 0 8 1 1 0 15 2 2 0 3 2 4 7 29 10 9 2 2 0 0 2 7 1 2 0 5 0 0 2 8 6 9 0 4 1 0 1 9 4 2 1 8 4 7 11 32 42 36 3 62 5 5 5 66 7 1 0 8 3 6 4 28 4 9 1 8 0 3 1 15 2 0 0 7 4 4 3 27 65 60 3 39 10 8 8 24 7 2 2 3 6 4 6 39 99 51 3 25 8 11 12 50 35 22 3 26 22 28 26 194 19833 38 46 50 44 10 37 105 32 3 7 8 37 8 59 143 25 6 6 3 5 1 5 9 45 6 6 6 54 12 68 53 32 3 2 4 5 1 7 6 14 0 1 1 12 0 3 4 31 5 1 2 7 3 0 9 68 11 1 2 91 14 45 31 35 12 10 9 4 2 5 10 7 1 0 2 5 0 6 8 9 2 0 2 0 0 1 0 3 1 1 1 6 2 8 13 37 10 1 3 3 2 4 6 7 1 0 0 6 3 3 8 51 8 2 10 5 4 11 12 85 10 2 10 47 7 34 48 50 56 7 87 5 5 12 185 6 3 1 7 5 2 5 81 2 1 0 9 1 0 0 8 4 1 1 4 5 1 3 40 8 5 1 5 3 1 0 5 0 0 1 0 1 1 0 6 3 3 1 2 0 0 0 10 4 6 0 8 1 9 2 34 51 67 14 115 5 9 7 86 1 1 0 4 2 7 5 38 6 8 2 16 1 2 1 14 3 9 0 10 3 15 7 48 65 84 8 49 13 9 5 48 6 3 1 2 8 7 10 27 102 57 8 31 13 13 9 64 43 28 3 35 24 45 24 220 21189 33 25 29 22 10 32 64 34 5 5 9 30 3 56 100 28 1 2 2 4 0 5 3 20 0 1 6 40 3 47 47 24 2 0 2 3 1 1 3 6 0 1 1 1 0 4 3 22 5 4 2 6 2 3 5 54 4 2 4 52 6 32 21 15 3 6 8 5 2 1 6 9 2 3 3 3 0 6 13 10 0 3 0 2 1 0 0 5 0 1 0 5 1 6 2 21 4 1 5 4 1 1 10 6 3 0 3 4 1 3 11 81 5 3 0 8 4 7 18 97 9 2 12 41 5 20 35 34 32 3 41 1 5 4 67 6 2 0 3 2 3 3 46 9 3 1 7 1 0 1 10 2 0 0 5 1 3 3 22 3 1 0 1 1 1 0 6 2 0 0 1 0 1 0 7 13 4 1 2 1 1 3 11 3 4 0 5 3 2 3 18 22 30 6 45 4 6 4 23 2 1 0 1 1 3 3 21 4 5 2 2 0 0 1 8 1 1 0 9 4 12 5 32 37 51 3 28 3 10 3 20 7 1 0 4 6 11 7 27 99 41 2 12 9 9 9 32 51 20 6 17 20 39 24 168 19988 39 31 32 23 3 35 43 51 3 7 7 45 5 58 93 28 2 5 2 5 2 8 11 31 7 9 5 48 4 81 64 51 5 2 4 4 0 4 1 7 1 1 0 10 3 3 2 48 0 4 3 6 1 5 4 55 5 6 2 107 7 39 39 41 5 10 7 2 1 4 2 4 1 2 0 5 2 12 9 15 0 0 1 3 0 1 2 5 0 4 0 3 1 16 10 49 4 2 3 4 0 4 6 9 3 1 1 5 0 3 16 104 13 2 5 8 1 3 26 110 18 5 8 43 10 30 60 56 38 10 66 3 2 4 76 8 2 0 3 3 3 3 37 3 3 2 12 3 0 3 7 3 3 1 1 2 3 2 34 10 3 1 6 3 0 0 2 0 0 0 1 0 0 0 5 6 7 0 3 1 0 1 13 3 3 0 12 5 4 3 20 51 69 7 92 5 8 4 53 6 4 2 4 1 7 3 33 9 9 1 15 1 0 0 14 3 9 3 13 3 15 7 30 94 88 3 50 15 14 1 35 3 5 3 4 5 10 4 23 144 77 11 37 12 12 12 57 69 40 2 40 35 50 34 223 4
22078 14 20 21 8 2 13 41 26 4 2 3 12 4 22 64 11 0 0 1 5 1 4 4 12 4 1 2 25 4 19 30 11 2 0 2 3 0 1 1 1 0 1 0 5 0 0 2 19 1 2 2 0 0 2 2 65 4 1 1 58 2 15 25 13 4 3 0 0 0 3 4 1 0 1 0 1 1 1 7 3 0 0 1 1 0 0 0 4 1 0 0 2 0 4 6 25 2 1 1 4 1 2 2 3 1 0 1 0 0 2 3 72 3 2 5 5 0 7 16 110 9 0 7 38 5 12 30 29 15 5 33 1 6 2 74 1 3 0 2 1 2 3 37 4 2 0 1 0 0 1 10 0 1 1 0 2 2 2 16 5 2 0 2 1 3 0 2 1 0 1 0 0 0 1 1 2 2 0 2 1 0 0 3 2 3 1 3 0 0 1 17 25 41 7 42 1 7 1 27 4 2 1 1 2 2 3 16 4 4 0 3 1 1 1 5 3 5 0 6 0 1 0 14 22 30 2 30 1 1 1 24 1 1 0 1 4 6 3 16 74 25 1 9 4 6 7 36 32 14 1 14 7 10 14 75 20905 20 20 34 31 8 38 153 43 8 6 9 21 9 75 172 27 2 3 5 4 1 4 9 26 3 3 4 43 8 71 51 32 3 2 6 3 0 6 5 4 0 1 0 1 0 4 4 35 6 2 2 4 1 3 9 49 1 2 1 53 8 31 27 18 5 4 4 4 0 2 6 3 0 0 1 3 1 5 12 8 0 1 2 2 1 0 2 4 1 0 0 5 2 10 8 35 2 3 5 3 0 1 5 3 1 0 1 0 0 3 6 54 5 0 2 6 2 4 15 65 4 1 2 38 4 27 36 24 27 8 65 2 9 3 162 3 1 1 3 4 0 4 82 3 2 1 5 1 0 2 9 0 2 0 2 2 4 6 35 5 3 0 4 2 1 0 1 0 0 0 0 0 1 0 5 7 5 0 3 1 1 1 8 2 2 1 2 3 5 5 27 30 44 4 63 1 7 2 54 0 1 0 6 1 5 2 31 3 4 1 3 1 0 1 5 4 6 0 6 5 7 7 26 50 79 1 29 5 8 2 21 2 1 0 4 1 4 3 21 61 31 0 17 9 11 5 35 30 18 1 19 18 22 20 136 21293 18 22 22 24 1 28 69 40 4 3 10 20 9 44 86 12 1 2 2 3 2 2 5 32 5 2 4 35 3 30 28 17 6 1 2 5 1 2 0 3 0 1 1 7 0 4 4 22 6 1 2 5 1 2 5 62 8 1 0 62 7 18 12 21 4 2 6 3 5 3 11 4 3 2 1 2 2 4 13 4 1 0 0 2 0 2 0 3 0 0 1 4 2 8 6 19 1 2 2 1 0 3 4 10 2 1 0 5 1 3 14 74 6 3 4 1 2 6 21 96 11 3 9 47 9 21 50 39 30 7 53 4 3 5 141 6 4 1 4 4 2 3 43 5 2 1 11 1 1 3 13 2 0 0 0 0 0 3 23 3 4 0 3 0 1 0 5 0 0 0 0 1 1 0 2 8 1 0 0 2 2 2 16 3 7 1 9 1 6 4 12 24 33 5 48 2 4 1 37 0 3 0 1 0 3 1 20 5 9 1 9 1 0 0 8 1 0 0 5 2 0 3 19 32 26 0 22 7 5 3 20 3 1 0 3 2 4 3 20 88 29 5 24 8 8 8 50 53 25 1 29 16 16 36 150 20870 16 24 22 38 6 26 44 21 4 6 3 13 8 54 46 32 5 3 5 3 0 5 3 26 6 5 6 53 5 63 40 25 3 1 0 3 0 2 1 8 0 1 1 10 3 6 3 30 1 0 1 4 2 6 2 92 9 1 4 107 13 39 19 22 2 3 1 6 0 4 5 0 0 0 0 2 1 6 5 8 0 0 1 3 1 0 1 5 0 0 0 3 0 7 3 46 4 3 3 5 0 1 2 7 2 1 1 8 0 2 4 136 8 5 5 4 2 5 6 157 9 6 4 88 4 33 17 25 26 8 69 3 1 4 71 0 0 1 1 1 3 2 24 3 6 2 4 2 0 3 8 1 3 2 2 2 2 6 26 7 2 0 1 0 0 0 3 1 0 0 0 0 0 0 1 7 5 0 4 1 0 0 3 6 5 0 6 2 5 2 22 27 43 7 90 2 7 0 47 2 2 0 5 1 2 1 20 5 4 0 12 2 1 0 3 3 1 0 10 3 1 7 33 58 39 3 41 7 6 5 23 6 2 0 1 3 6 4 13 160 58 3 29 11 3 4 29 83 24 4 30 35 42 26 111 4
20528 29 41 40 27 8 40 78 39 5 6 7 31 4 72 123 21 6 9 4 2 1 2 6 25 1 5 4 46 8 94 62 31 6 3 2 4 0 5 2 3 0 0 0 6 1 1 1 31 2 3 3 3 1 7 6 42 4 1 4 57 9 26 22 27 6 6 6 2 0 2 7 10 1 0 3 4 0 3 7 2 3 0 1 1 0 0 1 2 0 0 0 4 1 11 6 24 5 3 2 2 1 2 8 4 4 3 1 5 0 4 11 59 4 3 5 5 3 7 14 77 17 4 8 24 8 28 40 51 48 8 90 6 9 7 163 3 1 1 5 2 0 5 45 3 4 0 5 0 1 0 10 1 3 0 4 2 3 0 36 6 15 0 2 3 1 0 2 1 0 0 1 0 2 2 6 5 4 2 7 1 0 0 4 2 2 0 5 5 6 2 23 44 57 5 117 8 9 5 54 2 4 0 2 5 10 1 25 2 7 0 12 1 1 1 9 1 9 1 4 4 6 8 62 52 104 4 38 9 13 4 45 5 4 0 3 2 5 2 33 79 35 4 22 6 15 8 55 38 21 1 28 21 35 15 161 18733 25 45 42 21 4 41 132 64 3 5 9 55 3 131 211 41 1 6 2 7 1 6 5 58 2 8 2 104 8 156 73 49 3 2 2 10 0 3 3 7 1 1 1 9 1 6 2 38 2 4 2 4 1 10 7 127 8 3 11 199 19 41 42 32 6 4 7 2 0 1 11 4 0 3 0 3 0 7 17 3 0 1 3 3 0 2 0 5 0 0 0 3 0 14 6 62 2 2 5 1 0 3 6 12 2 0 1 5 0 7 16 122 12 3 4 7 4 4 40 116 10 6 11 62 8 32 98 62 39 5 132 6 8 10 176 10 2 0 5 5 3 5 73 5 7 0 12 0 2 1 15 1 0 0 7 2 6 7 58 7 3 0 1 0 0 0 5 2 1 0 0 0 0 0 2 6 2 1 0 1 0 3 15 8 5 1 3 6 11 5 26 50 81 7 197 6 9 8 91 5 3 0 3 3 10 7 33 2 10 0 12 1 1 0 9 7 5 2 6 5 22 6 74 99 151 4 57 8 10 3 38 4 1 1 0 7 8 5 27 158 67 2 53 14 9 6 79 65 33 4 29 26 47 26 213 20102 33 31 31 28 7 31 50 42 7 8 10 33 3 54 72 29 6 8 5 5 2 4 4 40 3 7 5 60 6 105 30 56 8 7 4 4 1 2 5 4 2 2 0 13 0 4 5 41 4 2 2 9 1 2 3 79 7 4 5 83 9 47 28 30 9 6 3 4 1 6 8 7 2 1 1 7 2 7 11 11 3 0 2 3 0 2 2 6 1 0 3 12 3 13 11 48 4 5 7 2 0 3 8 7 2 1 2 5 0 5 11 74 7 3 6 6 1 1 18 103 17 6 7 65 11 23 49 48 31 8 65 5 4 8 88 6 2 1 8 1 5 5 38 3 6 2 9 0 0 3 15 1 2 0 3 4 2 6 26 8 9 0 6 1 3 0 2 1 1 0 1 1 2 1 5 9 6 0 4 0 0 1 7 5 3 1 9 1 8 1 32 36 69 5 74 1 4 6 64 0 4 2 3 4 8 6 20 6 9 1 12 1 3 0 9 6 5 3 12 6 13 6 37 89 118 2 41 4 9 2 32 6 9 0 5 4 11 3 28 146 67 6 41 8 12 14 56 55 38 8 28 27 54 41 209 18671 27 49 47 29 8 55 83 73 3 5 8 64 5 103 102 27 0 3 4 6 1 5 13 49 3 7 6 119 3 208 58 43 5 5 0 6 0 1 3 3 0 1 0 6 0 6 2 48 2 6 1 3 0 7 6 155 18 2 2 225 15 71 40 29 2 6 4 2 0 1 5 5 0 0 1 4 1 8 9 5 0 0 1 1 1 1 2 7 1 0 1 8 1 11 7 56 4 4 6 5 0 3 3 9 1 0 0 2 2 4 7 125 13 1 12 6 3 6 26 233 13 4 12 101 11 44 76 40 50 9 142 4 11 7 114 5 5 0 3 1 3 2 40 4 5 1 12 0 0 3 16 3 5 2 4 4 6 4 23 7 10 0 3 0 1 0 4 0 0 0 0 0 0 2 4 4 7 2 4 2 0 0 11 9 3 1 6 7 6 4 31 48 102 8 201 4 8 3 63 2 3 0 7 0 6 7 32 4 10 1 17 1 1 0 11 7 6 1 9 7 23 16 66 107 172 4 62 13 14 4 21 9 2 0 4 4 12 7 33 142 67 3 41 16 13 8 73 70 37 3 39 43 82 37 215 4
22014 9 13 16 14 3 7 99 26 6 2 3 12 5 21 115 15 1 1 0 1 1 0 4 22 1 4 0 32 2 35 21 12 0 1 2 0 1 1 1 3 0 0 0 1 0 0 1 18 2 2 3 1 1 2 4 50 3 0 2 25 1 14 14 12 4 3 5 0 0 3 5 2 1 0 0 2 0 1 3 6 0 1 0 2 0 2 1 2 0 0 2 2 0 4 3 14 1 2 1 0 0 2 8 2 1 0 0 3 0 4 8 76 9 0 6 4 2 3 31 84 6 2 5 28 2 11 56 34 17 1 39 0 3 4 101 7 2 1 0 2 1 0 46 9 1 0 2 0 0 0 5 3 0 0 0 0 1 2 8 3 0 0 0 0 0 0 1 0 0 0 0 0 0 0 4 6 3 0 1 1 0 0 10 1 0 0 1 1 4 3 8 25 20 1 28 0 2 0 30 0 3 0 1 0 4 1 8 3 3 0 3 0 0 1 4 3 2 1 0 2 3 2 14 47 19 1 8 5 2 0 18 1 1 0 3 2 4 2 11 96 15 0 19 4 1 5 64 44 13 2 15 18 12 9 81 19185 27 78 52 32 6 54 139 53 1 8 4 46 5 77 139 37 4 7 3 8 1 6 4 44 5 5 1 196 9 176 71 69 7 12 3 8 0 3 1 4 0 0 1 4 0 5 3 38 2 4 3 6 2 7 3 71 2 3 1 185 17 82 25 34 6 8 14 2 1 3 6 5 0 1 1 6 1 3 4 3 1 0 0 1 0 1 0 6 1 0 0 9 1 4 4 49 7 8 5 1 0 4 4 1 0 0 0 4 1 2 3 98 10 3 6 12 1 5 22 82 11 1 3 47 3 17 56 43 43 7 81 1 2 3 128 11 3 1 0 1 6 2 71 5 1 0 6 1 0 0 4 3 2 0 6 4 5 1 32 8 4 1 5 0 1 0 2 0 0 0 0 0 0 0 5 5 1 0 4 1 0 0 8 5 1 0 1 5 7 0 11 47 214 8 251 4 11 2 58 6 4 0 1 3 7 3 32 5 7 0 15 2 2 0 7 5 6 1 6 9 74 11 82 97 237 2 80 6 9 1 23 1 5 0 1 2 5 1 17 87 45 5 22 7 5 12 49 46 30 1 10 18 70 14 144 22742 11 17 16 12 1 9 17 8 2 0 0 11 2 24 25 6 3 2 1 3 0 1 0 11 1 1 0 27 2 23 8 15 4 0 0 2 0 0 0 3 0 0 1 2 0 1 2 12 3 2 0 2 0 2 1 10 2 2 2 34 2 26 10 9 0 3 1 0 0 3 1 2 0 1 0 1 0 5 1 3 1 0 0 2 0 0 0 2 1 0 0 8 1 7 4 11 3 1 1 2 0 0 3 2 0 0 0 3 1 2 2 35 6 1 4 2 2 3 7 32 0 2 5 19 4 15 19 11 9 3 25 3 1 0 26 0 1 0 0 1 3 1 6 3 2 0 2 1 0 0 3 2 0 0 3 2 4 0 14 4 0 0 0 0 1 0 1 0 0 0 0 0 1 1 0 3 1 0 1 0 0 0 1 1 2 0 3 1 1 1 5 19 18 2 36 0 2 1 17 0 1 1 0 0 2 1 6 1 2 1 3 0 2 0 4 2 1 1 2 2 5 1 16 25 37 3 20 1 2 0 12 1 4 0 0 0 3 4 3 76 36 0 18 4 1 3 14 27 14 2 11 19 27 18 72 19516 20 66 27 23 2 30 27 23 3 3 2 49 3 51 64 41 3 10 7 5 0 8 4 49 2 5 2 178 9 232 26 104 3 10 2 8 0 4 2 11 0 3 0 8 0 1 2 65 0 7 1 5 0 3 3 77 5 7 3 245 19 88 15 25 5 6 7 4 1 4 4 5 0 1 0 3 0 4 3 6 0 0 0 1 0 0 2 6 2 1 1 9 4 9 3 54 4 2 3 2 2 2 5 8 0 1 0 5 1 1 5 85 5 1 8 4 0 2 16 87 6 6 6 59 6 24 34 29 41 12 44 0 3 4 38 3 0 0 1 1 1 3 20 5 5 1 2 0 1 2 2 0 1 0 2 4 13 3 12 10 5 0 4 0 1 0 1 0 1 0 0 0 0 0 1 4 2 0 0 1 1 0 3 2 2 0 3 3 9 1 13 29 240 10 283 3 12 4 21 2 5 0 2 3 9 4 22 0 14 3 17 1 3 1 5 5 22 0 5 10 60 6 76 66 266 2 104 3 9 2 12 1 1 0 1 6 3 2 15 100 62 6 23 5 5 2 26 60 43 3 23 42 115 19 154 4
17072 51 60 85 48 12 58 133 63 4 13 16 59 8 135 216 62 18 8 8 7 2 10 11 59 11 6 11 141 10 188 111 75 13 12 2 9 1 2 8 11 0 1 0 11 1 6 6 54 10 3 3 9 2 5 6 123 12 5 5 175 17 69 54 63 13 12 14 12 0 11 15 16 2 1 3 10 0 18 29 7 3 1 1 2 1 0 2 6 1 3 5 7 2 20 10 64 8 4 7 11 2 0 10 14 2 2 2 10 0 6 22 141 5 3 12 12 1 5 24 207 22 4 10 85 6 52 96 70 65 14 98 9 8 7 130 5 2 0 3 2 6 15 86 7 13 1 14 1 2 1 17 4 3 0 8 5 3 9 45 10 18 1 10 3 3 2 3 1 0 0 2 2 0 0 10 21 21 0 9 1 2 0 9 7 7 1 12 5 8 10 47 70 132 17 202 8 12 7 94 3 6 2 6 6 8 7 61 8 13 2 26 1 4 0 23 1 11 2 13 8 38 14 66 182 201 7 87 19 22 7 53 4 10 1 11 10 17 17 63 201 102 5 43 28 14 12 83 65 45 5 54 36 81 61 289 17558 47 73 60 51 6 64 126 79 5 5 7 80 3 137 169 44 2 8 7 6 2 5 14 79 4 7 6 204 12 284 97 64 5 9 4 7 3 4 4 7 0 0 1 8 2 2 9 54 3 2 9 11 0 8 14 130 10 7 6 194 33 109 51 29 10 5 4 6 0 8 10 4 0 0 1 4 2 9 15 5 1 0 1 2 1 0 5 4 1 0 0 14 2 27 12 50 10 4 6 2 2 7 4 3 1 0 1 2 1 6 14 114 12 5 6 10 3 5 33 151 14 2 12 63 10 49 75 67 58 10 119 4 8 10 177 9 4 0 4 6 7 6 61 3 3 0 9 0 1 2 15 5 3 0 2 4 13 5 56 7 11 0 8 0 0 1 3 0 0 0 0 0 2 3 3 6 4 2 5 0 0 1 12 0 2 0 15 5 13 3 43 58 165 9 247 3 16 7 95 2 6 1 6 2 7 7 38 8 9 1 20 2 6 0 11 3 11 0 11 12 46 21 94 108 194 3 88 10 16 6 42 4 3 1 8 5 16 10 47 131 58 4 47 15 10 11 73 55 40 4 46 41 72 51 286 22228 19 10 14 14 3 9 15 14 0 2 2 13 1 24 23 15 5 1 2 3 1 2 3 14 0 1 0 51 8 52 16 13 4 1 1 0 0 0 3 2 0 0 0 0 0 2 1 15 2 1 3 4 1 3 0 28 5 0 1 48 3 37 14 14 6 2 7 2 1 1 3 6 0 0 2 0 0 1 3 1 1 0 0 0 0 2 1 4 0 1 0 5 0 5 5 14 3 2 2 1 0 0 1 6 0 0 0 0 0 1 2 23 1 1 1 5 3 5 6 51 5 0 6 30 5 12 18 16 26 8 45 4 4 4 39 2 0 2 0 0 0 0 3 1 1 0 10 0 0 3 6 1 1 0 0 5 2 4 10 2 5 0 5 0 0 1 2 0 0 0 1 0 1 0 5 2 0 0 3 1 1 0 3 2 1 0 15 4 6 1 14 17 43 1 45 3 8 2 22 4 4 0 3 0 1 4 9 0 5 0 13 1 1 0 10 1 3 0 7 5 13 2 37 33 51 2 30 4 6 0 15 0 2 0 3 1 4 3 21 34 26 3 16 4 3 5 25 17 17 3 24 14 37 24 132 19785 32 29 44 29 8 42 64 35 6 4 4 31 4 63 100 22 1 4 2 6 1 4 6 38 5 2 5 95 12 90 43 37 1 7 1 5 1 1 2 4 0 0 0 3 0 6 1 44 4 1 1 4 2 3 8 69 7 6 4 160 14 53 21 28 8 0 6 5 0 4 10 3 1 0 0 4 0 7 12 6 0 0 2 3 0 0 1 5 0 0 0 13 7 11 7 35 5 5 5 0 3 2 10 5 0 0 0 4 1 11 9 83 11 1 4 6 1 8 20 132 13 1 7 53 3 30 40 40 46 10 94 2 4 2 107 2 2 2 9 2 3 3 38 3 4 0 6 0 0 0 13 1 6 0 6 2 6 1 19 8 8 0 3 1 2 0 4 0 2 0 0 2 1 0 1 8 2 0 2 3 0 0 4 2 2 2 6 12 12 3 32 37 117 4 138 4 9 4 61 2 3 2 4 4 8 3 32 5 10 0 14 1 2 0 7 1 11 0 9 2 27 10 59 110 137 4 68 10 15 2 33 7 3 1 5 5 13 16 31 126 67 3 33 20 12 6 45 50 39 3 29 37 71 29 217 4
22294 9 5 4 4 0 2 20 26 4 2 2 9 4 16 51 18 2 1 2 6 2 2 3 17 0 2 2 32 3 45 36 19 2 4 1 1 1 1 1 4 0 0 1 2 0 0 2 20 5 1 2 4 0 3 6 34 4 2 1 35 3 22 11 7 5 1 2 0 0 1 2 3 2 0 1 2 0 7 12 3 0 0 0 0 0 0 1 3 0 0 1 3 0 6 11 16 2 1 2 2 0 0 3 5 1 0 1 0 1 2 5 46 3 0 2 2 0 7 13 65 9 5 6 17 4 23 38 33 11 1 21 3 1 1 43 3 2 0 2 0 2 0 18 5 0 0 2 2 0 0 5 3 0 1 3 0 1 2 5 6 2 0 2 1 0 0 2 0 0 0 0 0 0 1 0 6 1 1 2 1 0 0 9 3 2 0 2 2 1 3 10 21 35 1 37 1 1 0 36 0 1 0 3 0 2 1 8 3 2 0 2 1 0 0 3 3 1 0 3 2 8 2 15 49 42 2 29 2 5 2 18 2 3 0 1 1 5 4 25 71 14 0 19 10 7 10 34 29 11 0 12 6 15 10 101 20746 25 35 29 29 9 33 94 29 7 8 5 32 8 72 118 20 2 2 2 3 0 2 6 30 4 0 3 64 5 91 56 26 3 2 1 1 0 2 2 5 2 1 1 3 2 4 6 27 2 1 0 5 0 3 11 59 5 1 4 103 10 48 32 26 3 3 8 1 1 3 6 1 2 0 3 1 1 2 14 5 2 0 1 0 0 0 1 1 0 2 0 2 0 8 7 31 1 3 4 2 0 1 8 2 1 0 2 2 3 3 12 73 3 1 6 10 0 3 19 72 5 2 7 41 5 19 50 40 36 1 71 2 6 5 106 3 1 4 2 3 2 6 53 4 0 2 8 1 1 2 8 2 1 0 4 2 4 4 33 3 2 1 3 1 0 0 4 0 0 0 0 0 0 0 3 6 1 0 3 1 1 0 5 1 1 0 4 1 9 2 22 33 45 1 80 4 3 1 49 4 0 0 2 0 7 2 37 0 5 1 10 1 0 0 6 5 2 0 14 3 14 6 48 55 86 4 32 7 5 2 27 4 1 0 2 2 10 3 22 82 34 2 24 7 9 8 52 38 13 1 19 36 39 20 173 21312 30 34 26 20 5 21 50 40 1 8 4 28 2 48 43 25 3 3 2 3 1 3 4 21 2 0 0 51 4 74 24 26 1 2 1 0 1 2 0 5 0 0 1 3 0 3 3 25 2 4 2 6 1 3 4 37 1 3 5 53 5 33 15 24 1 2 5 1 1 3 5 5 1 1 3 2 0 6 11 6 0 0 0 0 0 0 0 4 1 1 2 7 1 9 6 28 2 4 1 3 1 1 6 4 3 1 2 0 0 5 8 52 10 2 8 1 1 6 22 65 9 2 13 33 9 24 35 33 23 4 61 6 2 5 57 6 2 1 3 2 4 5 16 3 5 0 4 1 1 2 8 1 1 0 0 1 2 4 17 7 9 0 2 0 0 0 1 1 0 0 0 1 1 0 3 6 1 1 7 1 1 2 8 3 5 0 3 4 1 4 22 27 57 0 74 3 2 1 28 2 0 1 1 3 9 1 16 6 4 1 5 0 5 1 5 5 5 1 4 4 20 7 24 48 57 1 32 2 7 4 13 3 5 1 2 1 12 3 18 75 44 3 36 20 5 15 47 38 34 3 29 27 41 21 178 20616 34 36 23 23 5 21 60 35 5 5 4 33 4 53 72 14 4 2 2 0 0 4 5 25 1 4 2 72 6 73 23 38 1 1 3 4 0 2 2 4 0 1 0 2 1 0 1 35 1 1 2 3 0 4 9 72 1 1 4 75 10 48 25 26 2 1 6 4 0 0 6 5 1 0 2 3 0 5 11 6 0 2 1 1 1 1 2 5 0 0 0 6 1 10 6 42 6 1 1 1 1 3 10 11 0 0 0 3 0 5 6 115 10 4 6 4 2 5 21 129 16 3 11 58 7 19 56 42 33 4 48 4 1 2 85 7 3 1 4 3 2 4 30 4 3 1 7 1 2 0 10 5 0 0 0 2 1 2 22 3 3 0 3 0 0 0 0 0 0 0 0 1 0 0 1 4 2 0 3 1 0 0 11 2 3 1 6 8 8 4 22 34 76 3 64 5 4 2 31 0 0 1 2 3 4 1 24 10 4 0 5 2 2 0 6 6 1 0 5 5 17 9 40 66 86 1 45 4 7 2 30 7 2 0 0 7 4 5 25 149 57 7 35 9 10 8 47 67 41 8 29 30 47 26 196 4
21314 19 41 23 26 6 22 63 36 3 2 5 28 3 29 92 20 0 4 2 4 0 1 8 35 0 8 0 59 6 84 41 31 4 5 0 5 0 1 4 4 1 0 0 5 1 7 2 29 3 0 2 6 0 3 5 52 2 3 1 81 5 35 23 16 4 3 4 3 0 2 2 2 0 1 0 1 0 2 10 2 1 1 0 0 0 0 1 3 0 0 1 8 0 8 8 28 4 6 4 3 0 1 2 4 1 0 1 3 1 1 3 40 2 1 8 1 1 2 24 68 8 0 4 29 3 19 51 38 22 5 45 3 3 5 92 7 2 1 4 1 4 3 44 8 4 0 3 1 0 0 9 3 0 0 2 3 2 1 31 5 5 1 1 0 1 0 1 0 0 0 2 0 0 1 4 3 1 0 2 0 0 0 11 3 0 0 0 2 1 3 18 31 54 3 82 4 8 2 51 4 2 2 5 2 1 0 22 2 4 0 4 1 0 1 8 4 4 0 6 3 12 7 44 51 67 2 30 5 2 3 31 2 1 0 2 0 4 2 17 58 21 0 26 1 9 8 50 26 12 3 12 17 33 14 126 20121 23 37 48 31 5 42 109 43 4 7 14 31 2 67 103 20 3 2 0 2 1 9 12 32 5 3 3 93 7 104 64 42 3 2 7 5 2 3 2 3 1 0 0 3 0 6 2 37 1 1 4 6 0 6 4 59 1 3 4 143 15 75 38 31 3 2 5 5 0 4 4 3 0 1 1 3 0 6 9 2 0 1 2 0 1 0 1 2 3 0 0 12 0 9 9 33 3 2 6 3 3 4 7 8 0 1 0 3 0 3 10 70 7 4 8 7 1 2 22 92 8 5 8 35 10 25 48 57 26 4 72 9 2 7 118 4 3 0 7 6 2 9 59 5 5 1 4 2 0 1 14 5 1 1 4 6 7 4 29 1 5 0 1 2 0 0 3 2 0 0 0 0 1 1 4 2 2 0 3 0 1 0 6 3 2 0 8 2 12 1 30 52 78 7 97 1 3 6 53 2 5 1 3 0 10 2 34 5 9 2 14 2 3 1 15 2 5 1 9 5 31 10 64 50 99 3 61 8 14 8 44 4 0 0 1 0 10 2 29 66 48 1 22 7 9 4 57 41 27 2 21 18 59 25 209 21769 19 28 18 17 2 16 22 21 0 5 5 19 3 23 31 11 1 3 3 6 0 1 0 16 3 3 2 39 4 54 24 17 6 6 0 3 0 2 1 2 0 2 0 7 1 2 1 20 1 5 1 2 0 4 0 27 3 1 2 91 5 25 15 15 3 4 5 3 2 2 4 3 0 0 1 1 0 3 5 4 0 2 0 1 0 0 3 2 0 0 0 4 0 10 7 22 4 1 2 2 2 2 4 7 0 0 2 4 0 1 5 47 6 4 7 3 1 5 12 61 2 3 3 32 5 23 36 24 20 4 30 3 2 4 33 1 0 0 0 2 3 2 13 6 4 0 3 1 1 2 6 5 1 0 2 0 4 3 11 3 10 0 2 0 2 0 1 0 0 0 0 0 1 0 2 4 3 0 1 0 0 0 4 4 3 2 3 4 3 3 9 18 55 3 45 1 5 2 18 1 0 0 6 4 1 2 11 7 4 2 4 0 0 1 6 3 3 0 8 3 12 6 31 45 83 2 46 5 8 0 15 1 5 1 5 2 5 1 19 90 54 7 21 8 11 3 49 47 22 8 15 31 38 18 136 20285 14 54 32 34 3 39 56 48 9 3 2 46 7 77 87 25 4 2 5 4 0 5 3 34 4 6 7 100 10 119 54 36 3 7 2 7 0 4 3 4 2 2 0 7 2 4 2 29 3 0 5 6 3 0 3 71 11 1 3 115 16 71 27 20 1 3 4 2 0 4 5 2 2 0 2 7 0 5 13 3 0 1 2 1 0 1 0 2 1 0 1 6 2 8 6 29 6 0 4 5 0 3 6 2 1 1 0 4 2 3 6 83 11 5 3 6 1 9 19 129 7 4 9 64 12 28 54 35 22 2 61 4 5 5 62 2 2 0 4 2 5 1 33 4 3 2 7 0 0 2 13 4 3 2 3 1 5 2 29 3 4 1 2 0 0 0 5 2 0 0 1 1 0 0 1 9 3 0 3 0 2 1 4 6 10 0 6 4 7 2 29 21 67 9 117 3 6 3 52 5 2 1 2 1 3 7 30 8 4 1 12 1 1 3 7 4 6 1 6 4 25 5 75 32 67 1 48 2 11 4 25 4 4 0 4 3 4 4 28 123 52 1 28 6 8 7 44 67 32 1 34 26 75 20 194 4
22433 10 26 9 8 0 9 24 8 0 1 3 12 2 14 23 10 4 0 1 1 1 1 1 12 2 3 4 38 6 67 18 20 3 6 0 6 0 4 0 1 1 0 0 6 0 2 0 12 1 1 0 4 3 0 1 25 3 0 0 72 6 30 9 15 2 2 3 1 1 1 1 1 0 0 0 2 0 2 2 3 1 0 0 1 0 1 0 2 0 0 1 2 1 3 5 14 3 3 0 0 1 0 1 1 0 1 0 2 0 1 4 10 2 0 0 1 0 1 2 27 4 0 0 20 5 6 14 9 15 2 38 2 2 2 28 1 0 0 2 2 1 0 17 0 1 0 3 0 1 0 3 0 0 0 1 2 7 1 7 2 6 0 5 0 1 0 1 0 0 0 0 0 1 0 2 1 1 0 0 0 0 0 2 3 2 0 1 4 5 3 16 16 55 6 93 2 7 3 36 0 1 0 4 0 8 2 14 1 7 0 5 0 1 0 5 0 6 0 6 2 21 0 30 31 55 5 32 3 14 1 8 1 2 0 0 3 16 1 17 15 24 1 10 2 3 1 10 9 7 2 18 9 30 11 111 22600 9 13 15 7 0 17 19 14 0 0 1 19 3 23 20 9 2 0 4 3 1 2 2 14 1 2 1 38 3 53 26 20 3 3 2 0 1 2 2 2 0 0 1 3 0 1 3 7 2 2 0 0 3 1 3 21 0 3 3 43 7 31 8 8 0 4 3 3 0 0 2 1 0 0 0 0 0 1 3 2 0 0 0 0 0 0 0 0 1 1 0 4 1 3 3 14 0 1 1 1 0 0 4 0 1 0 0 2 0 4 1 21 1 2 3 1 0 0 5 29 0 1 4 16 4 7 19 14 14 3 24 1 2 2 26 1 1 0 1 3 3 0 18 1 0 0 3 0 0 0 6 0 0 0 2 1 5 1 7 2 2 0 1 0 2 0 2 1 0 0 0 0 2 0 1 1 1 0 1 0 1 0 3 1 4 0 1 0 5 0 15 9 45 0 72 2 6 3 11 0 2 0 5 1 6 3 16 1 0 0 5 0 0 0 7 2 1 1 5 3 23 3 43 21 51 1 30 5 4 1 8 1 2 0 2 2 4 1 12 13 22 0 9 4 4 1 15 16 9 0 6 13 19 9 104 21548 16 24 29 15 3 25 34 12 1 5 5 22 4 39 55 13 8 5 1 6 0 2 3 22 2 4 3 52 6 67 37 42 3 6 2 2 0 0 2 3 0 1 0 7 0 2 0 17 2 3 0 1 0 4 1 35 3 5 1 92 12 47 15 19 8 3 3 3 1 2 6 1 0 0 1 3 0 6 2 5 0 0 0 0 1 1 1 3 0 1 1 5 1 4 7 25 4 0 3 4 0 2 3 2 0 0 1 5 0 4 7 24 0 1 1 2 1 1 4 31 2 3 2 36 5 11 11 16 27 1 49 4 2 1 42 2 2 0 1 0 2 1 24 2 2 1 3 1 0 0 3 3 1 0 6 1 4 1 17 5 8 1 5 0 1 0 2 0 1 0 0 1 1 0 3 4 7 0 5 0 1 0 2 0 2 1 2 3 6 2 21 31 71 8 110 2 9 4 47 1 0 0 2 2 2 3 26 4 6 0 11 0 4 2 6 5 7 1 6 7 15 5 55 39 85 4 56 6 6 1 23 1 1 1 6 3 8 1 23 56 47 3 24 8 7 2 17 17 24 3 20 20 47 13 143 22192 7 31 12 12 1 19 24 13 1 0 2 22 6 48 35 9 0 2 0 5 0 3 6 14 0 2 0 49 7 73 35 26 1 6 4 0 0 1 1 3 0 0 1 2 0 1 1 10 3 3 0 3 0 2 4 20 1 1 1 87 8 44 13 12 3 3 3 1 0 0 1 1 0 0 0 3 0 3 2 5 0 1 1 0 0 0 1 1 0 0 0 2 2 9 5 12 4 2 2 1 0 1 1 1 0 0 0 0 2 5 4 17 4 1 2 2 1 1 4 31 1 3 2 20 5 12 20 13 20 3 39 1 4 3 49 0 0 0 0 2 1 0 13 1 0 0 3 1 0 1 6 0 1 0 1 3 2 3 22 0 2 0 0 1 0 0 1 0 0 0 0 1 0 0 2 1 1 1 1 1 0 0 3 1 1 0 5 3 5 3 13 21 46 7 60 1 6 2 31 0 3 0 2 0 6 4 12 1 3 0 5 0 2 0 5 3 5 0 5 4 23 3 32 32 62 3 35 5 8 2 16 0 2 0 1 0 5 2 8 24 32 1 12 3 4 1 22 16 10 2 17 13 37 13 114 4
21790 12 24 29 17 5 25 40 24 3 3 4 17 1 36 50 14 1 3 1 7 2 4 4 18 5 8 1 38 6 62 35 34 8 3 1 3 0 2 1 3 0 0 0 3 0 1 3 16 4 2 5 1 1 0 9 36 2 6 3 31 4 25 16 12 2 0 2 3 0 3 1 4 0 1 0 3 1 7 2 2 2 0 0 0 0 0 3 1 0 1 0 4 1 7 3 14 6 2 4 3 1 3 2 1 0 1 0 1 1 1 7 44 5 1 2 5 2 3 22 44 4 3 5 21 1 22 34 31 25 1 35 3 2 0 65 4 1 2 2 2 1 1 36 4 0 0 6 1 0 1 5 1 0 0 3 3 1 3 17 5 5 0 1 0 2 0 6 1 0 0 0 0 0 1 5 1 3 1 3 0 0 0 4 1 3 1 8 2 1 2 13 21 48 5 67 7 2 2 30 5 1 0 1 1 3 4 23 5 8 0 6 0 3 1 4 2 7 0 5 3 15 5 43 45 72 4 33 6 9 1 15 0 3 0 2 3 10 4 9 51 27 2 17 6 8 2 49 25 10 1 13 16 39 22 131 21164 20 24 29 15 5 30 47 35 1 8 8 24 4 36 84 13 1 3 3 1 1 2 7 26 1 4 2 74 8 39 34 43 0 8 5 5 0 6 0 3 0 0 0 4 0 4 5 21 2 4 1 4 2 7 4 51 4 2 5 153 16 61 20 15 4 7 2 1 1 3 6 2 0 0 2 3 0 4 6 1 0 0 0 0 1 2 1 3 0 0 0 6 3 7 5 30 3 2 4 6 0 4 4 0 1 0 0 3 1 3 6 43 3 3 3 6 0 2 22 35 5 0 4 42 5 9 44 31 28 4 37 4 3 2 54 4 3 0 1 0 4 3 36 6 2 0 6 0 1 0 3 1 1 0 5 3 10 2 27 4 4 0 3 2 1 0 2 2 0 0 1 1 0 0 4 2 1 0 2 0 0 1 3 2 4 0 5 2 11 0 21 25 75 4 88 4 7 4 42 1 1 1 1 4 6 2 23 3 9 0 9 0 1 0 6 2 16 0 3 8 34 6 42 34 80 1 62 5 8 3 25 1 1 1 0 1 6 3 22 58 28 2 20 4 2 6 37 21 30 1 20 23 84 17 166 23507 1 5 2 1 0 4 0 0 0 0 1 5 1 3 0 0 1 1 1 0 0 1 0 3 0 0 0 26 1 23 3 10 2 3 0 1 0 0 1 0 0 0 1 0 0 0 0 4 1 0 0 0 0 1 0 1 0 0 0 42 2 14 2 2 2 2 3 0 0 0 0 0 0 0 0 0 0 0 1 0 1 0 0 0 0 1 0 1 0 1 1 1 4 1 0 0 0 3 1 0 0 1 0 0 0 0 0 0 0 0 0 2 1 0 0 0 0 0 1 3 0 0 1 7 3 7 5 3 1 0 6 0 2 0 0 1 0 0 0 0 0 0 1 0 1 0 1 0 0 0 0 1 2 0 0 0 1 1 3 2 0 0 1 0 0 0 0 0 0 0 1 0 0 0 0 0 0 0 0 1 1 0 0 0 0 0 0 0 3 0 2 1 33 0 30 0 4 0 4 1 2 0 0 0 1 1 6 0 3 0 1 0 0 0 0 0 4 0 2 4 16 4 14 11 28 0 24 1 4 0 7 0 1 0 1 2 4 0 10 5 13 0 7 1 2 0 4 5 7 0 5 2 36 6 46 22118 3 30 13 6 1 19 30 7 0 0 1 15 2 23 21 5 2 1 1 3 0 3 2 15 2 2 1 66 4 49 16 33 2 8 0 3 1 3 3 1 0 0 0 2 0 1 2 25 1 2 0 5 0 1 1 43 2 3 1 94 8 40 12 5 3 3 0 0 0 0 0 1 0 0 0 0 0 3 5 1 1 0 0 1 0 0 0 4 0 2 0 7 0 8 2 28 3 1 0 2 0 0 4 1 0 0 0 1 1 1 0 61 1 4 3 1 1 1 5 60 4 0 1 30 5 7 10 13 10 3 30 2 1 0 26 1 2 0 1 0 2 2 21 0 1 0 3 0 1 0 3 3 1 0 1 0 8 0 14 1 4 0 0 0 0 0 1 0 0 0 0 0 0 0 0 0 1 0 0 0 0 0 1 0 1 0 4 3 10 2 12 16 62 3 66 0 4 3 21 1 5 0 2 0 3 0 12 2 2 0 8 0 2 1 4 5 6 0 5 4 29 6 64 25 78 0 40 3 6 1 8 3 1 0 1 2 5 1 8 50 25 0 14 2 3 1 12 39 28 0 9 24 67 12 96 4
22733 10 14 15 9 5 10 58 13 1 1 1 13 1 26 55 7 2 1 3 1 1 1 1 20 0 0 0 16 3 29 25 22 2 1 1 0 2 1 2 1 0 1 1 2 0 2 1 13 2 0 1 1 0 1 4 14 2 0 1 11 3 9 15 3 4 4 3 1 0 0 6 2 0 0 0 1 0 5 3 0 0 0 0 0 0 0 0 1 1 1 0 0 0 2 2 16 1 0 1 2 0 1 1 0 0 0 0 1 0 0 3 20 3 1 1 3 0 2 18 21 5 0 5 9 4 4 22 25 22 1 31 4 1 5 64 1 4 0 2 0 2 0 30 3 0 0 1 0 0 0 6 2 1 0 3 0 3 1 15 2 2 0 2 0 0 0 3 1 0 0 0 0 0 0 4 0 1 0 2 2 0 0 1 0 2 0 2 1 1 0 8 9 19 1 24 0 2 1 30 0 0 0 1 2 3 1 18 0 3 0 4 0 2 0 4 1 2 0 1 3 6 4 13 34 35 2 10 3 5 1 17 1 1 0 0 2 5 3 14 40 14 1 10 5 4 3 18 7 6 1 7 8 13 7 63 21393 19 33 29 16 2 18 40 24 2 4 4 23 2 34 75 12 1 2 3 3 0 5 7 18 2 4 3 67 12 75 34 40 1 11 3 3 0 3 5 1 1 0 0 8 0 2 4 33 1 3 4 6 0 2 1 48 6 5 2 80 8 53 17 15 4 1 1 4 0 2 3 1 0 0 0 2 2 1 4 2 0 0 0 0 0 0 1 6 0 0 0 5 3 8 5 32 1 3 2 2 0 1 1 9 0 0 1 6 0 1 4 45 5 2 2 8 0 5 17 57 6 1 6 31 2 13 32 28 20 3 37 2 5 3 41 7 1 0 0 0 2 2 36 4 1 0 6 1 0 1 5 1 1 0 2 3 7 2 19 3 5 0 2 0 1 0 4 0 0 0 0 0 0 0 3 1 2 0 3 1 0 0 2 4 1 0 3 2 9 2 19 34 66 5 91 2 6 2 34 2 3 0 4 0 7 4 27 5 7 1 6 0 1 0 9 3 6 0 8 4 33 8 74 38 72 1 49 6 12 3 15 1 3 0 2 1 11 4 17 48 24 1 15 3 7 4 34 19 24 2 19 16 82 13 142 23109 5 5 6 3 2 9 19 12 1 1 0 7 1 10 25 8 2 1 3 4 0 3 4 8 0 0 0 11 1 15 3 8 0 3 0 0 0 0 1 0 0 0 0 1 0 1 0 7 2 1 0 2 1 3 3 12 3 0 3 23 1 10 4 5 2 1 2 1 1 2 2 1 0 0 0 3 0 1 3 1 0 0 1 1 0 1 1 2 1 1 2 1 2 2 3 4 2 0 1 0 1 1 4 1 0 0 1 1 2 1 1 27 2 0 2 2 1 3 10 25 1 2 1 14 2 5 13 9 8 1 10 0 0 0 11 1 1 0 1 1 2 0 7 4 3 1 1 1 0 0 2 1 0 0 2 1 1 0 7 3 1 0 0 0 0 0 1 0 1 0 0 0 1 0 2 4 1 0 3 0 0 0 2 0 1 1 2 1 2 1 6 4 21 4 20 3 2 0 4 0 1 0 1 0 2 1 7 0 3 0 2 1 0 0 1 0 0 0 1 2 4 5 13 32 30 1 14 3 5 1 5 1 2 0 3 1 1 2 10 53 21 0 9 6 1 4 18 21 6 0 13 7 20 12 76 21670 6 37 22 9 4 21 35 13 1 3 2 16 0 27 34 10 3 4 3 0 0 1 2 17 3 1 0 78 6 57 13 37 3 3 1 2 1 1 2 0 0 0 1 3 0 2 0 27 3 0 0 3 1 3 0 58 2 0 1 112 15 51 19 10 1 5 1 2 0 1 4 2 0 2 2 3 0 2 7 3 0 1 0 0 0 0 1 1 0 0 0 3 2 5 4 26 3 3 1 2 0 1 1 1 1 0 1 4 0 1 2 78 3 3 6 3 0 1 16 77 6 0 2 43 5 19 15 15 17 3 34 5 0 2 32 3 1 0 1 1 1 3 25 1 1 1 2 0 0 1 1 2 1 0 2 5 3 2 15 1 3 0 1 0 0 0 2 2 0 0 1 2 2 0 0 0 2 0 1 0 0 0 1 0 4 0 0 2 9 1 14 22 55 6 74 0 5 0 20 1 1 0 2 1 5 0 12 2 2 1 11 1 0 0 9 2 6 0 8 7 44 7 51 42 78 1 36 3 8 3 19 0 3 0 1 0 6 1 11 78 36 4 12 2 4 2 17 41 31 2 16 25 76 6 147 4
20872 15 26 20 21 3 36 60 53 10 10 5 35 7 50 118 21 5 5 4 1 2 4 8 29 4 6 4 36 8 97 59 13 4 2 8 3 3 3 3 6 0 1 0 8 4 1 4 24 2 3 1 8 0 2 6 28 5 7 4 35 6 35 31 23 3 2 7 1 1 1 7 10 1 0 1 3 1 6 13 3 1 0 0 1 0 1 1 5 2 0 0 4 1 8 6 22 4 4 1 2 2 1 8 8 3 0 0 2 2 4 11 53 7 2 13 4 1 6 26 76 12 4 6 43 8 26 69 64 22 3 44 6 5 11 102 5 2 0 4 5 3 2 55 3 2 0 4 1 2 0 14 1 1 1 3 4 6 1 28 4 4 1 3 1 1 0 2 0 1 0 2 0 0 0 1 9 2 0 8 0 0 0 14 6 3 0 6 2 5 4 27 27 43 2 64 0 4 4 65 5 4 0 2 2 4 2 34 2 5 1 6 4 1 0 12 0 0 1 4 3 6 6 40 35 49 3 41 4 10 3 28 5 2 0 4 3 1 3 25 107 51 3 31 9 6 9 65 41 24 3 17 23 34 22 168 20519 26 25 37 20 6 37 52 42 4 3 7 35 7 61 116 14 2 6 4 1 3 5 11 30 1 1 5 54 9 83 62 25 4 4 7 4 0 0 5 4 0 0 0 4 0 5 3 31 4 1 6 5 2 4 6 51 6 5 6 79 13 36 30 32 6 8 4 1 2 2 9 4 0 0 0 1 2 8 9 4 2 1 0 1 2 2 1 9 1 1 0 7 0 3 10 31 3 1 5 2 0 2 10 6 0 0 3 5 0 3 6 61 7 5 7 7 1 8 19 74 11 3 14 40 1 32 60 39 30 8 57 9 4 11 138 6 2 1 5 3 5 7 51 2 3 0 12 1 2 1 12 3 0 1 1 2 1 5 39 6 4 1 4 1 1 0 2 0 0 0 2 0 0 1 7 6 4 1 3 0 0 0 7 6 3 0 4 2 12 2 22 37 45 8 93 4 11 2 64 5 5 1 4 4 8 2 30 5 14 1 7 1 0 0 10 2 1 0 6 3 25 7 52 49 66 3 47 3 11 4 35 5 2 2 1 5 6 3 24 72 48 7 20 9 10 7 76 36 24 4 24 22 47 33 208 21068 20 24 23 12 1 24 47 64 4 5 4 25 2 28 56 26 2 2 1 1 0 2 3 33 1 4 5 46 2 54 40 26 2 4 2 8 0 4 2 6 0 0 0 5 0 2 3 26 3 1 1 4 0 2 9 65 3 2 4 74 5 40 30 18 2 1 2 2 0 2 4 7 1 1 1 3 1 10 6 3 0 1 1 4 1 0 4 1 0 3 2 7 2 6 4 23 5 1 1 1 0 0 3 7 2 0 2 7 1 2 13 68 8 10 8 7 3 6 20 114 11 5 10 69 16 24 79 50 22 1 39 6 1 5 65 7 2 0 3 4 2 6 45 9 3 0 2 0 0 1 12 4 5 1 4 3 4 3 21 1 2 0 2 1 0 0 3 0 0 0 0 0 0 0 5 11 5 0 3 2 0 1 6 0 1 0 1 4 3 4 15 17 38 2 42 6 3 5 38 4 1 1 3 2 3 3 14 3 5 3 5 0 0 0 5 3 3 2 4 10 10 1 24 54 59 3 25 5 5 3 17 1 4 1 2 4 6 3 12 116 43 4 26 7 7 12 91 58 27 4 26 44 39 23 150 20525 26 24 42 28 8 30 74 54 6 7 9 21 5 51 94 26 3 6 6 3 1 6 15 26 8 10 3 40 4 54 45 19 9 1 3 3 0 2 2 7 0 0 0 6 0 1 2 35 2 1 1 5 2 3 5 47 8 1 3 73 6 37 32 26 3 4 7 4 0 3 7 11 0 1 1 6 0 11 10 4 0 2 0 3 0 0 2 6 1 1 1 4 1 8 16 20 5 3 3 5 3 6 9 6 0 1 1 4 1 5 8 81 8 1 9 7 3 12 22 99 12 4 12 66 8 34 63 55 33 5 54 4 7 9 92 8 4 1 6 5 6 3 44 7 3 1 7 0 0 1 11 1 4 0 3 1 1 3 34 8 6 0 4 0 1 1 1 0 1 0 2 0 1 1 2 7 5 1 5 1 0 2 10 4 2 0 7 2 5 4 29 27 41 8 42 2 6 5 57 3 1 1 1 4 6 6 29 7 6 1 1 1 3 1 12 4 2 2 5 7 9 3 33 51 60 2 26 8 10 7 38 8 4 1 1 4 4 3 25 119 63 8 34 19 12 13 67 64 28 7 29 28 34 44 207 4
